pcode,year,junjul_mm,n_pix
NE001004,1981,11.54753589630127,4833
NE001005,1981,43.19792556762695,2074
NE008001,1981,244.79110717773438,17
NE004003,1981,166.7501678466797,357
NE003004,1981,256.0987548828125,300
NE003002,1981,290.18585205078125,53
NE007004,1981,113.93473815917969,698
NE007009,1981,76.45026397705078,806
NE003001,1981,230.9380340576172,105
NE004008,1981,154.1309814453125,218
NE003007,1981,225.905517578125,90
NE002003,1981,140.1044464111328,268
NE005010,1981,58.86273193359375,1005
NE005008,1981,220.03292846679688,50
NE001002,1981,27.74652099609375,2096
NE001001,1981,67.99836730957031,1741
NE003008,1981,273.70294189453125,93
NE006010,1981,275.5010986328125,213
NE003003,1981,199.06561279296875,279
NE005011,1981,100.1380386352539,371
NE004009,1981,166.1132354736328,178
NE004005,1981,182.23768615722656,157
NE005002,1981,174.6034393310547,102
NE005003,1981,223.61520385742188,106
NE001006,1981,53.344032287597656,1062
NE006011,1981,165.85086059570312,314
NE006008,1981,228.89663696289062,304
NE005012,1981,100.6905288696289,593
NE004004,1981,218.80885314941406,33
NE002006,1981,76.11066436767578,330
NE004002,1981,144.37542724609375,192
NE006007,1981,177.1692657470703,141
NE005005,1981,194.78912353515625,125
NE005009,1981,140.46218872070312,389
NE004007,1981,186.42764282226562,1
NE004001,1981,185.95225524902344,58
NE007003,1981,212.82298278808594,145
NE004006,1981,194.18675231933594,125
NE006004,1981,124.70890808105469,214
NE006002,1981,122.7222671508789,100
NE003005,1981,225.08407592773438,51
NE007006,1981,225.8841094970703,131
NE005004,1981,180.42091369628906,124
NE007007,1981,161.8631591796875,123
NE006009,1981,157.81259155273438,488
NE006003,1981,203.33673095703125,44
NE002002,1981,114.06556701660156,180
NE006013,1981,246.09521484375,202
NE005007,1981,213.14276123046875,151
NE006001,1981,127.54924011230469,429
NE002005,1981,16.87556266784668,3920
NE007005,1981,221.15000915527344,74
NE007001,1981,118.63091278076172,309
NE005006,1981,157.08261108398438,124
NE007002,1981,90.28885650634766,173
NE006012,1981,143.18621826171875,170
NE006006,1981,179.3112335205078,350
NE001003,1981,3.4862899780273438,9604
NE007008,1981,137.79542541503906,112
NE007010,1981,26.771726608276367,2333
NE003006,1981,311.22064208984375,82
NE005013,1981,147.49267578125,25
NE005001,1981,114.78719329833984,464
NE007011,1981,153.0390625,16
NE006005,1981,171.46839904785156,48
NE002004,1981,121.79804992675781,252
NE002001,1981,92.58613586425781,59
NE001004,1982,7.770194053649902,4833
NE001005,1982,20.722566604614258,2074
NE008001,1982,135.85214233398438,17
NE004003,1982,96.35542297363281,357
NE003004,1982,183.22225952148438,300
NE003002,1982,194.24331665039062,53
NE007004,1982,107.64153289794922,698
NE007009,1982,61.1849365234375,806
NE003001,1982,146.04055786132812,105
NE004008,1982,117.13363647460938,218
NE003007,1982,141.89999389648438,90
NE002003,1982,93.67420959472656,268
NE005010,1982,30.656692504882812,1005
NE005008,1982,164.50360107421875,50
NE001002,1982,10.15510368347168,2096
NE001001,1982,30.30136489868164,1741
NE003008,1982,192.233642578125,93
NE006010,1982,220.3485565185547,213
NE003003,1982,155.81761169433594,279
NE005011,1982,68.41128540039062,371
NE004009,1982,133.69189453125,178
NE004005,1982,107.04918670654297,157
NE005002,1982,143.1919403076172,102
NE005003,1982,197.3101348876953,106
NE001006,1982,23.067365646362305,1062
NE006011,1982,129.24087524414062,314
NE006008,1982,128.87847900390625,304
NE005012,1982,78.4976577758789,593
NE004004,1982,146.4816131591797,33
NE002006,1982,28.90712547302246,330
NE004002,1982,70.7897720336914,192
NE006007,1982,151.96803283691406,141
NE005005,1982,136.84776306152344,125
NE005009,1982,108.66838073730469,389
NE004007,1982,127.61965942382812,1
NE004001,1982,140.92144775390625,58
NE007003,1982,141.88609313964844,145
NE004006,1982,129.00099182128906,125
NE006004,1982,90.74592590332031,214
NE006002,1982,83.7819595336914,100
NE003005,1982,199.33480834960938,51
NE007006,1982,170.22328186035156,131
NE005004,1982,127.7147445678711,124
NE007007,1982,154.07371520996094,123
NE006009,1982,102.19696044921875,488
NE006003,1982,118.83075714111328,44
NE002002,1982,53.49977111816406,180
NE006013,1982,172.07994079589844,202
NE005007,1982,117.05256652832031,151
NE006001,1982,103.73995971679688,429
NE002005,1982,7.909500598907471,3920
NE007005,1982,156.16580200195312,74
NE007001,1982,56.809505462646484,309
NE005006,1982,139.4542999267578,124
NE007002,1982,109.80296325683594,173
NE006012,1982,114.14535522460938,170
NE006006,1982,113.23157501220703,350
NE001003,1982,2.959373950958252,9604
NE007008,1982,124.9705810546875,112
NE007010,1982,21.192636489868164,2333
NE003006,1982,209.192626953125,82
NE005013,1982,98.12664031982422,25
NE005001,1982,76.45771789550781,464
NE007011,1982,154.11981201171875,16
NE006005,1982,128.0904998779297,48
NE002004,1982,60.5899772644043,252
NE002001,1982,29.059221267700195,59
NE001004,1983,7.590245246887207,4833
NE001005,1983,31.01946258544922,2074
NE008001,1983,246.7322998046875,17
NE004003,1983,144.26443481445312,357
NE003004,1983,239.5143280029297,300
NE003002,1983,215.12115478515625,53
NE007004,1983,105.21920013427734,698
NE007009,1983,65.43273162841797,806
NE003001,1983,236.63720703125,105
NE004008,1983,149.69586181640625,218
NE003007,1983,230.75399780273438,90
NE002003,1983,58.157955169677734,268
NE005010,1983,34.36890411376953,1005
NE005008,1983,147.47454833984375,50
NE001002,1983,12.652959823608398,2096
NE001001,1983,51.00738525390625,1741
NE003008,1983,212.37635803222656,93
NE006010,1983,251.09268188476562,213
NE003003,1983,164.9384765625,279
NE005011,1983,70.54608154296875,371
NE004009,1983,136.57911682128906,178
NE004005,1983,174.42877197265625,157
NE005002,1983,124.83797454833984,102
NE005003,1983,144.1882781982422,106
NE001006,1983,36.15191650390625,1062
NE006011,1983,112.78803253173828,314
NE006008,1983,235.84300231933594,304
NE005012,1983,74.7857666015625,593
NE004004,1983,173.562255859375,33
NE002006,1983,38.31806182861328,330
NE004002,1983,110.18488311767578,192
NE006007,1983,181.49827575683594,141
NE005005,1983,135.7290802001953,125
NE005009,1983,107.95507049560547,389
NE004007,1983,175.9759979248047,1
NE004001,1983,181.3580780029297,58
NE007003,1983,183.49436950683594,145
NE004006,1983,187.47958374023438,125
NE006004,1983,95.33150482177734,214
NE006002,1983,73.95089721679688,100
NE003005,1983,225.83798217773438,51
NE007006,1983,168.20179748535156,131
NE005004,1983,140.0650634765625,124
NE007007,1983,146.7898712158203,123
NE006009,1983,144.17434692382812,488
NE006003,1983,209.33950805664062,44
NE002002,1983,49.42390441894531,180
NE006013,1983,239.6990966796875,202
NE005007,1983,158.88983154296875,151
NE006001,1983,117.48828887939453,429
NE002005,1983,9.190057754516602,3920
NE007005,1983,138.21908569335938,74
NE007001,1983,76.09552001953125,309
NE005006,1983,132.4447784423828,124
NE007002,1983,115.60122680664062,173
NE006012,1983,128.4817352294922,170
NE006006,1983,172.58172607421875,350
NE001003,1983,3.267648935317993,9604
NE007008,1983,114.8133544921875,112
NE007010,1983,25.33213996887207,2333
NE003006,1983,257.6317138671875,82
NE005013,1983,104.98007202148438,25
NE005001,1983,89.31913757324219,464
NE007011,1983,136.33432006835938,16
NE006005,1983,102.64971160888672,48
NE002004,1983,44.5998420715332,252
NE002001,1983,40.581424713134766,59
NE001004,1984,6.71816349029541,4833
NE001005,1984,21.837854385375977,2074
NE008001,1984,103.86153411865234,17
NE004003,1984,73.54680633544922,357
NE003004,1984,140.8524627685547,300
NE003002,1984,134.96774291992188,53
NE007004,1984,50.815269470214844,698
NE007009,1984,23.775983810424805,806
NE003001,1984,131.7985076904297,105
NE004008,1984,83.47267150878906,218
NE003007,1984,116.87481689453125,90
NE002003,1984,59.33392333984375,268
NE005010,1984,25.67375946044922,1005
NE005008,1984,98.00132751464844,50
NE001002,1984,11.318719863891602,2096
NE001001,1984,22.880102157592773,1741
NE003008,1984,123.82206726074219,93
NE006010,1984,181.30677795410156,213
NE003003,1984,103.3521957397461,279
NE005011,1984,36.49110794067383,371
NE004009,1984,95.37910461425781,178
NE004005,1984,110.5865707397461,157
NE005002,1984,83.94927978515625,102
NE005003,1984,109.84734344482422,106
NE001006,1984,17.54116439819336,1062
NE006011,1984,63.92426300048828,314
NE006008,1984,104.3417739868164,304
NE005012,1984,44.42882537841797,593
NE004004,1984,137.91143798828125,33
NE002006,1984,37.238189697265625,330
NE004002,1984,49.542572021484375,192
NE006007,1984,94.89368438720703,141
NE005005,1984,103.55404663085938,125
NE005009,1984,70.66898345947266,389
NE004007,1984,127.50326538085938,1
NE004001,1984,120.99455261230469,58
NE007003,1984,129.9757843017578,145
NE004006,1984,140.24160766601562,125
NE006004,1984,40.192447662353516,214
NE006002,1984,29.490739822387695,100
NE003005,1984,173.23973083496094,51
NE007006,1984,168.87171936035156,131
NE005004,1984,85.63640594482422,124
NE007007,1984,117.77276611328125,123
NE006009,1984,57.17639923095703,488
NE006003,1984,100.88866424560547,44
NE002002,1984,57.32101821899414,180
NE006013,1984,149.12744140625,202
NE005007,1984,90.76512145996094,151
NE006001,1984,60.84143829345703,429
NE002005,1984,7.981914043426514,3920
NE007005,1984,155.12135314941406,74
NE007001,1984,32.87873840332031,309
NE005006,1984,79.28510284423828,124
NE007002,1984,53.55812072753906,173
NE006012,1984,50.26408386230469,170
NE006006,1984,86.67086791992188,350
NE001003,1984,2.898813247680664,9604
NE007008,1984,81.86148834228516,112
NE007010,1984,12.020950317382812,2333
NE003006,1984,148.43038940429688,82
NE005013,1984,75.05139923095703,25
NE005001,1984,44.46553421020508,464
NE007011,1984,108.37200927734375,16
NE006005,1984,58.95601272583008,48
NE002004,1984,55.2907600402832,252
NE002001,1984,53.854244232177734,59
NE001004,1985,7.424899578094482,4833
NE001005,1985,28.088483810424805,2074
NE008001,1985,156.36074829101562,17
NE004003,1985,97.94974517822266,357
NE003004,1985,194.76979064941406,300
NE003002,1985,187.98480224609375,53
NE007004,1985,103.49578857421875,698
NE007009,1985,77.14655303955078,806
NE003001,1985,172.52284240722656,105
NE004008,1985,107.33722686767578,218
NE003007,1985,155.338134765625,90
NE002003,1985,116.07452392578125,268
NE005010,1985,42.35966873168945,1005
NE005008,1985,123.41639709472656,50
NE001002,1985,14.938220977783203,2096
NE001001,1985,43.88871383666992,1741
NE003008,1985,174.96348571777344,93
NE006010,1985,217.19436645507812,213
NE003003,1985,145.4182586669922,279
NE005011,1985,74.07344055175781,371
NE004009,1985,100.18113708496094,178
NE004005,1985,132.48509216308594,157
NE005002,1985,114.10462951660156,102
NE005003,1985,124.91583251953125,106
NE001006,1985,29.415607452392578,1062
NE006011,1985,119.29125213623047,314
NE006008,1985,153.88333129882812,304
NE005012,1985,90.55784606933594,593
NE004004,1985,134.1750946044922,33
NE002006,1985,77.35647583007812,330
NE004002,1985,85.14769744873047,192
NE006007,1985,145.09120178222656,141
NE005005,1985,112.58014678955078,125
NE005009,1985,106.14964294433594,389
NE004007,1985,159.18104553222656,1
NE004001,1985,137.34109497070312,58
NE007003,1985,147.92733764648438,145
NE004006,1985,173.64488220214844,125
NE006004,1985,100.77637481689453,214
NE006002,1985,62.669403076171875,100
NE003005,1985,209.11703491210938,51
NE007006,1985,174.63807678222656,131
NE005004,1985,137.63357543945312,124
NE007007,1985,136.73512268066406,123
NE006009,1985,116.08018493652344,488
NE006003,1985,145.8087158203125,44
NE002002,1985,112.33740997314453,180
NE006013,1985,198.28500366210938,202
NE005007,1985,129.98951721191406,151
NE006001,1985,98.5753402709961,429
NE002005,1985,15.469279289245605,3920
NE007005,1985,127.80248260498047,74
NE007001,1985,70.67037963867188,309
NE005006,1985,125.43953704833984,124
NE007002,1985,87.79703521728516,173
NE006012,1985,102.83875274658203,170
NE006006,1985,126.53923797607422,350
NE001003,1985,3.015200138092041,9604
NE007008,1985,90.38016510009766,112
NE007010,1985,26.924720764160156,2333
NE003006,1985,243.52330017089844,82
NE005013,1985,102.64896392822266,25
NE005001,1985,86.8825912475586,464
NE007011,1985,123.66651153564453,16
NE006005,1985,108.71414184570312,48
NE002004,1985,89.79183197021484,252
NE002001,1985,105.13386535644531,59
NE001004,1986,8.317611694335938,4833
NE001005,1986,46.31753158569336,2074
NE008001,1986,133.7735595703125,17
NE004003,1986,144.55348205566406,357
NE003004,1986,217.757568359375,300
NE003002,1986,243.7736358642578,53
NE007004,1986,107.80204772949219,698
NE007009,1986,93.07903289794922,806
NE003001,1986,178.0205535888672,105
NE004008,1986,175.48721313476562,218
NE003007,1986,163.90478515625,90
NE002003,1986,108.874267578125,268
NE005010,1986,62.6014289855957,1005
NE005008,1986,169.36036682128906,50
NE001002,1986,15.850658416748047,2096
NE001001,1986,60.68756866455078,1741
NE003008,1986,202.5496063232422,93
NE006010,1986,248.64920043945312,213
NE003003,1986,185.24961853027344,279
NE005011,1986,92.14849090576172,371
NE004009,1986,169.01406860351562,178
NE004005,1986,227.5914306640625,157
NE005002,1986,160.3909149169922,102
NE005003,1986,199.64903259277344,106
NE001006,1986,42.863380432128906,1062
NE006011,1986,109.48377990722656,314
NE006008,1986,147.29905700683594,304
NE005012,1986,101.42219543457031,593
NE004004,1986,208.6192169189453,33
NE002006,1986,77.8831558227539,330
NE004002,1986,119.4166259765625,192
NE006007,1986,129.10227966308594,141
NE005005,1986,180.57455444335938,125
NE005009,1986,144.86593627929688,389
NE004007,1986,288.980712890625,1
NE004001,1986,225.09906005859375,58
NE007003,1986,141.6166534423828,145
NE004006,1986,271.7091064453125,125
NE006004,1986,98.90653991699219,214
NE006002,1986,77.43205261230469,100
NE003005,1986,260.0367126464844,51
NE007006,1986,171.54046630859375,131
NE005004,1986,128.74624633789062,124
NE007007,1986,147.69149780273438,123
NE006009,1986,110.36304473876953,488
NE006003,1986,128.45989990234375,44
NE002002,1986,94.3006591796875,180
NE006013,1986,177.95187377929688,202
NE005007,1986,137.92269897460938,151
NE006001,1986,127.64295959472656,429
NE002005,1986,22.388134002685547,3920
NE007005,1986,168.70790100097656,74
NE007001,1986,111.19365692138672,309
NE005006,1986,158.29891967773438,124
NE007002,1986,118.78840637207031,173
NE006012,1986,95.31952667236328,170
NE006006,1986,139.41009521484375,350
NE001003,1986,3.0084691047668457,9604
NE007008,1986,141.20057678222656,112
NE007010,1986,33.649681091308594,2333
NE003006,1986,293.42193603515625,82
NE005013,1986,156.0178680419922,25
NE005001,1986,119.71336364746094,464
NE007011,1986,150.61932373046875,16
NE006005,1986,96.78087615966797,48
NE002004,1986,86.15833282470703,252
NE002001,1986,98.95773315429688,59
NE001004,1987,8.958884239196777,4833
NE001005,1987,28.561086654663086,2074
NE008001,1987,157.72659301757812,17
NE004003,1987,81.93104553222656,357
NE003004,1987,219.12799072265625,300
NE003002,1987,252.64576721191406,53
NE007004,1987,71.94294738769531,698
NE007009,1987,68.07559204101562,806
NE003001,1987,194.06600952148438,105
NE004008,1987,73.14688110351562,218
NE003007,1987,153.54800415039062,90
NE002003,1987,56.962459564208984,268
NE005010,1987,31.93491554260254,1005
NE005008,1987,117.17387390136719,50
NE001002,1987,14.702258110046387,2096
NE001001,1987,35.654022216796875,1741
NE003008,1987,211.1862335205078,93
NE006010,1987,282.8256530761719,213
NE003003,1987,116.7713623046875,279
NE005011,1987,48.433162689208984,371
NE004009,1987,89.6967544555664,178
NE004005,1987,106.53401184082031,157
NE005002,1987,94.73595428466797,102
NE005003,1987,130.35400390625,106
NE001006,1987,35.58872985839844,1062
NE006011,1987,94.5511703491211,314
NE006008,1987,154.32330322265625,304
NE005012,1987,50.927711486816406,593
NE004004,1987,102.90989685058594,33
NE002006,1987,34.854400634765625,330
NE004002,1987,58.274051666259766,192
NE006007,1987,105.64684295654297,141
NE005005,1987,111.33883666992188,125
NE005009,1987,79.31227111816406,389
NE004007,1987,115.54409790039062,1
NE004001,1987,95.12499237060547,58
NE007003,1987,95.71788787841797,145
NE004006,1987,116.03658294677734,125
NE006004,1987,66.37458801269531,214
NE006002,1987,58.22990798950195,100
NE003005,1987,217.5162811279297,51
NE007006,1987,108.36363983154297,131
NE005004,1987,111.29776763916016,124
NE007007,1987,78.27635192871094,123
NE006009,1987,76.59127044677734,488
NE006003,1987,116.71227264404297,44
NE002002,1987,50.66642761230469,180
NE006013,1987,198.28515625,202
NE005007,1987,124.34159088134766,151
NE006001,1987,61.826995849609375,429
NE002005,1987,7.217299461364746,3920
NE007005,1987,101.253662109375,74
NE007001,1987,54.92985916137695,309
NE005006,1987,101.86797332763672,124
NE007002,1987,64.88093566894531,173
NE006012,1987,67.55023193359375,170
NE006006,1987,78.23434448242188,350
NE001003,1987,2.977099657058716,9604
NE007008,1987,79.676513671875,112
NE007010,1987,19.242630004882812,2333
NE003006,1987,275.6501159667969,82
NE005013,1987,89.94723510742188,25
NE005001,1987,61.57275390625,464
NE007011,1987,77.90682983398438,16
NE006005,1987,88.82706451416016,48
NE002004,1987,51.368072509765625,252
NE002001,1987,36.56407928466797,59
NE001004,1988,9.179776191711426,4833
NE001005,1988,52.01319122314453,2074
NE008001,1988,227.34353637695312,17
NE004003,1988,159.47384643554688,357
NE003004,1988,263.19525146484375,300
NE003002,1988,250.71072387695312,53
NE007004,1988,135.0787811279297,698
NE007009,1988,89.05593872070312,806
NE003001,1988,272.2407531738281,105
NE004008,1988,165.37640380859375,218
NE003007,1988,223.9280548095703,90
NE002003,1988,110.58497619628906,268
NE005010,1988,75.57271575927734,1005
NE005008,1988,214.9966278076172,50
NE001002,1988,21.795066833496094,2096
NE001001,1988,74.5936508178711,1741
NE003008,1988,210.8839111328125,93
NE006010,1988,335.42291259765625,213
NE003003,1988,200.4779052734375,279
NE005011,1988,145.55152893066406,371
NE004009,1988,154.95233154296875,178
NE004005,1988,164.14796447753906,157
NE005002,1988,177.6474609375,102
NE005003,1988,213.59262084960938,106
NE001006,1988,63.18453598022461,1062
NE006011,1988,169.80599975585938,314
NE006008,1988,228.40005493164062,304
NE005012,1988,140.49830627441406,593
NE004004,1988,157.9366455078125,33
NE002006,1988,107.32230377197266,330
NE004002,1988,147.4492950439453,192
NE006007,1988,203.0998992919922,141
NE005005,1988,204.41783142089844,125
NE005009,1988,175.70098876953125,389
NE004007,1988,173.587646484375,1
NE004001,1988,157.21682739257812,58
NE007003,1988,167.91201782226562,145
NE004006,1988,200.0137481689453,125
NE006004,1988,129.30738830566406,214
NE006002,1988,103.71019744873047,100
NE003005,1988,319.1972961425781,51
NE007006,1988,186.02047729492188,131
NE005004,1988,210.49581909179688,124
NE007007,1988,158.40676879882812,123
NE006009,1988,168.114501953125,488
NE006003,1988,217.40716552734375,44
NE002002,1988,140.38864135742188,180
NE006013,1988,261.2936706542969,202
NE005007,1988,188.78050231933594,151
NE006001,1988,142.56747436523438,429
NE002005,1988,26.26841926574707,3920
NE007005,1988,159.049072265625,74
NE007001,1988,110.37958526611328,309
NE005006,1988,218.62840270996094,124
NE007002,1988,120.0657958984375,173
NE006012,1988,154.93516540527344,170
NE006006,1988,165.2410125732422,350
NE001003,1988,3.4070122241973877,9604
NE007008,1988,144.74417114257812,112
NE007010,1988,37.69540786743164,2333
NE003006,1988,318.1748962402344,82
NE005013,1988,195.90184020996094,25
NE005001,1988,155.58822631835938,464
NE007011,1988,158.7860107421875,16
NE006005,1988,159.4430389404297,48
NE002004,1988,113.0541763305664,252
NE002001,1988,122.95099639892578,59
NE001004,1989,8.52631950378418,4833
NE001005,1989,36.2153205871582,2074
NE008001,1989,143.4447784423828,17
NE004003,1989,105.92830657958984,357
NE003004,1989,206.63497924804688,300
NE003002,1989,254.2201690673828,53
NE007004,1989,114.5885009765625,698
NE007009,1989,78.84772491455078,806
NE003001,1989,171.06649780273438,105
NE004008,1989,132.09426879882812,218
NE003007,1989,135.43289184570312,90
NE002003,1989,93.45252990722656,268
NE005010,1989,46.47674560546875,1005
NE005008,1989,216.4466552734375,50
NE001002,1989,15.186349868774414,2096
NE001001,1989,41.17128372192383,1741
NE003008,1989,221.69158935546875,93
NE006010,1989,229.5595245361328,213
NE003003,1989,134.8175506591797,279
NE005011,1989,68.64503479003906,371
NE004009,1989,155.60671997070312,178
NE004005,1989,168.32809448242188,157
NE005002,1989,118.1667251586914,102
NE005003,1989,199.33860778808594,106
NE001006,1989,36.440399169921875,1062
NE006011,1989,121.8554916381836,314
NE006008,1989,145.85760498046875,304
NE005012,1989,78.42344665527344,593
NE004004,1989,202.23336791992188,33
NE002006,1989,44.33960723876953,330
NE004002,1989,90.21623992919922,192
NE006007,1989,139.15301513671875,141
NE005005,1989,183.1739959716797,125
NE005009,1989,98.2532730102539,389
NE004007,1989,211.23876953125,1
NE004001,1989,194.59364318847656,58
NE007003,1989,188.4065399169922,145
NE004006,1989,232.70838928222656,125
NE006004,1989,67.32290649414062,214
NE006002,1989,87.15342712402344,100
NE003005,1989,229.8760223388672,51
NE007006,1989,187.5361328125,131
NE005004,1989,155.7150421142578,124
NE007007,1989,143.691650390625,123
NE006009,1989,102.08535766601562,488
NE006003,1989,120.37859344482422,44
NE002002,1989,81.08454895019531,180
NE006013,1989,163.89686584472656,202
NE005007,1989,181.67942810058594,151
NE006001,1989,63.645362854003906,429
NE002005,1989,8.626113891601562,3920
NE007005,1989,156.37603759765625,74
NE007001,1989,82.79873657226562,309
NE005006,1989,133.9692840576172,124
NE007002,1989,90.7253646850586,173
NE006012,1989,111.1205062866211,170
NE006006,1989,112.01364135742188,350
NE001003,1989,3.0524516105651855,9604
NE007008,1989,129.75106811523438,112
NE007010,1989,23.52509880065918,2333
NE003006,1989,273.5327453613281,82
NE005013,1989,119.39151000976562,25
NE005001,1989,81.32119750976562,464
NE007011,1989,136.1689453125,16
NE006005,1989,113.92001342773438,48
NE002004,1989,78.43778228759766,252
NE002001,1989,49.762611389160156,59
NE001004,1990,7.743546962738037,4833
NE001005,1990,33.72354507446289,2074
NE008001,1990,230.11203002929688,17
NE004003,1990,130.56182861328125,357
NE003004,1990,268.9176940917969,300
NE003002,1990,277.19598388671875,53
NE007004,1990,142.1085968017578,698
NE007009,1990,79.47516632080078,806
NE003001,1990,225.11447143554688,105
NE004008,1990,158.07606506347656,218
NE003007,1990,224.83273315429688,90
NE002003,1990,124.95003509521484,268
NE005010,1990,59.54135513305664,1005
NE005008,1990,198.4903106689453,50
NE001002,1990,15.984277725219727,2096
NE001001,1990,40.85331726074219,1741
NE003008,1990,277.0204772949219,93
NE006010,1990,244.513427734375,213
NE003003,1990,206.9598388671875,279
NE005011,1990,85.04499816894531,371
NE004009,1990,167.16131591796875,178
NE004005,1990,192.0289306640625,157
NE005002,1990,178.93960571289062,102
NE005003,1990,219.1651611328125,106
NE001006,1990,35.782596588134766,1062
NE006011,1990,142.78848266601562,314
NE006008,1990,205.39244079589844,304
NE005012,1990,93.17514038085938,593
NE004004,1990,213.6478271484375,33
NE002006,1990,61.151756286621094,330
NE004002,1990,96.36444854736328,192
NE006007,1990,183.5030517578125,141
NE005005,1990,187.11436462402344,125
NE005009,1990,129.32664489746094,389
NE004007,1990,210.56141662597656,1
NE004001,1990,182.4686279296875,58
NE007003,1990,211.44537353515625,145
NE004006,1990,194.33135986328125,125
NE006004,1990,109.74305725097656,214
NE006002,1990,94.63123321533203,100
NE003005,1990,262.5367431640625,51
NE007006,1990,214.2164306640625,131
NE005004,1990,148.966796875,124
NE007007,1990,166.93240356445312,123
NE006009,1990,155.29904174804688,488
NE006003,1990,185.2568359375,44
NE002002,1990,89.76681518554688,180
NE006013,1990,220.1326141357422,202
NE005007,1990,165.10415649414062,151
NE006001,1990,106.17041778564453,429
NE002005,1990,12.832252502441406,3920
NE007005,1990,190.47042846679688,74
NE007001,1990,87.80760955810547,309
NE005006,1990,148.5295867919922,124
NE007002,1990,130.32334899902344,173
NE006012,1990,132.0955810546875,170
NE006006,1990,147.66287231445312,350
NE001003,1990,3.083862066268921,9604
NE007008,1990,147.49159240722656,112
NE007010,1990,31.62075424194336,2333
NE003006,1990,294.59954833984375,82
NE005013,1990,141.5111541748047,25
NE005001,1990,91.55950927734375,464
NE007011,1990,169.86642456054688,16
NE006005,1990,123.78436279296875,48
NE002004,1990,93.16292572021484,252
NE002001,1990,74.21028900146484,59
NE001004,1991,9.595512390136719,4833
NE001005,1991,35.85981750488281,2074
NE008001,1991,162.3956756591797,17
NE004003,1991,162.90936279296875,357
NE003004,1991,239.3538055419922,300
NE003002,1991,241.80825805664062,53
NE007004,1991,150.36349487304688,698
NE007009,1991,112.66080474853516,806
NE003001,1991,217.26966857910156,105
NE004008,1991,182.35374450683594,218
NE003007,1991,191.44154357910156,90
NE002003,1991,167.4259033203125,268
NE005010,1991,47.709320068359375,1005
NE005008,1991,218.7772979736328,50
NE001002,1991,15.344135284423828,2096
NE001001,1991,54.004676818847656,1741
NE003008,1991,227.27618408203125,93
NE006010,1991,238.5535430908203,213
NE003003,1991,171.7120819091797,279
NE005011,1991,86.24107360839844,371
NE004009,1991,172.86700439453125,178
NE004005,1991,215.48219299316406,157
NE005002,1991,140.83529663085938,102
NE005003,1991,194.31634521484375,106
NE001006,1991,48.73889923095703,1062
NE006011,1991,148.85194396972656,314
NE006008,1991,169.989990234375,304
NE005012,1991,96.50904083251953,593
NE004004,1991,205.4320068359375,33
NE002006,1991,78.17259216308594,330
NE004002,1991,126.11090087890625,192
NE006007,1991,146.78555297851562,141
NE005005,1991,190.8832244873047,125
NE005009,1991,140.42457580566406,389
NE004007,1991,265.3343505859375,1
NE004001,1991,214.2265625,58
NE007003,1991,201.9123077392578,145
NE004006,1991,252.6063232421875,125
NE006004,1991,127.62104034423828,214
NE006002,1991,113.73576354980469,100
NE003005,1991,252.7028045654297,51
NE007006,1991,186.990234375,131
NE005004,1991,189.11093139648438,124
NE007007,1991,155.9109649658203,123
NE006009,1991,139.13156127929688,488
NE006003,1991,140.82566833496094,44
NE002002,1991,123.81615447998047,180
NE006013,1991,187.30406188964844,202
NE005007,1991,190.32717895507812,151
NE006001,1991,109.8092041015625,429
NE002005,1991,13.809452056884766,3920
NE007005,1991,168.2557830810547,74
NE007001,1991,112.00525665283203,309
NE005006,1991,180.32176208496094,124
NE007002,1991,151.51011657714844,173
NE006012,1991,134.2567138671875,170
NE006006,1991,121.05529022216797,350
NE001003,1991,3.152160406112671,9604
NE007008,1991,158.1083984375,112
NE007010,1991,29.19146156311035,2333
NE003006,1991,264.70709228515625,82
NE005013,1991,160.1970672607422,25
NE005001,1991,109.20970916748047,464
NE007011,1991,164.880615234375,16
NE006005,1991,147.41497802734375,48
NE002004,1991,130.57310485839844,252
NE002001,1991,95.86963653564453,59
NE001004,1992,9.625361442565918,4833
NE001005,1992,52.39441680908203,2074
NE008001,1992,222.54208374023438,17
NE004003,1992,143.53872680664062,357
NE003004,1992,240.01364135742188,300
NE003002,1992,281.6911315917969,53
NE007004,1992,125.7984390258789,698
NE007009,1992,86.38645935058594,806
NE003001,1992,202.48924255371094,105
NE004008,1992,132.68258666992188,218
NE003007,1992,197.279052734375,90
NE002003,1992,95.76956939697266,268
NE005010,1992,71.0638198852539,1005
NE005008,1992,164.46038818359375,50
NE001002,1992,20.714675903320312,2096
NE001001,1992,50.50046157836914,1741
NE003008,1992,249.06924438476562,93
NE006010,1992,239.69223022460938,213
NE003003,1992,161.95700073242188,279
NE005011,1992,93.79383087158203,371
NE004009,1992,152.99085998535156,178
NE004005,1992,169.01980590820312,157
NE005002,1992,137.07460021972656,102
NE005003,1992,176.18597412109375,106
NE001006,1992,40.96828842163086,1062
NE006011,1992,120.89875030517578,314
NE006008,1992,188.5390625,304
NE005012,1992,91.59783172607422,593
NE004004,1992,175.29945373535156,33
NE002006,1992,78.9561538696289,330
NE004002,1992,105.23238372802734,192
NE006007,1992,166.52833557128906,141
NE005005,1992,147.95726013183594,125
NE005009,1992,116.23736572265625,389
NE004007,1992,183.11984252929688,1
NE004001,1992,153.39089965820312,58
NE007003,1992,194.9217987060547,145
NE004006,1992,164.72494506835938,125
NE006004,1992,130.6733856201172,214
NE006002,1992,84.64752960205078,100
NE003005,1992,237.58877563476562,51
NE007006,1992,219.1446533203125,131
NE005004,1992,154.59776306152344,124
NE007007,1992,196.08091735839844,123
NE006009,1992,156.4170684814453,488
NE006003,1992,160.21078491210938,44
NE002002,1992,110.8258056640625,180
NE006013,1992,219.4825897216797,202
NE005007,1992,175.14234924316406,151
NE006001,1992,112.80321502685547,429
NE002005,1992,16.697172164916992,3920
NE007005,1992,192.91737365722656,74
NE007001,1992,89.98023986816406,309
NE005006,1992,133.3994598388672,124
NE007002,1992,124.96620178222656,173
NE006012,1992,120.6835708618164,170
NE006006,1992,161.6127166748047,350
NE001003,1992,3.025851249694824,9604
NE007008,1992,162.3316192626953,112
NE007010,1992,25.029598236083984,2333
NE003006,1992,291.9893798828125,82
NE005013,1992,137.94415283203125,25
NE005001,1992,100.942626953125,464
NE007011,1992,196.49130249023438,16
NE006005,1992,120.51009368896484,48
NE002004,1992,93.39744567871094,252
NE002001,1992,87.01960754394531,59
NE001004,1993,7.189684867858887,4833
NE001005,1993,29.5733585357666,2074
NE008001,1993,208.77053833007812,17
NE004003,1993,94.76751708984375,357
NE003004,1993,228.81724548339844,300
NE003002,1993,234.9226531982422,53
NE007004,1993,104.9723892211914,698
NE007009,1993,71.58740234375,806
NE003001,1993,204.83279418945312,105
NE004008,1993,114.44654083251953,218
NE003007,1993,173.5430450439453,90
NE002003,1993,62.10125732421875,268
NE005010,1993,44.12571334838867,1005
NE005008,1993,143.27569580078125,50
NE001002,1993,13.508666038513184,2096
NE001001,1993,38.57693099975586,1741
NE003008,1993,221.18218994140625,93
NE006010,1993,265.5152587890625,213
NE003003,1993,149.72613525390625,279
NE005011,1993,65.22938537597656,371
NE004009,1993,132.88986206054688,178
NE004005,1993,137.8173828125,157
NE005002,1993,118.79904174804688,102
NE005003,1993,146.49319458007812,106
NE001006,1993,24.362056732177734,1062
NE006011,1993,118.93968963623047,314
NE006008,1993,185.58164978027344,304
NE005012,1993,77.17054748535156,593
NE004004,1993,158.47146606445312,33
NE002006,1993,62.81068420410156,330
NE004002,1993,54.44976806640625,192
NE006007,1993,160.69683837890625,141
NE005005,1993,135.41236877441406,125
NE005009,1993,106.95260620117188,389
NE004007,1993,157.12844848632812,1
NE004001,1993,151.45924377441406,58
NE007003,1993,190.85731506347656,145
NE004006,1993,188.53091430664062,125
NE006004,1993,106.1182861328125,214
NE006002,1993,78.71571350097656,100
NE003005,1993,273.520263671875,51
NE007006,1993,203.47763061523438,131
NE005004,1993,114.57489776611328,124
NE007007,1993,174.8803253173828,123
NE006009,1993,124.17092895507812,488
NE006003,1993,159.99664306640625,44
NE002002,1993,84.18865966796875,180
NE006013,1993,210.16162109375,202
NE005007,1993,112.94888305664062,151
NE006001,1993,88.59402465820312,429
NE002005,1993,15.136625289916992,3920
NE007005,1993,172.07681274414062,74
NE007001,1993,66.93458557128906,309
NE005006,1993,107.5966796875,124
NE007002,1993,115.27519989013672,173
NE006012,1993,114.8187255859375,170
NE006006,1993,120.56640625,350
NE001003,1993,3.0014703273773193,9604
NE007008,1993,136.87405395507812,112
NE007010,1993,20.321121215820312,2333
NE003006,1993,283.5575256347656,82
NE005013,1993,118.00279998779297,25
NE005001,1993,61.42390441894531,464
NE007011,1993,165.44586181640625,16
NE006005,1993,111.8056869506836,48
NE002004,1993,55.934932708740234,252
NE002001,1993,78.95642852783203,59
NE001004,1994,8.800536155700684,4833
NE001005,1994,36.07846450805664,2074
NE008001,1994,215.67691040039062,17
NE004003,1994,135.769775390625,357
NE003004,1994,292.0215148925781,300
NE003002,1994,316.6336975097656,53
NE007004,1994,164.82041931152344,698
NE007009,1994,80.71361541748047,806
NE003001,1994,253.19342041015625,105
NE004008,1994,168.49807739257812,218
NE003007,1994,230.67733764648438,90
NE002003,1994,183.60264587402344,268
NE005010,1994,52.96422576904297,1005
NE005008,1994,200.6952362060547,50
NE001002,1994,14.586068153381348,2096
NE001001,1994,47.52730178833008,1741
NE003008,1994,291.14361572265625,93
NE006010,1994,296.20751953125,213
NE003003,1994,221.38645935058594,279
NE005011,1994,102.63575744628906,371
NE004009,1994,149.0082244873047,178
NE004005,1994,212.7998809814453,157
NE005002,1994,198.4493408203125,102
NE005003,1994,214.85040283203125,106
NE001006,1994,40.40903854370117,1062
NE006011,1994,133.16183471679688,314
NE006008,1994,209.15469360351562,304
NE005012,1994,95.69523620605469,593
NE004004,1994,205.3454132080078,33
NE002006,1994,98.4784164428711,330
NE004002,1994,99.86560821533203,192
NE006007,1994,182.94093322753906,141
NE005005,1994,223.32904052734375,125
NE005009,1994,170.77476501464844,389
NE004007,1994,217.41493225097656,1
NE004001,1994,195.77980041503906,58
NE007003,1994,184.94422912597656,145
NE004006,1994,235.02452087402344,125
NE006004,1994,94.12229919433594,214
NE006002,1994,87.93159484863281,100
NE003005,1994,292.43804931640625,51
NE007006,1994,223.5805206298828,131
NE005004,1994,176.84361267089844,124
NE007007,1994,162.650390625,123
NE006009,1994,124.53370666503906,488
NE006003,1994,205.4348602294922,44
NE002002,1994,149.61439514160156,180
NE006013,1994,262.3885803222656,202
NE005007,1994,178.43431091308594,151
NE006001,1994,111.84529876708984,429
NE002005,1994,24.413280487060547,3920
NE007005,1994,222.80125427246094,74
NE007001,1994,87.58878326416016,309
NE005006,1994,200.64852905273438,124
NE007002,1994,137.24594116210938,173
NE006012,1994,127.00186157226562,170
NE006006,1994,179.62094116210938,350
NE001003,1994,3.1660985946655273,9604
NE007008,1994,132.89865112304688,112
NE007010,1994,43.26991653442383,2333
NE003006,1994,312.6740417480469,82
NE005013,1994,202.4732208251953,25
NE005001,1994,126.65489196777344,464
NE007011,1994,143.508056640625,16
NE006005,1994,114.40191650390625,48
NE002004,1994,161.5864715576172,252
NE002001,1994,121.04798889160156,59
NE001004,1995,7.099605083465576,4833
NE001005,1995,24.96327781677246,2074
NE008001,1995,199.6970977783203,17
NE004003,1995,113.53129577636719,357
NE003004,1995,191.8086395263672,300
NE003002,1995,221.0082550048828,53
NE007004,1995,133.77467346191406,698
NE007009,1995,64.95941925048828,806
NE003001,1995,177.11122131347656,105
NE004008,1995,151.114990234375,218
NE003007,1995,188.189453125,90
NE002003,1995,113.14810180664062,268
NE005010,1995,33.72494888305664,1005
NE005008,1995,180.3867645263672,50
NE001002,1995,9.618429183959961,2096
NE001001,1995,36.397552490234375,1741
NE003008,1995,210.76698303222656,93
NE006010,1995,211.91854858398438,213
NE003003,1995,138.4588623046875,279
NE005011,1995,70.00077056884766,371
NE004009,1995,159.73692321777344,178
NE004005,1995,174.00823974609375,157
NE005002,1995,108.00597381591797,102
NE005003,1995,172.33602905273438,106
NE001006,1995,22.38228988647461,1062
NE006011,1995,139.5031280517578,314
NE006008,1995,180.49807739257812,304
NE005012,1995,59.65045928955078,593
NE004004,1995,182.259521484375,33
NE002006,1995,80.05126190185547,330
NE004002,1995,69.72908782958984,192
NE006007,1995,177.0741424560547,141
NE005005,1995,153.49453735351562,125
NE005009,1995,100.17950439453125,389
NE004007,1995,189.9365234375,1
NE004001,1995,152.54737854003906,58
NE007003,1995,224.969482421875,145
NE004006,1995,167.60337829589844,125
NE006004,1995,96.78084564208984,214
NE006002,1995,78.67182922363281,100
NE003005,1995,188.5278778076172,51
NE007006,1995,234.97879028320312,131
NE005004,1995,126.75634002685547,124
NE007007,1995,170.1372528076172,123
NE006009,1995,119.4543228149414,488
NE006003,1995,170.36988830566406,44
NE002002,1995,106.9344711303711,180
NE006013,1995,217.08082580566406,202
NE005007,1995,150.25965881347656,151
NE006001,1995,94.6380844116211,429
NE002005,1995,18.317304611206055,3920
NE007005,1995,170.73216247558594,74
NE007001,1995,60.76655960083008,309
NE005006,1995,131.76226806640625,124
NE007002,1995,113.30371856689453,173
NE006012,1995,124.5273208618164,170
NE006006,1995,139.26739501953125,350
NE001003,1995,3.056427001953125,9604
NE007008,1995,145.35670471191406,112
NE007010,1995,32.385520935058594,2333
NE003006,1995,239.1979522705078,82
NE005013,1995,118.76455688476562,25
NE005001,1995,79.7668228149414,464
NE007011,1995,160.1946258544922,16
NE006005,1995,126.0610122680664,48
NE002004,1995,96.7781982421875,252
NE002001,1995,102.55461883544922,59
NE001004,1996,6.957421779632568,4833
NE001005,1996,27.411128997802734,2074
NE008001,1996,188.13380432128906,17
NE004003,1996,131.14019775390625,357
NE003004,1996,194.75054931640625,300
NE003002,1996,231.45367431640625,53
NE007004,1996,101.74310302734375,698
NE007009,1996,60.59608459472656,806
NE003001,1996,166.29150390625,105
NE004008,1996,112.04850769042969,218
NE003007,1996,171.54078674316406,90
NE002003,1996,88.69020080566406,268
NE005010,1996,37.03353500366211,1005
NE005008,1996,205.2953338623047,50
NE001002,1996,12.727747917175293,2096
NE001001,1996,33.74488830566406,1741
NE003008,1996,222.79273986816406,93
NE006010,1996,202.19073486328125,213
NE003003,1996,175.96583557128906,279
NE005011,1996,61.92155838012695,371
NE004009,1996,120.16393280029297,178
NE004005,1996,144.19601440429688,157
NE005002,1996,152.39613342285156,102
NE005003,1996,205.4073028564453,106
NE001006,1996,23.23038101196289,1062
NE006011,1996,125.91510772705078,314
NE006008,1996,158.82662963867188,304
NE005012,1996,69.22650909423828,593
NE004004,1996,164.58335876464844,33
NE002006,1996,53.8601188659668,330
NE004002,1996,111.7140884399414,192
NE006007,1996,174.94931030273438,141
NE005005,1996,169.12547302246094,125
NE005009,1996,116.73897552490234,389
NE004007,1996,144.7440948486328,1
NE004001,1996,140.74368286132812,58
NE007003,1996,179.59547424316406,145
NE004006,1996,170.48391723632812,125
NE006004,1996,113.06538391113281,214
NE006002,1996,91.9419937133789,100
NE003005,1996,201.98800659179688,51
NE007006,1996,222.95375061035156,131
NE005004,1996,167.26510620117188,124
NE007007,1996,148.3743896484375,123
NE006009,1996,120.08451080322266,488
NE006003,1996,140.539794921875,44
NE002002,1996,87.13175201416016,180
NE006013,1996,192.3090362548828,202
NE005007,1996,174.49600219726562,151
NE006001,1996,105.61544036865234,429
NE002005,1996,11.11828899383545,3920
NE007005,1996,177.87831115722656,74
NE007001,1996,72.98480224609375,309
NE005006,1996,150.31617736816406,124
NE007002,1996,77.72539520263672,173
NE006012,1996,127.60176849365234,170
NE006006,1996,129.5561981201172,350
NE001003,1996,3.041208267211914,9604
NE007008,1996,105.18231964111328,112
NE007010,1996,17.365251541137695,2333
NE003006,1996,237.5692596435547,82
NE005013,1996,129.72314453125,25
NE005001,1996,83.18988800048828,464
NE007011,1996,128.533447265625,16
NE006005,1996,119.34078979492188,48
NE002004,1996,73.15554809570312,252
NE002001,1996,61.567543029785156,59
NE001004,1997,9.618938446044922,4833
NE001005,1997,35.69919204711914,2074
NE008001,1997,166.4454803466797,17
NE004003,1997,130.65487670898438,357
NE003004,1997,221.50648498535156,300
NE003002,1997,216.91114807128906,53
NE007004,1997,116.64034271240234,698
NE007009,1997,65.58479309082031,806
NE003001,1997,204.0177459716797,105
NE004008,1997,171.26971435546875,218
NE003007,1997,221.5233917236328,90
NE002003,1997,99.00479888916016,268
NE005010,1997,40.901851654052734,1005
NE005008,1997,180.66433715820312,50
NE001002,1997,24.181612014770508,2096
NE001001,1997,41.62718200683594,1741
NE003008,1997,244.90966796875,93
NE006010,1997,219.62391662597656,213
NE003003,1997,187.45138549804688,279
NE005011,1997,80.26335144042969,371
NE004009,1997,178.3054962158203,178
NE004005,1997,171.4739532470703,157
NE005002,1997,117.25028991699219,102
NE005003,1997,174.13165283203125,106
NE001006,1997,47.56363296508789,1062
NE006011,1997,104.91704559326172,314
NE006008,1997,172.60153198242188,304
NE005012,1997,75.4122085571289,593
NE004004,1997,217.279052734375,33
NE002006,1997,70.38079833984375,330
NE004002,1997,92.12860107421875,192
NE006007,1997,156.18377685546875,141
NE005005,1997,150.2155303955078,125
NE005009,1997,104.76367950439453,389
NE004007,1997,204.7811737060547,1
NE004001,1997,199.36917114257812,58
NE007003,1997,200.49826049804688,145
NE004006,1997,200.2990264892578,125
NE006004,1997,101.05902862548828,214
NE006002,1997,64.91161346435547,100
NE003005,1997,206.28843688964844,51
NE007006,1997,208.97877502441406,131
NE005004,1997,159.2034912109375,124
NE007007,1997,167.1106719970703,123
NE006009,1997,118.26246643066406,488
NE006003,1997,178.20835876464844,44
NE002002,1997,113.2711181640625,180
NE006013,1997,184.43936157226562,202
NE005007,1997,172.74468994140625,151
NE006001,1997,102.36251831054688,429
NE002005,1997,14.278077125549316,3920
NE007005,1997,179.53111267089844,74
NE007001,1997,79.34288024902344,309
NE005006,1997,143.44688415527344,124
NE007002,1997,105.29766845703125,173
NE006012,1997,103.32980346679688,170
NE006006,1997,151.6440887451172,350
NE001003,1997,3.1168529987335205,9604
NE007008,1997,122.53375244140625,112
NE007010,1997,26.545623779296875,2333
NE003006,1997,244.6090850830078,82
NE005013,1997,129.18246459960938,25
NE005001,1997,82.60588836669922,464
NE007011,1997,154.31594848632812,16
NE006005,1997,98.7422866821289,48
NE002004,1997,90.67967224121094,252
NE002001,1997,87.76298522949219,59
NE001004,1998,8.671146392822266,4833
NE001005,1998,60.661720275878906,2074
NE008001,1998,320.22869873046875,17
NE004003,1998,171.19625854492188,357
NE003004,1998,252.1394805908203,300
NE003002,1998,269.6637268066406,53
NE007004,1998,114.7672119140625,698
NE007009,1998,88.3967514038086,806
NE003001,1998,241.15138244628906,105
NE004008,1998,166.87396240234375,218
NE003007,1998,206.42501831054688,90
NE002003,1998,116.03062438964844,268
NE005010,1998,92.28874206542969,1005
NE005008,1998,234.99310302734375,50
NE001002,1998,17.83255958557129,2096
NE001001,1998,59.11378479003906,1741
NE003008,1998,237.79013061523438,93
NE006010,1998,262.7845458984375,213
NE003003,1998,170.6910400390625,279
NE005011,1998,131.3660430908203,371
NE004009,1998,150.32192993164062,178
NE004005,1998,205.08580017089844,157
NE005002,1998,170.4278106689453,102
NE005003,1998,216.90419006347656,106
NE001006,1998,41.19009017944336,1062
NE006011,1998,193.35325622558594,314
NE006008,1998,255.48760986328125,304
NE005012,1998,127.39202117919922,593
NE004004,1998,199.5257568359375,33
NE002006,1998,50.11393356323242,330
NE004002,1998,143.94692993164062,192
NE006007,1998,237.5941162109375,141
NE005005,1998,212.8903350830078,125
NE005009,1998,164.71417236328125,389
NE004007,1998,201.3336944580078,1
NE004001,1998,192.19216918945312,58
NE007003,1998,192.98342895507812,145
NE004006,1998,201.8859100341797,125
NE006004,1998,149.63893127441406,214
NE006002,1998,156.94520568847656,100
NE003005,1998,263.0792541503906,51
NE007006,1998,215.02818298339844,131
NE005004,1998,196.78744506835938,124
NE007007,1998,176.51953125,123
NE006009,1998,184.12033081054688,488
NE006003,1998,195.43417358398438,44
NE002002,1998,72.32537078857422,180
NE006013,1998,292.3787841796875,202
NE005007,1998,208.2023162841797,151
NE006001,1998,149.16995239257812,429
NE002005,1998,14.31328010559082,3920
NE007005,1998,185.36148071289062,74
NE007001,1998,105.2673568725586,309
NE005006,1998,204.61343383789062,124
NE007002,1998,116.43666076660156,173
NE006012,1998,187.2356414794922,170
NE006006,1998,182.71484375,350
NE001003,1998,3.172837734222412,9604
NE007008,1998,151.27713012695312,112
NE007010,1998,30.9902286529541,2333
NE003006,1998,308.92779541015625,82
NE005013,1998,179.7310333251953,25
NE005001,1998,144.62867736816406,464
NE007011,1998,181.89369201660156,16
NE006005,1998,190.3339080810547,48
NE002004,1998,83.89839172363281,252
NE002001,1998,60.27858352661133,59
NE001004,1999,8.489622116088867,4833
NE001005,1999,47.84176254272461,2074
NE008001,1999,216.12478637695312,17
NE004003,1999,152.81040954589844,357
NE003004,1999,229.94497680664062,300
NE003002,1999,243.37966918945312,53
NE007004,1999,117.55763244628906,698
NE007009,1999,102.17561340332031,806
NE003001,1999,223.9149932861328,105
NE004008,1999,170.56549072265625,218
NE003007,1999,176.2214813232422,90
NE002003,1999,120.9001235961914,268
NE005010,1999,72.41144561767578,1005
NE005008,1999,231.48214721679688,50
NE001002,1999,16.29422950744629,2096
NE001001,1999,64.75657653808594,1741
NE003008,1999,216.6269989013672,93
NE006010,1999,293.1202392578125,213
NE003003,1999,181.51998901367188,279
NE005011,1999,92.17314910888672,371
NE004009,1999,185.07553100585938,178
NE004005,1999,188.43817138671875,157
NE005002,1999,178.34600830078125,102
NE005003,1999,233.86227416992188,106
NE001006,1999,55.76658248901367,1062
NE006011,1999,181.4640655517578,314
NE006008,1999,210.28822326660156,304
NE005012,1999,105.18904113769531,593
NE004004,1999,256.5953369140625,33
NE002006,1999,107.0492172241211,330
NE004002,1999,137.5217742919922,192
NE006007,1999,228.09315490722656,141
NE005005,1999,173.67898559570312,125
NE005009,1999,137.0319061279297,389
NE004007,1999,193.72019958496094,1
NE004001,1999,230.57156372070312,58
NE007003,1999,168.39056396484375,145
NE004006,1999,218.99832153320312,125
NE006004,1999,156.40737915039062,214
NE006002,1999,140.6880340576172,100
NE003005,1999,285.8880310058594,51
NE007006,1999,189.0428466796875,131
NE005004,1999,172.04580688476562,124
NE007007,1999,141.08502197265625,123
NE006009,1999,194.61773681640625,488
NE006003,1999,171.6255340576172,44
NE002002,1999,151.18936157226562,180
NE006013,1999,270.3003234863281,202
NE005007,1999,185.13992309570312,151
NE006001,1999,143.806640625,429
NE002005,1999,28.3128662109375,3920
NE007005,1999,193.71707153320312,74
NE007001,1999,130.50970458984375,309
NE005006,1999,168.4309844970703,124
NE007002,1999,123.61601257324219,173
NE006012,1999,180.3920135498047,170
NE006006,1999,184.20350646972656,350
NE001003,1999,3.3762736320495605,9604
NE007008,1999,141.24856567382812,112
NE007010,1999,37.44346618652344,2333
NE003006,1999,238.57235717773438,82
NE005013,1999,132.70806884765625,25
NE005001,1999,114.12179565429688,464
NE007011,1999,136.48171997070312,16
NE006005,1999,179.99583435058594,48
NE002004,1999,139.61697387695312,252
NE002001,1999,119.2612533569336,59
NE001004,2000,10.907691955566406,4833
NE001005,2000,32.46438980102539,2074
NE008001,2000,240.13197326660156,17
NE004003,2000,149.21377563476562,357
NE003004,2000,290.9449462890625,300
NE003002,2000,281.2097473144531,53
NE007004,2000,119.92848205566406,698
NE007009,2000,103.06666564941406,806
NE003001,2000,279.4397277832031,105
NE004008,2000,156.62884521484375,218
NE003007,2000,258.2981262207031,90
NE002003,2000,88.27921295166016,268
NE005010,2000,51.615135192871094,1005
NE005008,2000,199.56866455078125,50
NE001002,2000,19.528770446777344,2096
NE001001,2000,54.778987884521484,1741
NE003008,2000,283.8743591308594,93
NE006010,2000,281.77374267578125,213
NE003003,2000,200.27076721191406,279
NE005011,2000,99.42227172851562,371
NE004009,2000,178.71142578125,178
NE004005,2000,200.4171600341797,157
NE005002,2000,131.679443359375,102
NE005003,2000,178.8003692626953,106
NE001006,2000,39.86187744140625,1062
NE006011,2000,156.25682067871094,314
NE006008,2000,232.6518096923828,304
NE005012,2000,102.1744155883789,593
NE004004,2000,250.58502197265625,33
NE002006,2000,57.21935272216797,330
NE004002,2000,115.18465423583984,192
NE006007,2000,224.5433349609375,141
NE005005,2000,167.32427978515625,125
NE005009,2000,134.52102661132812,389
NE004007,2000,225.42474365234375,1
NE004001,2000,228.2644805908203,58
NE007003,2000,152.52601623535156,145
NE004006,2000,241.70001220703125,125
NE006004,2000,161.2786102294922,214
NE006002,2000,131.58364868164062,100
NE003005,2000,278.7655944824219,51
NE007006,2000,184.76968383789062,131
NE005004,2000,169.56809997558594,124
NE007007,2000,169.64840698242188,123
NE006009,2000,207.066162109375,488
NE006003,2000,222.79843139648438,44
NE002002,2000,87.11203002929688,180
NE006013,2000,243.02560424804688,202
NE005007,2000,183.64613342285156,151
NE006001,2000,113.64356231689453,429
NE002005,2000,19.466896057128906,3920
NE007005,2000,196.32911682128906,74
NE007001,2000,101.90534210205078,309
NE005006,2000,164.95469665527344,124
NE007002,2000,130.3706817626953,173
NE006012,2000,183.22886657714844,170
NE006006,2000,190.35487365722656,350
NE001003,2000,3.3467774391174316,9604
NE007008,2000,152.3319549560547,112
NE007010,2000,36.129459381103516,2333
NE003006,2000,285.6185302734375,82
NE005013,2000,161.2997589111328,25
NE005001,2000,100.6143569946289,464
NE007011,2000,170.52830505371094,16
NE006005,2000,142.34133911132812,48
NE002004,2000,72.54227447509766,252
NE002001,2000,71.16952514648438,59
NE001004,2001,7.894265174865723,4833
NE001005,2001,47.517147064208984,2074
NE008001,2001,260.9922790527344,17
NE004003,2001,205.3577117919922,357
NE003004,2001,292.0008850097656,300
NE003002,2001,254.54818725585938,53
NE007004,2001,128.53369140625,698
NE007009,2001,116.06371307373047,806
NE003001,2001,300.5204162597656,105
NE004008,2001,244.2725372314453,218
NE003007,2001,263.3277893066406,90
NE002003,2001,96.76648712158203,268
NE005010,2001,61.61070251464844,1005
NE005008,2001,213.5976104736328,50
NE001002,2001,22.857227325439453,2096
NE001001,2001,52.43059539794922,1741
NE003008,2001,227.4329376220703,93
NE006010,2001,332.81134033203125,213
NE003003,2001,182.4078826904297,279
NE005011,2001,100.39325714111328,371
NE004009,2001,247.861083984375,178
NE004005,2001,263.3077087402344,157
NE005002,2001,156.64910888671875,102
NE005003,2001,191.60910034179688,106
NE001006,2001,31.32568359375,1062
NE006011,2001,165.56813049316406,314
NE006008,2001,256.27154541015625,304
NE005012,2001,85.60293579101562,593
NE004004,2001,293.79364013671875,33
NE002006,2001,62.88141632080078,330
NE004002,2001,152.61546325683594,192
NE006007,2001,196.34344482421875,141
NE005005,2001,198.6251220703125,125
NE005009,2001,151.52545166015625,389
NE004007,2001,286.2864685058594,1
NE004001,2001,291.99114990234375,58
NE007003,2001,198.37054443359375,145
NE004006,2001,289.21343994140625,125
NE006004,2001,152.93411254882812,214
NE006002,2001,126.91524505615234,100
NE003005,2001,316.20770263671875,51
NE007006,2001,235.6451873779297,131
NE005004,2001,192.82354736328125,124
NE007007,2001,203.38583374023438,123
NE006009,2001,177.5501708984375,488
NE006003,2001,260.5366516113281,44
NE002002,2001,91.68680572509766,180
NE006013,2001,265.85137939453125,202
NE005007,2001,243.591064453125,151
NE006001,2001,147.19430541992188,429
NE002005,2001,14.135994911193848,3920
NE007005,2001,268.2669982910156,74
NE007001,2001,131.8527069091797,309
NE005006,2001,187.4598388671875,124
NE007002,2001,143.25732421875,173
NE006012,2001,160.94100952148438,170
NE006006,2001,220.54356384277344,350
NE001003,2001,2.679264545440674,9604
NE007008,2001,212.31857299804688,112
NE007010,2001,35.903831481933594,2333
NE003006,2001,361.8472900390625,82
NE005013,2001,185.40797424316406,25
NE005001,2001,131.3445587158203,464
NE007011,2001,211.92916870117188,16
NE006005,2001,169.4927520751953,48
NE002004,2001,87.64801025390625,252
NE002001,2001,73.46495056152344,59
NE001004,2002,9.57127571105957,4833
NE001005,2002,44.75738525390625,2074
NE008001,2002,213.45065307617188,17
NE004003,2002,131.2325439453125,357
NE003004,2002,266.7296142578125,300
NE003002,2002,295.244384765625,53
NE007004,2002,128.81163024902344,698
NE007009,2002,94.57897186279297,806
NE003001,2002,216.53126525878906,105
NE004008,2002,158.0766143798828,218
NE003007,2002,177.87872314453125,90
NE002003,2002,112.27542877197266,268
NE005010,2002,61.474464416503906,1005
NE005008,2002,226.56793212890625,50
NE001002,2002,22.873594284057617,2096
NE001001,2002,54.69915008544922,1741
NE003008,2002,255.9832763671875,93
NE006010,2002,254.56138610839844,213
NE003003,2002,161.64659118652344,279
NE005011,2002,91.0096435546875,371
NE004009,2002,184.19345092773438,178
NE004005,2002,159.8955078125,157
NE005002,2002,138.48915100097656,102
NE005003,2002,207.1432342529297,106
NE001006,2002,44.60918045043945,1062
NE006011,2002,147.36688232421875,314
NE006008,2002,197.2871551513672,304
NE005012,2002,90.90248107910156,593
NE004004,2002,199.1039581298828,33
NE002006,2002,45.173004150390625,330
NE004002,2002,115.75260162353516,192
NE006007,2002,162.4413604736328,141
NE005005,2002,194.74380493164062,125
NE005009,2002,127.18574523925781,389
NE004007,2002,192.44540405273438,1
NE004001,2002,184.42874145507812,58
NE007003,2002,208.40826416015625,145
NE004006,2002,208.63426208496094,125
NE006004,2002,108.33281707763672,214
NE006002,2002,93.35330963134766,100
NE003005,2002,284.5019836425781,51
NE007006,2002,227.78050231933594,131
NE005004,2002,184.15386962890625,124
NE007007,2002,181.47979736328125,123
NE006009,2002,137.35104370117188,488
NE006003,2002,158.1688690185547,44
NE002002,2002,73.3597640991211,180
NE006013,2002,226.10433959960938,202
NE005007,2002,189.9369354248047,151
NE006001,2002,116.27890014648438,429
NE002005,2002,11.575566291809082,3920
NE007005,2002,223.30892944335938,74
NE007001,2002,107.63773345947266,309
NE005006,2002,178.27157592773438,124
NE007002,2002,128.0029754638672,173
NE006012,2002,125.54965209960938,170
NE006006,2002,145.06272888183594,350
NE001003,2002,3.1037092208862305,9604
NE007008,2002,162.16958618164062,112
NE007010,2002,42.142337799072266,2333
NE003006,2002,342.2684020996094,82
NE005013,2002,162.34075927734375,25
NE005001,2002,98.44332885742188,464
NE007011,2002,177.4091796875,16
NE006005,2002,142.435302734375,48
NE002004,2002,86.26607513427734,252
NE002001,2002,42.96968078613281,59
NE001004,2003,9.13952922821045,4833
NE001005,2003,49.40983200073242,2074
NE008001,2003,203.17811584472656,17
NE004003,2003,156.53211975097656,357
NE003004,2003,255.09010314941406,300
NE003002,2003,266.9114074707031,53
NE007004,2003,196.5196990966797,698
NE007009,2003,135.9930419921875,806
NE003001,2003,213.7864990234375,105
NE004008,2003,191.6154327392578,218
NE003007,2003,206.08474731445312,90
NE002003,2003,176.4130096435547,268
NE005010,2003,62.38285827636719,1005
NE005008,2003,229.2752685546875,50
NE001002,2003,20.806835174560547,2096
NE001001,2003,63.104122161865234,1741
NE003008,2003,259.814697265625,93
NE006010,2003,274.3537902832031,213
NE003003,2003,184.9434356689453,279
NE005011,2003,113.67035675048828,371
NE004009,2003,205.66885375976562,178
NE004005,2003,200.2384796142578,157
NE005002,2003,170.55380249023438,102
NE005003,2003,207.09799194335938,106
NE001006,2003,42.73381423950195,1062
NE006011,2003,203.05813598632812,314
NE006008,2003,195.25868225097656,304
NE005012,2003,112.4055404663086,593
NE004004,2003,236.15367126464844,33
NE002006,2003,130.41033935546875,330
NE004002,2003,121.481689453125,192
NE006007,2003,264.2456970214844,141
NE005005,2003,212.58810424804688,125
NE005009,2003,154.23248291015625,389
NE004007,2003,227.47286987304688,1
NE004001,2003,230.53321838378906,58
NE007003,2003,323.3510437011719,145
NE004006,2003,232.06044006347656,125
NE006004,2003,137.51950073242188,214
NE006002,2003,115.4700698852539,100
NE003005,2003,278.4160461425781,51
NE007006,2003,305.5321960449219,131
NE005004,2003,203.20285034179688,124
NE007007,2003,261.61029052734375,123
NE006009,2003,184.65753173828125,488
NE006003,2003,171.20654296875,44
NE002002,2003,172.8033447265625,180
NE006013,2003,273.7694091796875,202
NE005007,2003,196.90884399414062,151
NE006001,2003,142.25750732421875,429
NE002005,2003,28.54400634765625,3920
NE007005,2003,223.93214416503906,74
NE007001,2003,119.44400024414062,309
NE005006,2003,192.6811065673828,124
NE007002,2003,200.60232543945312,173
NE006012,2003,188.62109375,170
NE006006,2003,167.91015625,350
NE001003,2003,3.163992404937744,9604
NE007008,2003,197.0904998779297,112
NE007010,2003,57.246429443359375,2333
NE003006,2003,300.82952880859375,82
NE005013,2003,180.2773895263672,25
NE005001,2003,119.72085571289062,464
NE007011,2003,236.2098388671875,16
NE006005,2003,188.4794464111328,48
NE002004,2003,161.47265625,252
NE002001,2003,134.24807739257812,59
NE001004,2004,8.146733283996582,4833
NE001005,2004,30.60359001159668,2074
NE008001,2004,182.3768768310547,17
NE004003,2004,135.99542236328125,357
NE003004,2004,204.28604125976562,300
NE003002,2004,212.55921936035156,53
NE007004,2004,119.51598358154297,698
NE007009,2004,73.21199035644531,806
NE003001,2004,212.95709228515625,105
NE004008,2004,165.9826202392578,218
NE003007,2004,162.80381774902344,90
NE002003,2004,96.30331420898438,268
NE005010,2004,47.01652526855469,1005
NE005008,2004,182.81785583496094,50
NE001002,2004,15.681111335754395,2096
NE001001,2004,37.20090866088867,1741
NE003008,2004,207.32208251953125,93
NE006010,2004,257.513427734375,213
NE003003,2004,165.3404541015625,279
NE005011,2004,73.48961639404297,371
NE004009,2004,165.19740295410156,178
NE004005,2004,185.11715698242188,157
NE005002,2004,126.31898498535156,102
NE005003,2004,177.12994384765625,106
NE001006,2004,28.90229034423828,1062
NE006011,2004,139.7154083251953,314
NE006008,2004,183.0904083251953,304
NE005012,2004,84.0271987915039,593
NE004004,2004,187.37924194335938,33
NE002006,2004,41.24711608886719,330
NE004002,2004,92.7134017944336,192
NE006007,2004,167.1776123046875,141
NE005005,2004,147.66957092285156,125
NE005009,2004,114.8979263305664,389
NE004007,2004,217.50637817382812,1
NE004001,2004,179.37510681152344,58
NE007003,2004,186.51742553710938,145
NE004006,2004,202.21585083007812,125
NE006004,2004,111.56719207763672,214
NE006002,2004,98.14153289794922,100
NE003005,2004,232.0166015625,51
NE007006,2004,226.02223205566406,131
NE005004,2004,153.0704803466797,124
NE007007,2004,167.10833740234375,123
NE006009,2004,134.42312622070312,488
NE006003,2004,157.08200073242188,44
NE002002,2004,63.95681381225586,180
NE006013,2004,218.00086975097656,202
NE005007,2004,169.75279235839844,151
NE006001,2004,109.29488372802734,429
NE002005,2004,9.971622467041016,3920
NE007005,2004,206.03749084472656,74
NE007001,2004,79.46002960205078,309
NE005006,2004,140.79856872558594,124
NE007002,2004,113.00138854980469,173
NE006012,2004,131.01495361328125,170
NE006006,2004,144.31210327148438,350
NE001003,2004,2.8499255180358887,9604
NE007008,2004,146.61355590820312,112
NE007010,2004,25.753700256347656,2333
NE003006,2004,249.03941345214844,82
NE005013,2004,128.61810302734375,25
NE005001,2004,80.21300506591797,464
NE007011,2004,160.74484252929688,16
NE006005,2004,134.5738067626953,48
NE002004,2004,65.13406372070312,252
NE002001,2004,51.29234313964844,59
NE001004,2005,7.8394670486450195,4833
NE001005,2005,40.630489349365234,2074
NE008001,2005,266.947509765625,17
NE004003,2005,174.7539825439453,357
NE003004,2005,271.04925537109375,300
NE003002,2005,275.91802978515625,53
NE007004,2005,158.12356567382812,698
NE007009,2005,116.11628723144531,806
NE003001,2005,261.5177001953125,105
NE004008,2005,201.38375854492188,218
NE003007,2005,220.65219116210938,90
NE002003,2005,123.97081756591797,268
NE005010,2005,72.70795440673828,1005
NE005008,2005,243.47091674804688,50
NE001002,2005,12.103281021118164,2096
NE001001,2005,53.148216247558594,1741
NE003008,2005,260.2695007324219,93
NE006010,2005,330.6728515625,213
NE003003,2005,222.2044677734375,279
NE005011,2005,118.62893676757812,371
NE004009,2005,216.6593017578125,178
NE004005,2005,226.315185546875,157
NE005002,2005,197.11563110351562,102
NE005003,2005,242.31463623046875,106
NE001006,2005,33.55153274536133,1062
NE006011,2005,192.1643524169922,314
NE006008,2005,245.3009796142578,304
NE005012,2005,117.56143188476562,593
NE004004,2005,256.5154113769531,33
NE002006,2005,81.1260986328125,330
NE004002,2005,135.7792510986328,192
NE006007,2005,216.93698120117188,141
NE005005,2005,208.81040954589844,125
NE005009,2005,169.87112426757812,389
NE004007,2005,245.49038696289062,1
NE004001,2005,227.13168334960938,58
NE007003,2005,244.91864013671875,145
NE004006,2005,243.60833740234375,125
NE006004,2005,128.88534545898438,214
NE006002,2005,141.25843811035156,100
NE003005,2005,285.4895324707031,51
NE007006,2005,271.904296875,131
NE005004,2005,194.07440185546875,124
NE007007,2005,230.08364868164062,123
NE006009,2005,177.1343994140625,488
NE006003,2005,205.6142578125,44
NE002002,2005,111.16120147705078,180
NE006013,2005,284.85260009765625,202
NE005007,2005,216.6197052001953,151
NE006001,2005,147.7975311279297,429
NE002005,2005,20.978713989257812,3920
NE007005,2005,241.67787170410156,74
NE007001,2005,120.24840545654297,309
NE005006,2005,187.40933227539062,124
NE007002,2005,157.07191467285156,173
NE006012,2005,179.6153564453125,170
NE006006,2005,179.62631225585938,350
NE001003,2005,3.3065083026885986,9604
NE007008,2005,191.08004760742188,112
NE007010,2005,43.11305618286133,2333
NE003006,2005,327.7801818847656,82
NE005013,2005,172.76409912109375,25
NE005001,2005,122.72612762451172,464
NE007011,2005,221.43670654296875,16
NE006005,2005,189.4540252685547,48
NE002004,2005,100.08683776855469,252
NE002001,2005,90.49224090576172,59
NE001004,2006,6.645987510681152,4833
NE001005,2006,19.44991683959961,2074
NE008001,2006,206.5272216796875,17
NE004003,2006,118.21092987060547,357
NE003004,2006,265.0707702636719,300
NE003002,2006,274.5191955566406,53
NE007004,2006,81.78378295898438,698
NE007009,2006,46.70165252685547,806
NE003001,2006,236.45553588867188,105
NE004008,2006,119.46977233886719,218
NE003007,2006,219.4654541015625,90
NE002003,2006,84.88368225097656,268
NE005010,2006,35.87287521362305,1005
NE005008,2006,182.74371337890625,50
NE001002,2006,10.046280860900879,2096
NE001001,2006,27.008628845214844,1741
NE003008,2006,257.2791442871094,93
NE006010,2006,279.9023132324219,213
NE003003,2006,188.4390869140625,279
NE005011,2006,72.94410705566406,371
NE004009,2006,118.56096649169922,178
NE004005,2006,155.87918090820312,157
NE005002,2006,146.44052124023438,102
NE005003,2006,179.02212524414062,106
NE001006,2006,18.257431030273438,1062
NE006011,2006,124.86775970458984,314
NE006008,2006,205.57696533203125,304
NE005012,2006,86.96544647216797,593
NE004004,2006,164.23675537109375,33
NE002006,2006,43.52285385131836,330
NE004002,2006,98.01128387451172,192
NE006007,2006,166.3157958984375,141
NE005005,2006,159.89756774902344,125
NE005009,2006,124.15010070800781,389
NE004007,2006,172.47128295898438,1
NE004001,2006,152.67532348632812,58
NE007003,2006,161.68124389648438,145
NE004006,2006,183.54698181152344,125
NE006004,2006,104.05152130126953,214
NE006002,2006,78.47993469238281,100
NE003005,2006,257.9134216308594,51
NE007006,2006,160.27615356445312,131
NE005004,2006,152.19558715820312,124
NE007007,2006,120.98090362548828,123
NE006009,2006,125.33672332763672,488
NE006003,2006,197.53720092773438,44
NE002002,2006,70.04092407226562,180
NE006013,2006,221.84173583984375,202
NE005007,2006,154.63677978515625,151
NE006001,2006,108.98278045654297,429
NE002005,2006,9.179546356201172,3920
NE007005,2006,140.2433624267578,74
NE007001,2006,67.41748809814453,309
NE005006,2006,155.3269500732422,124
NE007002,2006,69.22588348388672,173
NE006012,2006,111.3180160522461,170
NE006006,2006,168.50466918945312,350
NE001003,2006,2.6743626594543457,9604
NE007008,2006,95.18560791015625,112
NE007010,2006,17.363191604614258,2333
NE003006,2006,306.3936462402344,82
NE005013,2006,121.56295776367188,25
NE005001,2006,89.19725799560547,464
NE007011,2006,109.07669067382812,16
NE006005,2006,110.6863784790039,48
NE002004,2006,69.44744873046875,252
NE002001,2006,50.069549560546875,59
NE001004,2007,8.82365608215332,4833
NE001005,2007,40.99004364013672,2074
NE008001,2007,237.90155029296875,17
NE004003,2007,125.77984619140625,357
NE003004,2007,241.68568420410156,300
NE003002,2007,239.94862365722656,53
NE007004,2007,110.47083282470703,698
NE007009,2007,86.50041961669922,806
NE003001,2007,239.04591369628906,105
NE004008,2007,141.14675903320312,218
NE003007,2007,222.70547485351562,90
NE002003,2007,113.31382751464844,268
NE005010,2007,60.88954162597656,1005
NE005008,2007,148.966552734375,50
NE001002,2007,19.053007125854492,2096
NE001001,2007,53.98481369018555,1741
NE003008,2007,204.75384521484375,93
NE006010,2007,256.82611083984375,213
NE003003,2007,193.2911376953125,279
NE005011,2007,72.24195861816406,371
NE004009,2007,134.80841064453125,178
NE004005,2007,157.9689178466797,157
NE005002,2007,145.10743713378906,102
NE005003,2007,166.77435302734375,106
NE001006,2007,40.00777816772461,1062
NE006011,2007,176.37216186523438,314
NE006008,2007,217.07699584960938,304
NE005012,2007,82.98121643066406,593
NE004004,2007,172.291748046875,33
NE002006,2007,100.09062194824219,330
NE004002,2007,94.03573608398438,192
NE006007,2007,207.130126953125,141
NE005005,2007,145.6883087158203,125
NE005009,2007,107.89010620117188,389
NE004007,2007,184.78616333007812,1
NE004001,2007,158.60922241210938,58
NE007003,2007,146.5466766357422,145
NE004006,2007,185.6664581298828,125
NE006004,2007,109.84803771972656,214
NE006002,2007,117.6888198852539,100
NE003005,2007,247.48338317871094,51
NE007006,2007,166.235595703125,131
NE005004,2007,136.22201538085938,124
NE007007,2007,142.25384521484375,123
NE006009,2007,163.5015869140625,488
NE006003,2007,208.853271484375,44
NE002002,2007,132.688232421875,180
NE006013,2007,229.69921875,202
NE005007,2007,137.23257446289062,151
NE006001,2007,112.2558364868164,429
NE002005,2007,24.89344024658203,3920
NE007005,2007,155.69223022460938,74
NE007001,2007,88.21170806884766,309
NE005006,2007,128.05096435546875,124
NE007002,2007,99.4461898803711,173
NE006012,2007,158.8015899658203,170
NE006006,2007,185.9793701171875,350
NE001003,2007,3.539733648300171,9604
NE007008,2007,121.63394927978516,112
NE007010,2007,39.227928161621094,2333
NE003006,2007,274.3656921386719,82
NE005013,2007,111.89140319824219,25
NE005001,2007,73.0786361694336,464
NE007011,2007,141.3233642578125,16
NE006005,2007,172.5293426513672,48
NE002004,2007,117.5253677368164,252
NE002001,2007,113.34112548828125,59
NE001004,2008,8.669050216674805,4833
NE001005,2008,46.831748962402344,2074
NE008001,2008,225.047119140625,17
NE004003,2008,124.4930191040039,357
NE003004,2008,228.75958251953125,300
NE003002,2008,233.77964782714844,53
NE007004,2008,130.61207580566406,698
NE007009,2008,115.4967041015625,806
NE003001,2008,201.13499450683594,105
NE004008,2008,154.55015563964844,218
NE003007,2008,191.50711059570312,90
NE002003,2008,115.80681610107422,268
NE005010,2008,86.01324462890625,1005
NE005008,2008,202.7376708984375,50
NE001002,2008,19.06285285949707,2096
NE001001,2008,56.02311706542969,1741
NE003008,2008,223.16049194335938,93
NE006010,2008,232.03485107421875,213
NE003003,2008,192.76133728027344,279
NE005011,2008,117.27409362792969,371
NE004009,2008,181.89031982421875,178
NE004005,2008,173.07135009765625,157
NE005002,2008,163.45748901367188,102
NE005003,2008,207.51319885253906,106
NE001006,2008,35.29297637939453,1062
NE006011,2008,159.60523986816406,314
NE006008,2008,188.98236083984375,304
NE005012,2008,124.44547271728516,593
NE004004,2008,170.18539428710938,33
NE002006,2008,82.00057220458984,330
NE004002,2008,113.91485595703125,192
NE006007,2008,180.54571533203125,141
NE005005,2008,178.72268676757812,125
NE005009,2008,159.95193481445312,389
NE004007,2008,177.47616577148438,1
NE004001,2008,158.39659118652344,58
NE007003,2008,194.1715850830078,145
NE004006,2008,179.61727905273438,125
NE006004,2008,110.77274322509766,214
NE006002,2008,96.48213195800781,100
NE003005,2008,226.2723846435547,51
NE007006,2008,226.77011108398438,131
NE005004,2008,151.17477416992188,124
NE007007,2008,191.91758728027344,123
NE006009,2008,129.0903778076172,488
NE006003,2008,153.7926483154297,44
NE002002,2008,105.77186584472656,180
NE006013,2008,231.3399200439453,202
NE005007,2008,166.7473602294922,151
NE006001,2008,132.39219665527344,429
NE002005,2008,17.738889694213867,3920
NE007005,2008,211.4408416748047,74
NE007001,2008,113.40882873535156,309
NE005006,2008,158.4559326171875,124
NE007002,2008,134.72891235351562,173
NE006012,2008,136.0365753173828,170
NE006006,2008,148.82469177246094,350
NE001003,2008,3.201767921447754,9604
NE007008,2008,179.50563049316406,112
NE007010,2008,38.789344787597656,2333
NE003006,2008,260.0826416015625,82
NE005013,2008,165.29373168945312,25
NE005001,2008,115.14926147460938,464
NE007011,2008,191.67242431640625,16
NE006005,2008,151.69944763183594,48
NE002004,2008,100.63371276855469,252
NE002001,2008,85.4994125366211,59
NE001004,2009,8.818321228027344,4833
NE001005,2009,31.131027221679688,2074
NE008001,2009,210.75213623046875,17
NE004003,2009,123.66244506835938,357
NE003004,2009,222.56228637695312,300
NE003002,2009,223.38148498535156,53
NE007004,2009,115.69694519042969,698
NE007009,2009,70.06197357177734,806
NE003001,2009,207.18701171875,105
NE004008,2009,136.71363830566406,218
NE003007,2009,191.95123291015625,90
NE002003,2009,111.59224700927734,268
NE005010,2009,57.0140495300293,1005
NE005008,2009,165.4958953857422,50
NE001002,2009,14.840849876403809,2096
NE001001,2009,34.64192199707031,1741
NE003008,2009,214.5003204345703,93
NE006010,2009,238.3619842529297,213
NE003003,2009,165.1757354736328,279
NE005011,2009,90.1509780883789,371
NE004009,2009,152.2716064453125,178
NE004005,2009,151.77938842773438,157
NE005002,2009,131.29078674316406,102
NE005003,2009,154.91944885253906,106
NE001006,2009,28.314695358276367,1062
NE006011,2009,115.28604888916016,314
NE006008,2009,190.8396453857422,304
NE005012,2009,102.64891052246094,593
NE004004,2009,195.06256103515625,33
NE002006,2009,58.76118469238281,330
NE004002,2009,108.78849029541016,192
NE006007,2009,143.37802124023438,141
NE005005,2009,146.686767578125,125
NE005009,2009,118.05697631835938,389
NE004007,2009,172.8251190185547,1
NE004001,2009,177.8918914794922,58
NE007003,2009,194.96075439453125,145
NE004006,2009,189.19915771484375,125
NE006004,2009,107.97798919677734,214
NE006002,2009,84.54585266113281,100
NE003005,2009,211.49171447753906,51
NE007006,2009,217.09371948242188,131
NE005004,2009,147.44747924804688,124
NE007007,2009,163.87237548828125,123
NE006009,2009,124.60970306396484,488
NE006003,2009,178.3155059814453,44
NE002002,2009,97.27204895019531,180
NE006013,2009,209.63015747070312,202
NE005007,2009,153.53659057617188,151
NE006001,2009,113.25765228271484,429
NE002005,2009,13.409448623657227,3920
NE007005,2009,182.19424438476562,74
NE007001,2009,89.54566192626953,309
NE005006,2009,140.08421325683594,124
NE007002,2009,106.22508239746094,173
NE006012,2009,103.12672424316406,170
NE006006,2009,143.3617706298828,350
NE001003,2009,2.752506971359253,9604
NE007008,2009,132.57830810546875,112
NE007010,2009,25.918760299682617,2333
NE003006,2009,284.5098876953125,82
NE005013,2009,120.4751205444336,25
NE005001,2009,94.61432647705078,464
NE007011,2009,154.02769470214844,16
NE006005,2009,110.09215545654297,48
NE002004,2009,97.36563873291016,252
NE002001,2009,72.32762145996094,59
NE001004,2010,9.523730278015137,4833
NE001005,2010,61.48103713989258,2074
NE008001,2010,233.1279754638672,17
NE004003,2010,159.9771270751953,357
NE003004,2010,239.51123046875,300
NE003002,2010,237.5537872314453,53
NE007004,2010,186.5433807373047,698
NE007009,2010,112.7817153930664,806
NE003001,2010,225.67010498046875,105
NE004008,2010,188.71824645996094,218
NE003007,2010,203.82777404785156,90
NE002003,2010,158.25405883789062,268
NE005010,2010,71.42194366455078,1005
NE005008,2010,226.15411376953125,50
NE001002,2010,26.7467041015625,2096
NE001001,2010,75.56533813476562,1741
NE003008,2010,223.61920166015625,93
NE006010,2010,253.08303833007812,213
NE003003,2010,194.3317413330078,279
NE005011,2010,111.12348175048828,371
NE004009,2010,200.3795928955078,178
NE004005,2010,217.29202270507812,157
NE005002,2010,163.7491455078125,102
NE005003,2010,213.23138427734375,106
NE001006,2010,63.69228744506836,1062
NE006011,2010,164.72120666503906,314
NE006008,2010,208.0481719970703,304
NE005012,2010,106.55016326904297,593
NE004004,2010,241.34423828125,33
NE002006,2010,76.60228729248047,330
NE004002,2010,137.77125549316406,192
NE006007,2010,210.3751220703125,141
NE005005,2010,185.7451934814453,125
NE005009,2010,132.44520568847656,389
NE004007,2010,256.8721618652344,1
NE004001,2010,221.83462524414062,58
NE007003,2010,243.83995056152344,145
NE004006,2010,240.83859252929688,125
NE006004,2010,145.93511962890625,214
NE006002,2010,123.07470703125,100
NE003005,2010,267.2330627441406,51
NE007006,2010,230.28599548339844,131
NE005004,2010,181.7156982421875,124
NE007007,2010,196.28875732421875,123
NE006009,2010,167.54193115234375,488
NE006003,2010,183.0043487548828,44
NE002002,2010,96.73370361328125,180
NE006013,2010,232.01284790039062,202
NE005007,2010,203.48147583007812,151
NE006001,2010,128.19747924804688,429
NE002005,2010,20.91832733154297,3920
NE007005,2010,208.6896514892578,74
NE007001,2010,119.69791412353516,309
NE005006,2010,160.0065460205078,124
NE007002,2010,162.75897216796875,173
NE006012,2010,157.26731872558594,170
NE006006,2010,172.46524047851562,350
NE001003,2010,3.631397008895874,9604
NE007008,2010,181.61563110351562,112
NE007010,2010,50.73356628417969,2333
NE003006,2010,286.35552978515625,82
NE005013,2010,141.88238525390625,25
NE005001,2010,122.81703186035156,464
NE007011,2010,195.57247924804688,16
NE006005,2010,155.51426696777344,48
NE002004,2010,106.14550018310547,252
NE002001,2010,92.48934173583984,59
NE001004,2011,7.8505730628967285,4833
NE001005,2011,40.547786712646484,2074
NE008001,2011,121.96966552734375,17
NE004003,2011,136.06703186035156,357
NE003004,2011,161.9735870361328,300
NE003002,2011,178.97604370117188,53
NE007004,2011,133.1099853515625,698
NE007009,2011,96.49603271484375,806
NE003001,2011,143.0955047607422,105
NE004008,2011,150.79776000976562,218
NE003007,2011,127.52900695800781,90
NE002003,2011,104.69621276855469,268
NE005010,2011,52.81074142456055,1005
NE005008,2011,191.17660522460938,50
NE001002,2011,17.98991584777832,2096
NE001001,2011,49.05455780029297,1741
NE003008,2011,154.90333557128906,93
NE006010,2011,175.3292236328125,213
NE003003,2011,118.9367446899414,279
NE005011,2011,97.4483871459961,371
NE004009,2011,164.12142944335938,178
NE004005,2011,168.38453674316406,157
NE005002,2011,114.3680648803711,102
NE005003,2011,150.35824584960938,106
NE001006,2011,35.55194854736328,1062
NE006011,2011,129.2071533203125,314
NE006008,2011,119.19921875,304
NE005012,2011,92.38070678710938,593
NE004004,2011,197.08013916015625,33
NE002006,2011,71.23540496826172,330
NE004002,2011,107.76180267333984,192
NE006007,2011,113.57622528076172,141
NE005005,2011,154.03472900390625,125
NE005009,2011,119.84601593017578,389
NE004007,2011,197.0267791748047,1
NE004001,2011,175.69952392578125,58
NE007003,2011,179.14434814453125,145
NE004006,2011,188.84678649902344,125
NE006004,2011,87.65658569335938,214
NE006002,2011,96.81239318847656,100
NE003005,2011,175.22061157226562,51
NE007006,2011,188.31912231445312,131
NE005004,2011,158.04873657226562,124
NE007007,2011,161.4088134765625,123
NE006009,2011,96.91426849365234,488
NE006003,2011,103.102783203125,44
NE002002,2011,101.46674346923828,180
NE006013,2011,156.23179626464844,202
NE005007,2011,170.24954223632812,151
NE006001,2011,86.2811050415039,429
NE002005,2011,15.531246185302734,3920
NE007005,2011,177.28602600097656,74
NE007001,2011,90.216796875,309
NE005006,2011,146.49000549316406,124
NE007002,2011,123.78230285644531,173
NE006012,2011,93.89077758789062,170
NE006006,2011,97.14749908447266,350
NE001003,2011,2.7990148067474365,9604
NE007008,2011,142.288818359375,112
NE007010,2011,37.58663558959961,2333
NE003006,2011,197.88258361816406,82
NE005013,2011,147.40292358398438,25
NE005001,2011,96.15081024169922,464
NE007011,2011,158.29803466796875,16
NE006005,2011,143.37110900878906,48
NE002004,2011,93.4097671508789,252
NE002001,2011,69.19833374023438,59
NE001004,2012,9.626506805419922,4833
NE001005,2012,51.79191589355469,2074
NE008001,2012,224.7029266357422,17
NE004003,2012,168.4830780029297,357
NE003004,2012,224.4438018798828,300
NE003002,2012,216.8863067626953,53
NE007004,2012,171.097412109375,698
NE007009,2012,100.14314270019531,806
NE003001,2012,223.9849090576172,105
NE004008,2012,199.9044189453125,218
NE003007,2012,178.65560913085938,90
NE002003,2012,165.79014587402344,268
NE005010,2012,69.63986206054688,1005
NE005008,2012,179.1160125732422,50
NE001002,2012,23.92540168762207,2096
NE001001,2012,54.821842193603516,1741
NE003008,2012,193.93482971191406,93
NE006010,2012,244.9561767578125,213
NE003003,2012,144.64698791503906,279
NE005011,2012,98.81305694580078,371
NE004009,2012,199.91708374023438,178
NE004005,2012,224.7887420654297,157
NE005002,2012,134.4079132080078,102
NE005003,2012,167.0614013671875,106
NE001006,2012,46.76524353027344,1062
NE006011,2012,188.3804473876953,314
NE006008,2012,209.5436248779297,304
NE005012,2012,102.5884017944336,593
NE004004,2012,239.38841247558594,33
NE002006,2012,119.01006317138672,330
NE004002,2012,130.2058563232422,192
NE006007,2012,213.41802978515625,141
NE005005,2012,155.7650146484375,125
NE005009,2012,118.77812957763672,389
NE004007,2012,271.9615173339844,1
NE004001,2012,236.86029052734375,58
NE007003,2012,266.93011474609375,145
NE004006,2012,263.0471496582031,125
NE006004,2012,130.81422424316406,214
NE006002,2012,114.56709289550781,100
NE003005,2012,246.16656494140625,51
NE007006,2012,267.2458190917969,131
NE005004,2012,172.64549255371094,124
NE007007,2012,216.096923828125,123
NE006009,2012,148.31979370117188,488
NE006003,2012,178.10948181152344,44
NE002002,2012,152.39247131347656,180
NE006013,2012,233.7145538330078,202
NE005007,2012,181.71871948242188,151
NE006001,2012,109.3722152709961,429
NE002005,2012,23.662899017333984,3920
NE007005,2012,228.3489532470703,74
NE007001,2012,104.76386260986328,309
NE005006,2012,150.39454650878906,124
NE007002,2012,149.13522338867188,173
NE006012,2012,147.49795532226562,170
NE006006,2012,148.23643493652344,350
NE001003,2012,3.1765806674957275,9604
NE007008,2012,182.5220184326172,112
NE007010,2012,44.98931884765625,2333
NE003006,2012,260.9690246582031,82
NE005013,2012,130.93849182128906,25
NE005001,2012,109.25885772705078,464
NE007011,2012,213.04977416992188,16
NE006005,2012,171.5391387939453,48
NE002004,2012,147.4842529296875,252
NE002001,2012,131.12632751464844,59
NE001004,2013,6.550292491912842,4833
NE001005,2013,24.002843856811523,2074
NE008001,2013,168.56460571289062,17
NE004003,2013,108.849365234375,357
NE003004,2013,209.4452667236328,300
NE003002,2013,239.0139617919922,53
NE007004,2013,130.294677734375,698
NE007009,2013,69.32447814941406,806
NE003001,2013,186.47084045410156,105
NE004008,2013,135.0311737060547,218
NE003007,2013,164.83753967285156,90
NE002003,2013,117.16436767578125,268
NE005010,2013,39.21687698364258,1005
NE005008,2013,144.11029052734375,50
NE001002,2013,9.617474555969238,2096
NE001001,2013,36.826866149902344,1741
NE003008,2013,201.52462768554688,93
NE006010,2013,241.4337158203125,213
NE003003,2013,141.35357666015625,279
NE005011,2013,61.96116256713867,371
NE004009,2013,148.49041748046875,178
NE004005,2013,138.3852996826172,157
NE005002,2013,108.27359771728516,102
NE005003,2013,144.6088409423828,106
NE001006,2013,24.458309173583984,1062
NE006011,2013,139.0498809814453,314
NE006008,2013,165.23910522460938,304
NE005012,2013,67.50968170166016,593
NE004004,2013,170.45693969726562,33
NE002006,2013,49.29534912109375,330
NE004002,2013,88.037353515625,192
NE006007,2013,143.56015014648438,141
NE005005,2013,121.18488311767578,125
NE005009,2013,90.08594512939453,389
NE004007,2013,159.401611328125,1
NE004001,2013,156.93104553222656,58
NE007003,2013,177.67462158203125,145
NE004006,2013,160.29661560058594,125
NE006004,2013,83.795654296875,214
NE006002,2013,79.42620849609375,100
NE003005,2013,224.88763427734375,51
NE007006,2013,191.40830993652344,131
NE005004,2013,118.31825256347656,124
NE007007,2013,156.3164520263672,123
NE006009,2013,109.45025634765625,488
NE006003,2013,154.67044067382812,44
NE002002,2013,104.03486633300781,180
NE006013,2013,194.3185577392578,202
NE005007,2013,124.50289916992188,151
NE006001,2013,79.00363159179688,429
NE002005,2013,11.227435111999512,3920
NE007005,2013,164.59336853027344,74
NE007001,2013,82.57292938232422,309
NE005006,2013,109.24044799804688,124
NE007002,2013,112.34266662597656,173
NE006012,2013,109.8580322265625,170
NE006006,2013,116.13479614257812,350
NE001003,2013,2.8912065029144287,9604
NE007008,2013,129.34927368164062,112
NE007010,2013,29.074970245361328,2333
NE003006,2013,256.48291015625,82
NE005013,2013,95.05278015136719,25
NE005001,2013,72.96747589111328,464
NE007011,2013,146.80996704101562,16
NE006005,2013,131.237548828125,48
NE002004,2013,99.56926727294922,252
NE002001,2013,58.774715423583984,59
NE001004,2014,6.710455894470215,4833
NE001005,2014,28.299606323242188,2074
NE008001,2014,182.02230834960938,17
NE004003,2014,157.86805725097656,357
NE003004,2014,217.7472686767578,300
NE003002,2014,222.9114227294922,53
NE007004,2014,118.3022232055664,698
NE007009,2014,88.72369384765625,806
NE003001,2014,187.5085906982422,105
NE004008,2014,149.13430786132812,218
NE003007,2014,181.39112854003906,90
NE002003,2014,90.43031311035156,268
NE005010,2014,58.93229293823242,1005
NE005008,2014,216.1354522705078,50
NE001002,2014,10.81164836883545,2096
NE001001,2014,43.877220153808594,1741
NE003008,2014,231.87010192871094,93
NE006010,2014,227.60203552246094,213
NE003003,2014,188.7898406982422,279
NE005011,2014,107.55342102050781,371
NE004009,2014,144.64797973632812,178
NE004005,2014,185.40008544921875,157
NE005002,2014,165.456298828125,102
NE005003,2014,216.6873321533203,106
NE001006,2014,24.02719497680664,1062
NE006011,2014,143.8766326904297,314
NE006008,2014,166.92535400390625,304
NE005012,2014,115.99675750732422,593
NE004004,2014,176.72607421875,33
NE002006,2014,33.80085754394531,330
NE004002,2014,138.68736267089844,192
NE006007,2014,166.11448669433594,141
NE005005,2014,184.70132446289062,125
NE005009,2014,136.7997283935547,389
NE004007,2014,208.20059204101562,1
NE004001,2014,167.88189697265625,58
NE007003,2014,159.4390106201172,145
NE004006,2014,207.9074249267578,125
NE006004,2014,127.93083953857422,214
NE006002,2014,114.49596405029297,100
NE003005,2014,215.5384063720703,51
NE007006,2014,180.1051483154297,131
NE005004,2014,178.1974639892578,124
NE007007,2014,165.71923828125,123
NE006009,2014,146.8342742919922,488
NE006003,2014,158.29266357421875,44
NE002002,2014,60.76570129394531,180
NE006013,2014,201.37527465820312,202
NE005007,2014,190.61521911621094,151
NE006001,2014,123.11958312988281,429
NE002005,2014,10.519908905029297,3920
NE007005,2014,179.84288024902344,74
NE007001,2014,109.9012222290039,309
NE005006,2014,172.2367706298828,124
NE007002,2014,126.48846435546875,173
NE006012,2014,145.83340454101562,170
NE006006,2014,150.56716918945312,350
NE001003,2014,2.994671106338501,9604
NE007008,2014,137.38250732421875,112
NE007010,2014,27.92998504638672,2333
NE003006,2014,183.0907745361328,82
NE005013,2014,143.27134704589844,25
NE005001,2014,127.97278594970703,464
NE007011,2014,159.81747436523438,16
NE006005,2014,142.90269470214844,48
NE002004,2014,69.65962982177734,252
NE002001,2014,42.97560119628906,59
NE001004,2015,9.037667274475098,4833
NE001005,2015,30.02705955505371,2074
NE008001,2015,239.25502014160156,17
NE004003,2015,110.41360473632812,357
NE003004,2015,218.95025634765625,300
NE003002,2015,222.4610595703125,53
NE007004,2015,90.1369400024414,698
NE007009,2015,60.84557342529297,806
NE003001,2015,207.4925537109375,105
NE004008,2015,108.12999725341797,218
NE003007,2015,198.30026245117188,90
NE002003,2015,72.89287567138672,268
NE005010,2015,55.750701904296875,1005
NE005008,2015,154.96710205078125,50
NE001002,2015,15.131047248840332,2096
NE001001,2015,32.55815887451172,1741
NE003008,2015,206.93756103515625,93
NE006010,2015,265.2728271484375,213
NE003003,2015,152.10629272460938,279
NE005011,2015,59.50355529785156,371
NE004009,2015,111.51837921142578,178
NE004005,2015,131.11293029785156,157
NE005002,2015,119.8744125366211,102
NE005003,2015,166.4639434814453,106
NE001006,2015,35.83913803100586,1062
NE006011,2015,210.53045654296875,314
NE006008,2015,214.0087432861328,304
NE005012,2015,85.99488830566406,593
NE004004,2015,136.79983520507812,33
NE002006,2015,35.62531280517578,330
NE004002,2015,76.96682739257812,192
NE006007,2015,244.9868927001953,141
NE005005,2015,131.1774444580078,125
NE005009,2015,97.11204528808594,389
NE004007,2015,151.81680297851562,1
NE004001,2015,136.79815673828125,58
NE007003,2015,157.6682891845703,145
NE004006,2015,163.54763793945312,125
NE006004,2015,145.07049560546875,214
NE006002,2015,140.12838745117188,100
NE003005,2015,220.3197021484375,51
NE007006,2015,169.28778076171875,131
NE005004,2015,127.73194885253906,124
NE007007,2015,126.84771728515625,123
NE006009,2015,176.68527221679688,488
NE006003,2015,177.81756591796875,44
NE002002,2015,61.22303771972656,180
NE006013,2015,274.2599182128906,202
NE005007,2015,129.3712158203125,151
NE006001,2015,105.21219635009766,429
NE002005,2015,9.639695167541504,3920
NE007005,2015,141.27554321289062,74
NE007001,2015,71.32229614257812,309
NE005006,2015,113.625732421875,124
NE007002,2015,77.85684967041016,173
NE006012,2015,187.7553253173828,170
NE006006,2015,155.96963500976562,350
NE001003,2015,2.8134660720825195,9604
NE007008,2015,102.6129150390625,112
NE007010,2015,23.663738250732422,2333
NE003006,2015,221.7617645263672,82
NE005013,2015,107.73452758789062,25
NE005001,2015,62.831363677978516,464
NE007011,2015,120.77189636230469,16
NE006005,2015,197.57142639160156,48
NE002004,2015,57.8492317199707,252
NE002001,2015,44.90679931640625,59
NE001004,2016,9.048734664916992,4833
NE001005,2016,52.61894989013672,2074
NE008001,2016,194.19081115722656,17
NE004003,2016,162.60435485839844,357
NE003004,2016,185.71197509765625,300
NE003002,2016,195.1389617919922,53
NE007004,2016,155.7540283203125,698
NE007009,2016,89.76203918457031,806
NE003001,2016,178.35862731933594,105
NE004008,2016,164.848876953125,218
NE003007,2016,184.86209106445312,90
NE002003,2016,159.0766143798828,268
NE005010,2016,82.50700378417969,1005
NE005008,2016,227.10777282714844,50
NE001002,2016,22.3231201171875,2096
NE001001,2016,63.364723205566406,1741
NE003008,2016,191.89114379882812,93
NE006010,2016,219.45718383789062,213
NE003003,2016,187.7837371826172,279
NE005011,2016,107.32069396972656,371
NE004009,2016,156.1755828857422,178
NE004005,2016,190.74057006835938,157
NE005002,2016,175.7834014892578,102
NE005003,2016,216.35598754882812,106
NE001006,2016,42.2426872253418,1062
NE006011,2016,183.74853515625,314
NE006008,2016,178.38858032226562,304
NE005012,2016,112.2752685546875,593
NE004004,2016,192.7109832763672,33
NE002006,2016,103.76374053955078,330
NE004002,2016,135.9158935546875,192
NE006007,2016,195.25421142578125,141
NE005005,2016,198.07965087890625,125
NE005009,2016,151.6011962890625,389
NE004007,2016,212.75704956054688,1
NE004001,2016,184.87167358398438,58
NE007003,2016,196.0998077392578,145
NE004006,2016,211.6151123046875,125
NE006004,2016,126.05594635009766,214
NE006002,2016,126.9088363647461,100
NE003005,2016,191.01620483398438,51
NE007006,2016,209.3675079345703,131
NE005004,2016,187.9553985595703,124
NE007007,2016,157.6855010986328,123
NE006009,2016,145.7964630126953,488
NE006003,2016,151.72952270507812,44
NE002002,2016,153.72645568847656,180
NE006013,2016,221.88607788085938,202
NE005007,2016,197.00299072265625,151
NE006001,2016,123.95928192138672,429
NE002005,2016,25.143728256225586,3920
NE007005,2016,181.74853515625,74
NE007001,2016,118.80500030517578,309
NE005006,2016,174.7135009765625,124
NE007002,2016,125.83206176757812,173
NE006012,2016,154.28189086914062,170
NE006006,2016,151.015625,350
NE001003,2016,3.444645404815674,9604
NE007008,2016,136.9365997314453,112
NE007010,2016,49.36670684814453,2333
NE003006,2016,213.92173767089844,82
NE005013,2016,159.3273468017578,25
NE005001,2016,118.09892272949219,464
NE007011,2016,148.64724731445312,16
NE006005,2016,181.6679229736328,48
NE002004,2016,145.99575805664062,252
NE002001,2016,126.00756072998047,59
NE001004,2017,10.18486499786377,4833
NE001005,2017,39.958160400390625,2074
NE008001,2017,284.153564453125,17
NE004003,2017,187.0662384033203,357
NE003004,2017,272.7992858886719,300
NE003002,2017,270.8486633300781,53
NE007004,2017,118.4788818359375,698
NE007009,2017,87.60865783691406,806
NE003001,2017,257.3130798339844,105
NE004008,2017,187.72222900390625,218
NE003007,2017,214.50949096679688,90
NE002003,2017,104.71354675292969,268
NE005010,2017,79.53828430175781,1005
NE005008,2017,227.9774169921875,50
NE001002,2017,15.65308952331543,2096
NE001001,2017,49.139591217041016,1741
NE003008,2017,231.87596130371094,93
NE006010,2017,320.0493469238281,213
NE003003,2017,177.94337463378906,279
NE005011,2017,117.9831771850586,371
NE004009,2017,168.7875518798828,178
NE004005,2017,225.49127197265625,157
NE005002,2017,157.33721923828125,102
NE005003,2017,205.1637725830078,106
NE001006,2017,33.906612396240234,1062
NE006011,2017,171.4677276611328,314
NE006008,2017,243.99819946289062,304
NE005012,2017,123.69648742675781,593
NE004004,2017,194.32716369628906,33
NE002006,2017,72.0562744140625,330
NE004002,2017,134.92697143554688,192
NE006007,2017,202.73841857910156,141
NE005005,2017,187.8973846435547,125
NE005009,2017,146.7912139892578,389
NE004007,2017,249.43484497070312,1
NE004001,2017,194.7861785888672,58
NE007003,2017,176.99282836914062,145
NE004006,2017,243.36692810058594,125
NE006004,2017,133.5224609375,214
NE006002,2017,112.10193634033203,100
NE003005,2017,303.7887268066406,51
NE007006,2017,194.29537963867188,131
NE005004,2017,192.2652130126953,124
NE007007,2017,155.8955535888672,123
NE006009,2017,161.51205444335938,488
NE006003,2017,193.8488311767578,44
NE002002,2017,115.14815521240234,180
NE006013,2017,280.18634033203125,202
NE005007,2017,209.44741821289062,151
NE006001,2017,125.29448699951172,429
NE002005,2017,18.078969955444336,3920
NE007005,2017,177.2372589111328,74
NE007001,2017,108.63011932373047,309
NE005006,2017,178.16180419921875,124
NE007002,2017,115.98182678222656,173
NE006012,2017,154.22608947753906,170
NE006006,2017,160.0414581298828,350
NE001003,2017,3.2403311729431152,9604
NE007008,2017,142.0552215576172,112
NE007010,2017,33.929222106933594,2333
NE003006,2017,300.2934875488281,82
NE005013,2017,163.8696746826172,25
NE005001,2017,125.08750915527344,464
NE007011,2017,150.2935791015625,16
NE006005,2017,169.3188018798828,48
NE002004,2017,100.56604766845703,252
NE002001,2017,86.65496826171875,59
NE001004,2018,9.237146377563477,4833
NE001005,2018,49.857566833496094,2074
NE008001,2018,242.01783752441406,17
NE004003,2018,151.20155334472656,357
NE003004,2018,256.9446716308594,300
NE003002,2018,284.1801452636719,53
NE007004,2018,136.1622772216797,698
NE007009,2018,96.85979461669922,806
NE003001,2018,225.01254272460938,105
NE004008,2018,169.15919494628906,218
NE003007,2018,190.35865783691406,90
NE002003,2018,118.58565521240234,268
NE005010,2018,72.89458465576172,1005
NE005008,2018,169.8432159423828,50
NE001002,2018,23.7646427154541,2096
NE001001,2018,57.701725006103516,1741
NE003008,2018,243.54531860351562,93
NE006010,2018,268.571533203125,213
NE003003,2018,160.00929260253906,279
NE005011,2018,96.05267333984375,371
NE004009,2018,174.36996459960938,178
NE004005,2018,179.4527130126953,157
NE005002,2018,132.8004913330078,102
NE005003,2018,166.86624145507812,106
NE001006,2018,53.90544128417969,1062
NE006011,2018,168.36477661132812,314
NE006008,2018,213.7639617919922,304
NE005012,2018,117.47306823730469,593
NE004004,2018,201.66766357421875,33
NE002006,2018,91.9611587524414,330
NE004002,2018,109.2154769897461,192
NE006007,2018,192.9772491455078,141
NE005005,2018,144.5213623046875,125
NE005009,2018,117.04255676269531,389
NE004007,2018,205.60968017578125,1
NE004001,2018,188.54489135742188,58
NE007003,2018,210.9706573486328,145
NE004006,2018,219.1536865234375,125
NE006004,2018,148.2953338623047,214
NE006002,2018,128.576171875,100
NE003005,2018,271.7340393066406,51
NE007006,2018,240.692626953125,131
NE005004,2018,148.8712158203125,124
NE007007,2018,194.07809448242188,123
NE006009,2018,174.62509155273438,488
NE006003,2018,183.8732452392578,44
NE002002,2018,119.59618377685547,180
NE006013,2018,226.37709045410156,202
NE005007,2018,157.90142822265625,151
NE006001,2018,127.18983459472656,429
NE002005,2018,21.306415557861328,3920
NE007005,2018,197.9508514404297,74
NE007001,2018,110.98860931396484,309
NE005006,2018,137.75234985351562,124
NE007002,2018,131.32855224609375,173
NE006012,2018,167.15078735351562,170
NE006006,2018,158.38656616210938,350
NE001003,2018,2.946556806564331,9604
NE007008,2018,154.25843811035156,112
NE007010,2018,40.501522064208984,2333
NE003006,2018,343.4905700683594,82
NE005013,2018,122.46835327148438,25
NE005001,2018,96.668701171875,464
NE007011,2018,180.98199462890625,16
NE006005,2018,157.53343200683594,48
NE002004,2018,112.26776123046875,252
NE002001,2018,99.16925048828125,59
NE001004,2019,8.274921417236328,4833
NE001005,2019,44.39870071411133,2074
NE008001,2019,217.7631072998047,17
NE004003,2019,139.65615844726562,357
NE003004,2019,242.39036560058594,300
NE003002,2019,264.2657775878906,53
NE007004,2019,155.75914001464844,698
NE007009,2019,87.52240753173828,806
NE003001,2019,232.36856079101562,105
NE004008,2019,164.638916015625,218
NE003007,2019,184.7213592529297,90
NE002003,2019,148.19552612304688,268
NE005010,2019,50.71242141723633,1005
NE005008,2019,203.3207550048828,50
NE001002,2019,18.56525421142578,2096
NE001001,2019,44.31239318847656,1741
NE003008,2019,227.7378387451172,93
NE006010,2019,286.7074890136719,213
NE003003,2019,152.12747192382812,279
NE005011,2019,89.16968536376953,371
NE004009,2019,175.81094360351562,178
NE004005,2019,173.76211547851562,157
NE005002,2019,137.5753173828125,102
NE005003,2019,176.79721069335938,106
NE001006,2019,35.83934020996094,1062
NE006011,2019,147.99778747558594,314
NE006008,2019,199.7815399169922,304
NE005012,2019,92.02978515625,593
NE004004,2019,195.35379028320312,33
NE002006,2019,84.45997619628906,330
NE004002,2019,102.12735748291016,192
NE006007,2019,181.62342834472656,141
NE005005,2019,166.6903076171875,125
NE005009,2019,121.96890258789062,389
NE004007,2019,190.96173095703125,1
NE004001,2019,176.8564453125,58
NE007003,2019,233.77304077148438,145
NE004006,2019,192.68865966796875,125
NE006004,2019,89.94773864746094,214
NE006002,2019,91.31356811523438,100
NE003005,2019,269.7786560058594,51
NE007006,2019,237.5353240966797,131
NE005004,2019,155.33688354492188,124
NE007007,2019,182.29510498046875,123
NE006009,2019,129.53005981445312,488
NE006003,2019,167.28567504882812,44
NE002002,2019,146.6509246826172,180
NE006013,2019,245.23333740234375,202
NE005007,2019,172.17166137695312,151
NE006001,2019,106.1002426147461,429
NE002005,2019,16.529563903808594,3920
NE007005,2019,197.18069458007812,74
NE007001,2019,90.44398498535156,309
NE005006,2019,141.22023010253906,124
NE007002,2019,141.01280212402344,173
NE006012,2019,130.69552612304688,170
NE006006,2019,132.7057647705078,350
NE001003,2019,2.830477237701416,9604
NE007008,2019,168.5289764404297,112
NE007010,2019,32.58598709106445,2333
NE003006,2019,278.71002197265625,82
NE005013,2019,127.95892333984375,25
NE005001,2019,91.4401626586914,464
NE007011,2019,177.75439453125,16
NE006005,2019,140.67738342285156,48
NE002004,2019,126.21723175048828,252
NE002001,2019,99.32127380371094,59
NE001004,2020,7.534792423248291,4833
NE001005,2020,35.4825553894043,2074
NE008001,2020,213.97116088867188,17
NE004003,2020,189.8682098388672,357
NE003004,2020,314.7431335449219,300
NE003002,2020,331.89288330078125,53
NE007004,2020,168.30850219726562,698
NE007009,2020,88.71273803710938,806
NE003001,2020,259.2474060058594,105
NE004008,2020,210.6064910888672,218
NE003007,2020,253.8549041748047,90
NE002003,2020,146.9173126220703,268
NE005010,2020,59.677154541015625,1005
NE005008,2020,271.7232360839844,50
NE001002,2020,13.608866691589355,2096
NE001001,2020,42.55445861816406,1741
NE003008,2020,337.0273132324219,93
NE006010,2020,302.57080078125,213
NE003003,2020,253.09603881835938,279
NE005011,2020,106.88702392578125,371
NE004009,2020,219.3187255859375,178
NE004005,2020,256.3943176269531,157
NE005002,2020,221.5481414794922,102
NE005003,2020,297.77685546875,106
NE001006,2020,35.93479919433594,1062
NE006011,2020,172.3213653564453,314
NE006008,2020,207.9276123046875,304
NE005012,2020,130.76971435546875,593
NE004004,2020,260.7156982421875,33
NE002006,2020,84.14656829833984,330
NE004002,2020,117.68304443359375,192
NE006007,2020,192.8448944091797,141
NE005005,2020,234.40284729003906,125
NE005009,2020,169.92401123046875,389
NE004007,2020,280.0762939453125,1
NE004001,2020,245.66482543945312,58
NE007003,2020,248.88470458984375,145
NE004006,2020,281.89398193359375,125
NE006004,2020,126.31341552734375,214
NE006002,2020,107.25923919677734,100
NE003005,2020,295.6406555175781,51
NE007006,2020,293.080810546875,131
NE005004,2020,214.6587371826172,124
NE007007,2020,232.78253173828125,123
NE006009,2020,149.2138214111328,488
NE006003,2020,183.44740295410156,44
NE002002,2020,120.54914093017578,180
NE006013,2020,236.97373962402344,202
NE005007,2020,237.73129272460938,151
NE006001,2020,132.9044647216797,429
NE002005,2020,18.17515754699707,3920
NE007005,2020,266.6772155761719,74
NE007001,2020,96.66946411132812,309
NE005006,2020,196.2197265625,124
NE007002,2020,162.58587646484375,173
NE006012,2020,148.46824645996094,170
NE006006,2020,177.41200256347656,350
NE001003,2020,3.1992595195770264,9604
NE007008,2020,196.96994018554688,112
NE007010,2020,36.208248138427734,2333
NE003006,2020,327.6644592285156,82
NE005013,2020,193.3157958984375,25
NE005001,2020,107.2737045288086,464
NE007011,2020,218.99655151367188,16
NE006005,2020,163.8999786376953,48
NE002004,2020,117.32725524902344,252
NE002001,2020,101.61593627929688,59
NE001004,2021,9.011496543884277,4833
NE001005,2021,56.54092788696289,2074
NE008001,2021,199.81529235839844,17
NE004003,2021,162.68798828125,357
NE003004,2021,210.7031707763672,300
NE003002,2021,218.78713989257812,53
NE007004,2021,173.1991424560547,698
NE007009,2021,102.01742553710938,806
NE003001,2021,200.58279418945312,105
NE004008,2021,167.7769012451172,218
NE003007,2021,189.54629516601562,90
NE002003,2021,187.753662109375,268
NE005010,2021,91.12299346923828,1005
NE005008,2021,197.0067138671875,50
NE001002,2021,20.714290618896484,2096
NE001001,2021,58.38108444213867,1741
NE003008,2021,225.07632446289062,93
NE006010,2021,226.9390106201172,213
NE003003,2021,164.4434356689453,279
NE005011,2021,125.52556610107422,371
NE004009,2021,161.15638732910156,178
NE004005,2021,173.56155395507812,157
NE005002,2021,151.6046905517578,102
NE005003,2021,197.02500915527344,106
NE001006,2021,43.99468994140625,1062
NE006011,2021,149.63931274414062,314
NE006008,2021,181.3658905029297,304
NE005012,2021,130.54689025878906,593
NE004004,2021,200.3436279296875,33
NE002006,2021,98.52593994140625,330
NE004002,2021,154.54307556152344,192
NE006007,2021,157.00743103027344,141
NE005005,2021,185.9486541748047,125
NE005009,2021,154.5559539794922,389
NE004007,2021,196.60247802734375,1
NE004001,2021,192.59201049804688,58
NE007003,2021,222.6739959716797,145
NE004006,2021,217.95204162597656,125
NE006004,2021,105.4852523803711,214
NE006002,2021,101.54696655273438,100
NE003005,2021,195.6867218017578,51
NE007006,2021,235.86984252929688,131
NE005004,2021,187.28785705566406,124
NE007007,2021,182.16969299316406,123
NE006009,2021,121.35271453857422,488
NE006003,2021,151.95889282226562,44
NE002002,2021,154.55584716796875,180
NE006013,2021,216.06399536132812,202
NE005007,2021,171.5107879638672,151
NE006001,2021,120.0743408203125,429
NE002005,2021,30.241771697998047,3920
NE007005,2021,200.12611389160156,74
NE007001,2021,131.63230895996094,309
NE005006,2021,197.55270385742188,124
NE007002,2021,133.16477966308594,173
NE006012,2021,126.5898208618164,170
NE006006,2021,139.8485565185547,350
NE001003,2021,3.5545151233673096,9604
NE007008,2021,136.76052856445312,112
NE007010,2021,46.8447265625,2333
NE003006,2021,201.710693359375,82
NE005013,2021,162.8143310546875,25
NE005001,2021,140.25576782226562,464
NE007011,2021,164.9709014892578,16
NE006005,2021,146.10455322265625,48
NE002004,2021,163.67247009277344,252
NE002001,2021,117.23356628417969,59
NE001004,2022,7.271660327911377,4833
NE001005,2022,32.54292678833008,2074
NE008001,2022,197.67893981933594,17
NE004003,2022,126.56537628173828,357
NE003004,2022,259.5301208496094,300
NE003002,2022,291.0480651855469,53
NE007004,2022,184.29605102539062,698
NE007009,2022,97.59187316894531,806
NE003001,2022,241.739013671875,105
NE004008,2022,152.89764404296875,218
NE003007,2022,174.9353790283203,90
NE002003,2022,202.255126953125,268
NE005010,2022,48.76618194580078,1005
NE005008,2022,159.9492645263672,50
NE001002,2022,12.07381534576416,2096
NE001001,2022,41.86105728149414,1741
NE003008,2022,238.55018615722656,93
NE006010,2022,298.3016052246094,213
NE003003,2022,134.31565856933594,279
NE005011,2022,71.56388092041016,371
NE004009,2022,157.76780700683594,178
NE004005,2022,151.9418487548828,157
NE005002,2022,112.80974578857422,102
NE005003,2022,155.0972900390625,106
NE001006,2022,32.73583984375,1062
NE006011,2022,148.896484375,314
NE006008,2022,195.18411254882812,304
NE005012,2022,79.26444244384766,593
NE004004,2022,183.46180725097656,33
NE002006,2022,102.42185974121094,330
NE004002,2022,103.53744506835938,192
NE006007,2022,178.77149963378906,141
NE005005,2022,128.39266967773438,125
NE005009,2022,100.79137420654297,389
NE004007,2022,176.2332763671875,1
NE004001,2022,162.8962860107422,58
NE007003,2022,260.8707580566406,145
NE004006,2022,174.40992736816406,125
NE006004,2022,96.626953125,214
NE006002,2022,100.334716796875,100
NE003005,2022,286.4746398925781,51
NE007006,2022,244.14407348632812,131
NE005004,2022,130.5955810546875,124
NE007007,2022,199.60108947753906,123
NE006009,2022,115.85090637207031,488
NE006003,2022,146.07537841796875,44
NE002002,2022,162.30055236816406,180
NE006013,2022,246.35488891601562,202
NE005007,2022,150.3181915283203,151
NE006001,2022,90.39985656738281,429
NE002005,2022,24.47673225402832,3920
NE007005,2022,196.63111877441406,74
NE007001,2022,104.80630493164062,309
NE005006,2022,113.41841125488281,124
NE007002,2022,145.2678985595703,173
NE006012,2022,128.60491943359375,170
NE006006,2022,114.76207733154297,350
NE001003,2022,3.0360918045043945,9604
NE007008,2022,151.4790802001953,112
NE007010,2022,45.75115203857422,2333
NE003006,2022,336.4371337890625,82
NE005013,2022,101.72178649902344,25
NE005001,2022,78.47801208496094,464
NE007011,2022,182.69564819335938,16
NE006005,2022,144.0206298828125,48
NE002004,2022,163.910400390625,252
NE002001,2022,117.02449035644531,59
NE001004,2023,6.747520446777344,4833
NE001005,2023,26.99599838256836,2074
NE008001,2023,226.61575317382812,17
NE004003,2023,170.14666748046875,357
NE003004,2023,247.04580688476562,300
NE003002,2023,235.87713623046875,53
NE007004,2023,171.50523376464844,698
NE007009,2023,103.02605438232422,806
NE003001,2023,244.88827514648438,105
NE004008,2023,191.1746368408203,218
NE003007,2023,215.25550842285156,90
NE002003,2023,123.72590637207031,268
NE005010,2023,55.42340087890625,1005
NE005008,2023,212.48193359375,50
NE001002,2023,10.88662052154541,2096
NE001001,2023,35.928619384765625,1741
NE003008,2023,233.00567626953125,93
NE006010,2023,270.9688415527344,213
NE003003,2023,187.173583984375,279
NE005011,2023,103.54621124267578,371
NE004009,2023,196.81143188476562,178
NE004005,2023,198.65187072753906,157
NE005002,2023,167.54310607910156,102
NE005003,2023,201.0303497314453,106
NE001006,2023,19.70268440246582,1062
NE006011,2023,162.2106170654297,314
NE006008,2023,213.62425231933594,304
NE005012,2023,110.58609771728516,593
NE004004,2023,216.50506591796875,33
NE002006,2023,73.86474609375,330
NE004002,2023,131.9033966064453,192
NE006007,2023,206.22792053222656,141
NE005005,2023,188.84751892089844,125
NE005009,2023,153.67068481445312,389
NE004007,2023,230.64910888671875,1
NE004001,2023,204.7167510986328,58
NE007003,2023,271.7352294921875,145
NE004006,2023,241.37083435058594,125
NE006004,2023,139.2168731689453,214
NE006002,2023,109.49410247802734,100
NE003005,2023,260.6704406738281,51
NE007006,2023,282.5955505371094,131
NE005004,2023,197.10275268554688,124
NE007007,2023,237.14175415039062,123
NE006009,2023,148.92367553710938,488
NE006003,2023,199.26954650878906,44
NE002002,2023,121.3004150390625,180
NE006013,2023,243.46987915039062,202
NE005007,2023,191.41915893554688,151
NE006001,2023,121.68022155761719,429
NE002005,2023,16.345745086669922,3920
NE007005,2023,231.23606872558594,74
NE007001,2023,108.09888458251953,309
NE005006,2023,194.9547882080078,124
NE007002,2023,174.2977294921875,173
NE006012,2023,147.29891967773438,170
NE006006,2023,154.9617156982422,350
NE001003,2023,3.0178403854370117,9604
NE007008,2023,196.89486694335938,112
NE007010,2023,34.66374206542969,2333
NE003006,2023,217.5150604248047,82
NE005013,2023,163.47232055664062,25
NE005001,2023,117.46401977539062,464
NE007011,2023,229.74624633789062,16
NE006005,2023,142.8217315673828,48
NE002004,2023,108.10149383544922,252
NE002001,2023,82.02533721923828,59
NE001004,2024,9.552379608154297,4833
NE001005,2024,45.16155242919922,2074
NE008001,2024,278.3251647949219,17
NE004003,2024,197.0814971923828,357
NE003004,2024,296.193603515625,300
NE003002,2024,288.63385009765625,53
NE007004,2024,187.57223510742188,698
NE007009,2024,128.34432983398438,806
NE003001,2024,292.3303527832031,105
NE004008,2024,202.0974884033203,218
NE003007,2024,264.4631652832031,90
NE002003,2024,193.00567626953125,268
NE005010,2024,79.93216705322266,1005
NE005008,2024,309.129150390625,50
NE001002,2024,18.817556381225586,2096
NE001001,2024,64.05828857421875,1741
NE003008,2024,308.09478759765625,93
NE006010,2024,331.91534423828125,213
NE003003,2024,258.2671203613281,279
NE005011,2024,139.2924041748047,371
NE004009,2024,198.89463806152344,178
NE004005,2024,216.39776611328125,157
NE005002,2024,234.5288543701172,102
NE005003,2024,309.27130126953125,106
NE001006,2024,42.92143249511719,1062
NE006011,2024,228.40968322753906,314
NE006008,2024,260.8973693847656,304
NE005012,2024,145.1597137451172,593
NE004004,2024,227.43133544921875,33
NE002006,2024,148.0786590576172,330
NE004002,2024,168.26080322265625,192
NE006007,2024,258.188232421875,141
NE005005,2024,263.0047912597656,125
NE005009,2024,197.3102569580078,389
NE004007,2024,231.54510498046875,1
NE004001,2024,217.55064392089844,58
NE007003,2024,229.44415283203125,145
NE004006,2024,238.92556762695312,125
NE006004,2024,179.2576141357422,214
NE006002,2024,166.21707153320312,100
NE003005,2024,293.3966064453125,51
NE007006,2024,239.41046142578125,131
NE005004,2024,250.20660400390625,124
NE007007,2024,209.73593139648438,123
NE006009,2024,219.69735717773438,488
NE006003,2024,235.2470245361328,44
NE002002,2024,210.23416137695312,180
NE006013,2024,294.50439453125,202
NE005007,2024,254.30108642578125,151
NE006001,2024,168.4276885986328,429
NE002005,2024,46.07624435424805,3920
NE007005,2024,215.2828826904297,74
NE007001,2024,144.08236694335938,309
NE005006,2024,232.53443908691406,124
NE007002,2024,167.36160278320312,173
NE006012,2024,215.4936065673828,170
NE006006,2024,218.6227264404297,350
NE001003,2024,3.64422869682312,9604
NE007008,2024,176.65245056152344,112
NE007010,2024,61.50689697265625,2333
NE003006,2024,329.2161560058594,82
NE005013,2024,208.96609497070312,25
NE005001,2024,149.8248291015625,464
NE007011,2024,206.86441040039062,16
NE006005,2024,219.2215118408203,48
NE002004,2024,183.02955627441406,252
NE002001,2024,180.3184051513672,59
NE001004,2025,9.675244331359863,4833
NE001005,2025,51.754173278808594,2074
NE008001,2025,198.93862915039062,17
NE004003,2025,157.37753295898438,357
NE003004,2025,233.22283935546875,300
NE003002,2025,227.8624725341797,53
NE007004,2025,173.64047241210938,698
NE007009,2025,124.34916687011719,806
NE003001,2025,233.36053466796875,105
NE004008,2025,186.04722595214844,218
NE003007,2025,177.3527374267578,90
NE002003,2025,148.72230529785156,268
NE005010,2025,89.79094696044922,1005
NE005008,2025,166.91822814941406,50
NE001002,2025,21.170225143432617,2096
NE001001,2025,68.03807830810547,1741
NE003008,2025,225.54861450195312,93
NE006010,2025,239.25010681152344,213
NE003003,2025,153.1161651611328,279
NE005011,2025,114.04749298095703,371
NE004009,2025,204.9235382080078,178
NE004005,2025,182.1689453125,157
NE005002,2025,131.2133331298828,102
NE005003,2025,173.73150634765625,106
NE001006,2025,46.03132247924805,1062
NE006011,2025,215.89393615722656,314
NE006008,2025,197.5709991455078,304
NE005012,2025,114.18860626220703,593
NE004004,2025,241.56971740722656,33
NE002006,2025,74.33448028564453,330
NE004002,2025,128.9676055908203,192
NE006007,2025,217.0895538330078,141
NE005005,2025,149.7882537841797,125
NE005009,2025,122.92806243896484,389
NE004007,2025,221.59849548339844,1
NE004001,2025,218.30606079101562,58
NE007003,2025,231.4369354248047,145
NE004006,2025,237.1372528076172,125
NE006004,2025,144.35227966308594,214
NE006002,2025,162.8819122314453,100
NE003005,2025,249.23504638671875,51
NE007006,2025,250.7003173828125,131
NE005004,2025,149.50411987304688,124
NE007007,2025,208.5378875732422,123
NE006009,2025,154.3435516357422,488
NE006003,2025,171.6689910888672,44
NE002002,2025,121.27005004882812,180
NE006013,2025,235.9704132080078,202
NE005007,2025,148.85836791992188,151
NE006001,2025,97.00662231445312,429
NE002005,2025,28.4058780670166,3920
NE007005,2025,239.52789306640625,74
NE007001,2025,126.849365234375,309
NE005006,2025,151.9229278564453,124
NE007002,2025,157.2879638671875,173
NE006012,2025,168.04940795898438,170
NE006006,2025,134.81333923339844,350
NE001003,2025,3.869203567504883,9604
NE007008,2025,196.28585815429688,112
NE007010,2025,56.45266342163086,2333
NE003006,2025,230.74209594726562,82
NE005013,2025,140.0120086669922,25
NE005001,2025,109.81713104248047,464
NE007011,2025,210.8448944091797,16
NE006005,2025,214.4520263671875,48
NE002004,2025,115.41218566894531,252
NE002001,2025,90.02859497070312,59
NE001004,2026,7.495733261108398,4833
NE001005,2026,23.22372055053711,2074
NE008001,2026,239.9735870361328,17
NE004003,2026,131.99176025390625,357
NE003004,2026,170.41705322265625,300
NE003002,2026,162.27047729492188,53
NE007004,2026,149.08177185058594,698
NE007009,2026,63.57978439331055,806
NE003001,2026,199.34190368652344,105
NE004008,2026,144.7762451171875,218
NE003007,2026,138.32862854003906,90
NE002003,2026,141.07669067382812,268
NE005010,2026,45.47152328491211,1005
NE005008,2026,147.96737670898438,50
NE001002,2026,11.35295295715332,2096
NE001001,2026,30.014951705932617,1741
NE003008,2026,150.71055603027344,93
NE006010,2026,258.0018615722656,213
NE003003,2026,125.55345916748047,279
NE005011,2026,62.935909271240234,371
NE004009,2026,139.59014892578125,178
NE004005,2026,160.9294891357422,157
NE005002,2026,98.3917465209961,102
NE005003,2026,142.97146606445312,106
NE001006,2026,20.71793556213379,1062
NE006011,2026,162.3876190185547,314
NE006008,2026,213.85623168945312,304
NE005012,2026,70.67984771728516,593
NE004004,2026,155.78590393066406,33
NE002006,2026,60.79525375366211,330
NE004002,2026,91.834716796875,192
NE006007,2026,209.4529266357422,141
NE005005,2026,109.46990203857422,125
NE005009,2026,77.44519805908203,389
NE004007,2026,181.34829711914062,1
NE004001,2026,150.51910400390625,58
NE007003,2026,189.95358276367188,145
NE004006,2026,180.6977996826172,125
NE006004,2026,123.9449691772461,214
NE006002,2026,111.92959594726562,100
NE003005,2026,223.98146057128906,51
NE007006,2026,171.63978576660156,131
NE005004,2026,119.53398132324219,124
NE007007,2026,151.45944213867188,123
NE006009,2026,148.56959533691406,488
NE006003,2026,160.83245849609375,44
NE002002,2026,109.44425201416016,180
NE006013,2026,272.8460388183594,202
NE005007,2026,136.56097412109375,151
NE006001,2026,86.55995178222656,429
NE002005,2026,12.116125106811523,3920
NE007005,2026,143.40884399414062,74
NE007001,2026,73.52787780761719,309
NE005006,2026,101.84027862548828,124
NE007002,2026,123.47844696044922,173
NE006012,2026,156.86932373046875,170
NE006006,2026,118.99604034423828,350
NE001003,2026,3.0232584476470947,9604
NE007008,2026,126.9696044921875,112
NE007010,2026,27.543682098388672,2333
NE003006,2026,194.2917938232422,82
NE005013,2026,82.90670776367188,25
NE005001,2026,74.75404357910156,464
NE007011,2026,150.71405029296875,16
NE006005,2026,147.0079803466797,48
NE002004,2026,104.85506439208984,252
NE002001,2026,77.56741333007812,59
