pcode,year,n_rain,rain_rp,veg_rp,cdi
NE001001,1991,3,1.5666666666666667,11.0,5
NE001001,1992,3,1.6818181818181817,1.8333333333333335,0
NE001001,1993,3,3.6153846153846154,2.588235294117647,0
NE001001,1994,3,2.1363636363636362,1.375,0
NE001001,1995,3,4.7,44.0,5
NE001001,1996,3,7.833333333333334,8.8,3
NE001001,1997,3,2.9375,2.2,0
NE001001,1998,4,1.260053619302949,1.375,0
NE001001,1999,4,1.2550066755674234,1.375,0
NE001001,2000,4,1.7358490566037736,4.0,0
NE001001,2001,4,2.6387596899224808,6.285714285714286,5
NE001001,2002,4,2.0857843137254903,1.6296296296296295,0
NE001001,2003,4,1.6675665252603162,1.7599999999999998,0
NE001001,2004,4,5.49428208386277,2.0,1
NE001001,2005,4,2.0781134856300665,44.0,5
NE001001,2006,4,26.35514018691589,22.0,4
NE001001,2007,4,1.441761965268954,8.8,5
NE001001,2008,4,1.6062407132243686,2.75,0
NE001001,2009,4,6.642089093701997,3.3846153846153846,1
NE001001,2010,4,1.0483523252232831,1.8333333333333335,0
NE001001,2011,4,1.955617198335645,3.142857142857143,0
NE001001,2012,4,1.7934467026130236,2.0,0
NE001001,2013,4,4.725543478260869,3.142857142857143,0
NE001001,2014,4,2.0629770992366416,4.0,0
NE001001,2015,4,2.3149113660062564,2.588235294117647,0
NE001001,2016,4,1.3908009006111288,2.2,0
NE001001,2017,4,1.8973233874506361,1.5714285714285714,0
NE001001,2018,4,1.2558814986930005,1.375,0
NE001001,2019,4,1.7439120188531028,1.8333333333333335,0
NE001001,2020,4,1.854202401372213,1.517241379310345,0
NE001001,2021,4,1.7074128620520372,1.517241379310345,0
NE001001,2022,4,3.022508038585209,1.6923076923076923,0
NE001001,2023,4,4.331257783312577,2.3157894736842106,0
NE001001,2024,4,1.0935761254425898,1.375,0
NE001001,2025,4,1.1161387631975868,1.375,0
NE001001,2026,4,6.51310861423221,2.75,1
NE001002,1991,2,1.8198653198653196,11.0,6
NE001002,1992,2,1.3679215438152483,1.8333333333333335,6
NE001002,1993,2,3.442675159235668,2.588235294117647,6
NE001002,1994,2,1.6231231231231231,1.375,6
NE001002,1995,2,2.489349453080023,44.0,6
NE001002,1996,2,5.49428208386277,8.8,6
NE001002,1997,2,1.1349081364829396,2.2,6
NE001002,1998,3,1.7407407407407405,1.375,6
NE001002,1999,3,1.6666666666666667,1.375,6
NE001002,2000,3,2.1904761904761907,4.0,6
NE001002,2001,3,2.7058823529411766,6.285714285714286,6
NE001002,2002,3,2.0,1.6296296296296295,6
NE001002,2003,3,2.3076923076923075,1.7599999999999998,6
NE001002,2004,3,5.111111111111111,2.0,6
NE001002,2005,3,4.7,44.0,6
NE001002,2006,3,3.8333333333333335,22.0,6
NE001002,2007,3,1.4375,8.8,6
NE001002,2008,3,1.7647058823529411,2.75,6
NE001002,2009,3,7.5,3.3846153846153846,6
NE001002,2010,3,1.1794871794871795,1.8333333333333335,6
NE001002,2011,3,1.6785714285714286,3.142857142857143,6
NE001002,2012,3,1.1538461538461537,2.0,6
NE001002,2013,3,30.0,3.142857142857143,6
NE001002,2014,3,9.4,4.0,6
NE001002,2015,3,1.2777777777777777,2.588235294117647,6
NE001002,2016,3,1.586206896551724,2.2,6
NE001002,2017,3,2.1363636363636362,1.5714285714285714,6
NE001002,2018,3,1.119047619047619,1.375,6
NE001002,2019,3,1.0344827586206897,1.8333333333333335,6
NE001002,2020,3,1.84,1.517241379310345,6
NE001002,2021,3,5.0,1.517241379310345,6
NE001002,2022,3,5.222222222222222,1.6923076923076923,6
NE001002,2023,3,7.666666666666667,2.3157894736842106,6
NE001002,2024,3,1.5666666666666667,1.375,6
NE001002,2025,3,1.2702702702702702,1.375,6
NE001002,2026,3,6.0,2.75,6
NE001003,1991,2,1.6020748425342717,11.0,6
NE001003,1992,2,1.625563909774436,1.8333333333333335,6
NE001003,1993,2,2.206122448979592,2.588235294117647,6
NE001003,1994,2,1.288822652757079,1.375,6
NE001003,1995,2,1.4485762144053602,44.0,6
NE001003,1996,2,3.0111420612813373,8.8,6
NE001003,1997,2,1.7541582150101418,2.2,6
NE001003,1998,3,1.5666666666666667,1.375,6
NE001003,1999,3,1.0714285714285714,1.375,6
NE001003,2000,3,1.9166666666666667,4.0,6
NE001003,2001,3,23.5,6.285714285714286,6
NE001003,2002,3,2.1904761904761907,1.6296296296296295,6
NE001003,2003,3,3.2857142857142856,1.7599999999999998,6
NE001003,2004,3,2.0,2.0,6
NE001003,2005,3,1.7647058823529411,44.0,6
NE001003,2006,3,2.875,22.0,6
NE001003,2007,3,1.2,8.8,6
NE001003,2008,3,1.4242424242424243,2.75,6
NE001003,2009,3,5.0,3.3846153846153846,6
NE001003,2010,3,1.3043478260869565,1.8333333333333335,6
NE001003,2011,3,5.111111111111111,3.142857142857143,6
NE001003,2012,3,1.5161290322580647,2.0,6
NE001003,2013,3,5.875,3.142857142857143,6
NE001003,2014,3,11.5,4.0,6
NE001003,2015,3,1.7692307692307694,2.588235294117647,6
NE001003,2016,3,2.7058823529411766,2.2,6
NE001003,2017,3,1.3823529411764706,1.5714285714285714,6
NE001003,2018,3,1.3636363636363638,1.375,6
NE001003,2019,3,1.1111111111111112,1.8333333333333335,6
NE001003,2020,3,2.5,1.517241379310345,6
NE001003,2021,3,4.285714285714286,1.517241379310345,6
NE001003,2022,3,2.35,1.6923076923076923,6
NE001003,2023,3,2.764705882352941,2.3157894736842106,6
NE001003,2024,3,1.0344827586206897,1.375,6
NE001003,2025,3,1.875,1.375,6
NE001003,2026,3,10.0,2.75,6
NE001004,1991,2,1.3300522916025836,11.0,6
NE001004,1992,2,1.2245822713112433,1.8333333333333335,6
NE001004,1993,2,3.7052270779777206,2.588235294117647,6
NE001004,1994,2,1.36403785488959,1.375,6
NE001004,1995,2,2.1469712015888778,44.0,6
NE001004,1996,2,5.7962466487935655,8.8,6
NE001004,1997,2,1.1924986210700497,2.2,6
NE001004,1998,3,1.6666666666666667,1.375,6
NE001004,1999,3,1.0344827586206897,1.375,6
NE001004,2000,3,2.090909090909091,4.0,6
NE001004,2001,3,2.875,6.285714285714286,6
NE001004,2002,3,1.7692307692307694,1.6296296296296295,6
NE001004,2003,3,1.875,1.7599999999999998,6
NE001004,2004,3,3.3333333333333335,2.0,6
NE001004,2005,3,2.9375,44.0,6
NE001004,2006,3,2.5555555555555554,22.0,6
NE001004,2007,3,1.6785714285714286,8.8,6
NE001004,2008,3,1.9583333333333335,2.75,6
NE001004,2009,3,9.200000000000001,3.3846153846153846,6
NE001004,2010,3,1.2432432432432432,1.8333333333333335,6
NE001004,2011,3,2.764705882352941,3.142857142857143,6
NE001004,2012,3,1.5789473684210527,2.0,6
NE001004,2013,3,6.0,3.142857142857143,6
NE001004,2014,3,15.0,4.0,6
NE001004,2015,3,1.4375,2.588235294117647,6
NE001004,2016,3,1.586206896551724,2.2,6
NE001004,2017,3,1.25,1.5714285714285714,6
NE001004,2018,3,1.342857142857143,1.375,6
NE001004,2019,3,1.3043478260869565,1.8333333333333335,6
NE001004,2020,3,2.142857142857143,1.517241379310345,6
NE001004,2021,3,3.75,1.517241379310345,6
NE001004,2022,3,5.222222222222222,1.6923076923076923,6
NE001004,2023,3,9.4,2.3157894736842106,6
NE001004,2024,3,1.0714285714285714,1.375,6
NE001004,2025,3,1.3636363636363638,1.375,6
NE001004,2026,3,4.2727272727272725,2.75,6
NE001005,1991,3,2.1363636363636362,11.0,5
NE001005,1992,3,1.3529411764705883,1.8333333333333335,0
NE001005,1993,3,3.916666666666667,2.588235294117647,0
NE001005,1994,3,2.0434782608695654,1.375,0
NE001005,1995,3,7.833333333333334,44.0,3
NE001005,1996,3,7.3999999999999995,8.8,3
NE001005,1997,3,2.238095238095238,2.2,0
NE001005,1998,4,1.1605864302761677,1.375,0
NE001005,1999,4,1.3617854346123726,1.375,0
NE001005,2000,4,2.303839732888147,4.0,0
NE001005,2001,4,1.5427380125086867,6.285714285714286,5
NE001005,2002,4,2.004711425206125,1.6296296296296295,0
NE001005,2003,4,1.375609756097561,1.7599999999999998,0
NE001005,2004,4,5.858864027538726,2.0,1
NE001005,2005,4,1.7028985507246377,44.0,5
NE001005,2006,4,15.744680851063828,22.0,4
NE001005,2007,4,1.5487106017191978,8.8,5
NE001005,2008,4,1.3729308666017528,2.75,0
NE001005,2009,4,3.5463258785942493,3.3846153846153846,0
NE001005,2010,4,1.0678210678210678,1.8333333333333335,0
NE001005,2011,4,1.8989898989898988,3.142857142857143,0
NE001005,2012,4,1.165549597855228,2.0,0
NE001005,2013,4,6.177142857142857,3.142857142857143,1
NE001005,2014,4,4.662198391420912,4.0,0
NE001005,2015,4,1.722672064777328,2.588235294117647,0
NE001005,2016,4,1.258806404657933,2.2,0
NE001005,2017,4,1.7185554171855542,1.5714285714285714,0
NE001005,2018,4,1.4534057668198914,1.375,0
NE001005,2019,4,1.4131126670910248,1.8333333333333335,0
NE001005,2020,4,2.635514018691589,1.517241379310345,0
NE001005,2021,4,1.4212548015364916,1.517241379310345,0
NE001005,2022,4,2.6576521204671173,1.6923076923076923,0
NE001005,2023,4,7.085427135678393,2.3157894736842106,1
NE001005,2024,4,1.37291280148423,1.375,0
NE001005,2025,4,1.4041178845377473,1.375,0
NE001005,2026,4,4.582345191040843,2.75,0
NE001006,1991,3,1.2105263157894737,11.0,5
NE001006,1992,3,1.393939393939394,1.8333333333333335,0
NE001006,1993,3,5.222222222222222,2.588235294117647,1
NE001006,1994,3,1.6206896551724137,1.375,0
NE001006,1995,3,5.285714285714286,44.0,3
NE001006,1996,3,9.200000000000001,8.8,3
NE001006,1997,3,1.3142857142857143,2.2,0
NE001006,1998,4,1.6665069477719214,1.375,0
NE001006,1999,4,1.089223638470452,1.375,0
NE001006,2000,4,1.912359550561798,4.0,0
NE001006,2001,4,4.00942285041225,6.285714285714286,5
NE001006,2002,4,1.7164179104477613,1.6296296296296295,0
NE001006,2003,4,1.663716814159292,1.7599999999999998,0
NE001006,2004,4,3.397590361445783,2.0,0
NE001006,2005,4,3.122923588039867,44.0,5
NE001006,2006,4,9.559322033898304,22.0,3
NE001006,2007,4,1.5374887082204154,8.8,5
NE001006,2008,4,2.2650602409638556,2.75,0
NE001006,2009,4,4.654467168998924,3.3846153846153846,0
NE001006,2010,4,1.0483523252232831,1.8333333333333335,0
NE001006,2011,4,2.486772486772487,3.142857142857143,0
NE001006,2012,4,1.4647160068846814,2.0,0
NE001006,2013,4,4.649462365591398,3.142857142857143,0
NE001006,2014,4,4.956063268892795,4.0,0
NE001006,2015,4,1.7235443037974683,2.588235294117647,0
NE001006,2016,4,1.4529569892473118,2.2,0
NE001006,2017,4,1.911285794497473,1.5714285714285714,0
NE001006,2018,4,1.2593414724380319,1.375,0
NE001006,2019,4,1.5120643431635388,1.8333333333333335,0
NE001006,2020,4,1.5464949928469243,1.517241379310345,0
NE001006,2021,4,2.331932773109244,1.517241379310345,0
NE001006,2022,4,2.427960057061341,1.6923076923076923,0
NE001006,2023,4,13.018867924528303,2.3157894736842106,2
NE001006,2024,4,1.182108626198083,1.375,0
NE001006,2025,4,1.139954113405441,1.375,0
NE001006,2026,4,5.230075187969924,2.75,1
NE003004,1991,3,1.9583333333333335,1.9130434782608696,0
NE003004,1992,3,1.7407407407407405,1.3333333333333333,0
NE003004,1993,3,2.238095238095238,2.2,0
NE003004,1994,3,1.0681818181818181,1.1,0
NE003004,1995,3,7.833333333333334,4.0,1
NE003004,1996,3,6.714285714285714,1.5714285714285714,1
NE003004,1997,3,2.764705882352941,11.0,5
NE003004,1998,4,1.5946813388353964,1.222222222222222,0
NE003004,1999,4,2.4955752212389384,1.1282051282051282,0
NE003004,2000,4,1.5811965811965814,2.0952380952380953,0
NE003004,2001,4,1.0941295546558705,2.444444444444444,0
NE003004,2002,4,1.2148096402375133,14.666666666666668,5
NE003004,2003,4,1.5775264502006567,2.588235294117647,0
NE003004,2004,4,3.617428267800212,3.666666666666667,0
NE003004,2005,4,1.410705352676338,3.3846153846153846,0
NE003004,2006,4,1.7446270543615678,2.75,0
NE003004,2007,4,1.9451901565995526,6.285714285714286,5
NE003004,2008,4,2.586124401913876,1.222222222222222,0
NE003004,2009,4,3.214869888475836,1.7599999999999998,0
NE003004,2010,4,1.5444646098003632,1.6923076923076923,0
NE003004,2011,4,9.98240469208211,4.4,1
NE003004,2012,4,1.927546138072454,4.888888888888888,0
NE003004,2013,4,2.9044368600682593,1.517241379310345,0
NE003004,2014,4,2.369209809264305,2.2,0
NE003004,2015,4,1.962421711899791,4.888888888888888,0
NE003004,2016,4,6.766536964980545,3.666666666666667,1
NE003004,2017,4,1.634756995581738,7.333333333333334,5
NE003004,2018,4,1.6908118619348564,1.375,0
NE003004,2019,4,1.5154684095860567,1.4666666666666668,0
NE003004,2020,4,1.5571820677035682,2.588235294117647,0
NE003004,2021,4,3.2966824644549764,1.6296296296296295,0
NE003004,2022,4,1.5972222222222223,2.3157894736842106,0
NE003004,2023,4,6.052631578947369,8.8,3
NE003004,2024,4,1.0820089001907183,1.2571428571428571,0
NE003004,2025,4,1.93640841916704,4.0,0
NE003004,2026,4,12.207792207792206,1.6923076923076923,2
NE003007,1991,3,1.9583333333333335,1.9130434782608696,0
NE003007,1992,3,1.7407407407407405,1.3333333333333333,0
NE003007,1993,3,4.111111111111111,2.2,0
NE003007,1994,3,1.146341463414634,1.1,0
NE003007,1995,3,2.238095238095238,4.0,0
NE003007,1996,3,4.2727272727272725,1.5714285714285714,0
NE003007,1997,3,1.3055555555555556,11.0,5
NE003007,1998,4,1.787255909558068,1.222222222222222,0
NE003007,1999,4,2.506666666666667,1.1282051282051282,0
NE003007,2000,4,1.5351115949918344,2.0952380952380953,0
NE003007,2001,4,1.0692383778437191,2.444444444444444,0
NE003007,2002,4,1.8096757044125464,14.666666666666668,5
NE003007,2003,4,1.7912178956089475,2.588235294117647,0
NE003007,2004,4,5.466498103666245,3.666666666666667,1
NE003007,2005,4,1.3843888070692196,3.3846153846153846,0
NE003007,2006,4,1.4295108919030002,2.75,0
NE003007,2007,4,1.595022624434389,6.285714285714286,5
NE003007,2008,4,2.1663326653306614,1.222222222222222,0
NE003007,2009,4,2.940397350993378,1.7599999999999998,0
NE003007,2010,4,1.498786828422877,1.6923076923076923,0
NE003007,2011,4,5.4980079681274905,4.4,1
NE003007,2012,4,2.625698324022346,4.888888888888888,0
NE003007,2013,4,1.749229188078109,1.517241379310345,0
NE003007,2014,4,1.5755855216465577,2.2,0
NE003007,2015,4,1.4284770399735711,4.888888888888888,0
NE003007,2016,4,2.4878397711015734,3.666666666666667,0
NE003007,2017,4,3.480572597137014,7.333333333333334,5
NE003007,2018,4,1.7860388269310201,1.375,0
NE003007,2019,4,1.9744292237442922,1.4666666666666668,0
NE003007,2020,4,1.5068614431164233,2.588235294117647,0
NE003007,2021,4,2.922689075630252,1.6296296296296295,0
NE003007,2022,4,3.095204008589836,2.3157894736842106,0
NE003007,2023,4,6.47887323943662,8.8,3
NE003007,2024,4,1.1009813232035455,1.2571428571428571,0
NE003007,2025,4,2.0153937240970987,4.0,0
NE003007,2026,4,10.804597701149426,1.6923076923076923,2
NE003008,1991,3,1.8076923076923077,1.9130434782608696,0
NE003008,1992,3,1.4375,1.3333333333333333,0
NE003008,1993,3,2.7058823529411766,2.2,0
NE003008,1994,3,1.0952380952380953,1.1,0
NE003008,1995,3,3.6153846153846154,4.0,0
NE003008,1996,3,2.5555555555555554,1.5714285714285714,0
NE003008,1997,3,1.3703703703703705,11.0,5
NE003008,1998,4,1.6936936936936935,1.222222222222222,0
NE003008,1999,4,2.5543478260869565,1.1282051282051282,0
NE003008,2000,4,1.3809990205680704,2.0952380952380953,0
NE003008,2001,4,1.387123064384678,2.444444444444444,0
NE003008,2002,4,1.367138364779874,14.666666666666668,5
NE003008,2003,4,1.2926756352765323,2.588235294117647,0
NE003008,2004,4,3.874551971326165,3.666666666666667,0
NE003008,2005,4,1.3473483038700431,3.3846153846153846,0
NE003008,2006,4,2.1870047543581617,2.75,0
NE003008,2007,4,2.4449339207048455,6.285714285714286,5
NE003008,2008,4,2.320381731424676,1.222222222222222,0
NE003008,2009,4,4.040114613180515,1.7599999999999998,0
NE003008,2010,4,1.7738405419489314,1.6923076923076923,0
NE003008,2011,4,15.49820788530466,4.4,2
NE003008,2012,4,3.1400282885431405,4.888888888888888,0
NE003008,2013,4,2.303839732888147,1.517241379310345,0
NE003008,2014,4,1.7690742624618516,2.2,0
NE003008,2015,4,2.3979591836734695,4.888888888888888,0
NE003008,2016,4,4.643524699599466,3.666666666666667,0
NE003008,2017,4,2.797041906327034,7.333333333333334,5
NE003008,2018,4,1.2810313075506445,1.375,0
NE003008,2019,4,1.6428908833254607,1.4666666666666668,0
NE003008,2020,4,1.4716817985300477,2.588235294117647,0
NE003008,2021,4,1.5657967795669072,1.6296296296296295,0
NE003008,2022,4,1.3470404984423674,2.3157894736842106,0
NE003008,2023,4,4.893617021276596,8.8,5
NE003008,2024,4,1.1667225763166722,1.2571428571428571,0
NE003008,2025,4,1.2545454545454546,4.0,0
NE003008,2026,4,8.24561403508772,1.6923076923076923,1
NE004001,1991,3,1.6818181818181817,11.0,5
NE004001,1992,3,4.111111111111111,2.3157894736842106,0
NE004001,1993,3,6.571428571428571,7.333333333333334,3
NE004001,1994,3,1.46875,1.222222222222222,0
NE004001,1995,3,3.6999999999999997,5.5,5
NE004001,1996,3,6.166666666666666,6.285714285714286,3
NE004001,1997,3,1.48,8.8,5
NE004001,1998,4,1.337126600284495,2.0,0
NE004001,1999,4,1.236402417348027,1.222222222222222,0
NE004001,2000,4,1.328308996702779,1.6923076923076923,0
NE004001,2001,4,1.2144131287905815,2.75,0
NE004001,2002,4,2.279708973322555,2.588235294117647,0
NE004001,2003,4,1.3005272407732864,1.4666666666666668,0
NE004001,2004,4,2.915711395819285,4.4,0
NE004001,2005,4,1.5578947368421052,3.666666666666667,0
NE004001,2006,4,5.748760330578512,8.8,3
NE004001,2007,4,3.099641577060932,3.3846153846153846,0
NE004001,2008,4,2.8438266557645133,1.9130434782608696,0
NE004001,2009,4,4.713375796178344,7.333333333333334,5
NE004001,2010,4,1.2058094226000708,1.3333333333333333,0
NE004001,2011,4,2.9399830938292477,1.8333333333333335,0
NE004001,2012,4,1.4704103671706263,1.6923076923076923,0
NE004001,2013,4,2.839506172839506,2.2,0
NE004001,2014,4,2.4355742296918765,4.0,0
NE004001,2015,4,4.387351778656126,2.9333333333333336,0
NE004001,2016,4,2.2733964248159833,2.588235294117647,0
NE004001,2017,4,1.524682651622003,1.5714285714285714,0
NE004001,2018,4,2.07088122605364,1.375,0
NE004001,2019,4,3.136818687430478,2.0952380952380953,0
NE004001,2020,4,1.1823549843695729,1.8333333333333335,0
NE004001,2021,4,1.614670380687094,1.6296296296296295,0
NE004001,2022,4,2.2889610389610393,1.222222222222222,0
NE004001,2023,4,1.5823475887170153,1.5714285714285714,0
NE004001,2024,4,1.1455108359133128,1.222222222222222,0
NE004001,2025,4,1.666281310211946,1.4666666666666668,0
NE004001,2026,4,2.1843532145623548,1.9130434782608696,0
NE004002,1991,3,2.0,11.0,5
NE004002,1992,3,2.473684210526316,2.3157894736842106,0
NE004002,1993,3,23.5,7.333333333333334,4
NE004002,1994,3,2.3125,1.222222222222222,0
NE004002,1995,3,11.75,5.5,4
NE004002,1996,3,2.642857142857143,6.285714285714286,5
NE004002,1997,3,4.2727272727272725,8.8,5
NE004002,1998,4,1.1076197957580518,2.0,0
NE004002,1999,4,1.482523444160273,1.222222222222222,0
NE004002,2000,4,2.0982142857142856,1.6923076923076923,0
NE004002,2001,4,1.0940547341931426,2.75,0
NE004002,2002,4,3.211320754716981,2.588235294117647,0
NE004002,2003,4,1.4450261780104712,1.4666666666666668,0
NE004002,2004,4,6.052631578947369,4.4,1
NE004002,2005,4,1.5024322446143155,3.666666666666667,0
NE004002,2006,4,4.849002849002849,8.8,5
NE004002,2007,4,2.420937840785169,3.3846153846153846,0
NE004002,2008,4,2.1663326653306614,1.9130434782608696,0
NE004002,2009,4,2.898333333333333,7.333333333333334,5
NE004002,2010,4,1.1921698373311276,1.3333333333333333,0
NE004002,2011,4,1.96054114994363,1.8333333333333335,0
NE004002,2012,4,1.5762996087199552,1.6923076923076923,0
NE004002,2013,4,4.88587570621469,2.2,0
NE004002,2014,4,1.4330218068535827,4.0,0
NE004002,2015,4,2.5284738041002277,2.9333333333333336,0
NE004002,2016,4,1.4417177914110428,2.588235294117647,0
NE004002,2017,4,1.570835256114444,1.5714285714285714,0
NE004002,2018,4,1.8573883161512026,1.375,0
NE004002,2019,4,1.6838006230529594,2.0952380952380953,0
NE004002,2020,4,2.638846737481032,1.8333333333333335,0
NE004002,2021,4,1.247892074198988,1.6296296296296295,0
NE004002,2022,4,2.792079207920792,1.222222222222222,0
NE004002,2023,4,2.940397350993378,1.5714285714285714,0
NE004002,2024,4,1.083781706379708,1.222222222222222,0
NE004002,2025,4,1.5043252595155707,1.4666666666666668,0
NE004002,2026,4,4.483306836248012,1.9130434782608696,0
NE004003,1991,3,2.176470588235294,11.0,5
NE004003,1992,3,1.9583333333333335,2.3157894736842106,0
NE004003,1993,3,15.666666666666668,7.333333333333334,4
NE004003,1994,3,2.35,1.222222222222222,0
NE004003,1995,3,5.222222222222222,5.5,3
NE004003,1996,3,3.3636363636363633,6.285714285714286,5
NE004003,1997,3,2.642857142857143,8.8,5
NE004003,1998,4,1.1500815660685155,2.0,0
NE004003,1999,4,1.6883495145631067,1.222222222222222,0
NE004003,2000,4,1.7526413921690491,1.6923076923076923,0
NE004003,2001,4,1.0456900612341027,2.75,0
NE004003,2002,4,3.480572597137014,2.588235294117647,0
NE004003,2003,4,1.6038575667655786,1.4666666666666668,0
NE004003,2004,4,3.46474358974359,4.4,0
NE004003,2005,4,1.3058823529411765,3.666666666666667,0
NE004003,2006,4,4.483306836248012,8.8,5
NE004003,2007,4,2.0947692307692307,3.3846153846153846,0
NE004003,2008,4,3.3159509202453994,1.9130434782608696,0
NE004003,2009,4,9.910714285714286,7.333333333333334,3
NE004003,2010,4,1.3182897862232779,1.3333333333333333,0
NE004003,2011,4,2.734136546184739,1.8333333333333335,0
NE004003,2012,4,1.5289957567185288,1.6923076923076923,0
NE004003,2013,4,4.443864229765013,2.2,0
NE004003,2014,4,1.647196261682243,4.0,0
NE004003,2015,4,1.910213243546577,2.9333333333333336,0
NE004003,2016,4,1.5268361581920904,2.588235294117647,0
NE004003,2017,4,1.3005272407732864,1.5714285714285714,0
NE004003,2018,4,1.755582622817702,1.375,0
NE004003,2019,4,1.5511551155115513,2.0952380952380953,0
NE004003,2020,4,1.2630797773654916,1.8333333333333335,0
NE004003,2021,4,1.6805450416351249,1.6296296296296295,0
NE004003,2022,4,2.227488151658768,1.222222222222222,0
NE004003,2023,4,2.2311557788944727,1.5714285714285714,0
NE004003,2024,4,1.0360440869824248,1.222222222222222,0
NE004003,2025,4,1.5610412926391384,1.4666666666666668,0
NE004003,2026,4,2.594296228150874,1.9130434782608696,0
NE004004,1991,3,2.176470588235294,11.0,5
NE004004,1992,3,3.1333333333333333,2.3157894736842106,0
NE004004,1993,3,5.285714285714286,7.333333333333334,3
NE004004,1994,3,1.5666666666666667,1.222222222222222,0
NE004004,1995,3,2.764705882352941,5.5,5
NE004004,1996,3,6.571428571428571,6.285714285714286,3
NE004004,1997,3,1.3703703703703705,8.8,5
NE004004,1998,4,1.3454198473282444,2.0,0
NE004004,1999,4,1.2477876106194692,1.222222222222222,0
NE004004,2000,4,1.2012987012987013,1.6923076923076923,0
NE004004,2001,4,1.295281582952816,2.75,0
NE004004,2002,4,2.3114754098360657,2.588235294117647,0
NE004004,2003,4,1.4453125,1.4666666666666668,0
NE004004,2004,4,3.1085549964054637,4.4,0
NE004004,2005,4,1.677673730901922,3.666666666666667,0
NE004004,2006,4,4.707846410684474,8.8,5
NE004004,2007,4,3.318495778971604,3.3846153846153846,0
NE004004,2008,4,3.5818743563336763,1.9130434782608696,0
NE004004,2009,4,5.721649484536083,7.333333333333334,3
NE004004,2010,4,1.2342277012327774,1.3333333333333333,0
NE004004,2011,4,3.0705394190871367,1.8333333333333335,0
NE004004,2012,4,1.6629213483146068,1.6923076923076923,0
NE004004,2013,4,2.5939849624060147,2.2,0
NE004004,2014,4,2.6815728604471856,4.0,0
NE004004,2015,4,8.676923076923076,2.9333333333333336,1
NE004004,2016,4,2.448471121177803,2.588235294117647,0
NE004004,2017,4,1.5766558591940714,1.5714285714285714,0
NE004004,2018,4,1.7897350993377483,1.375,0
NE004004,2019,4,2.645403377110694,2.0952380952380953,0
NE004004,2020,4,1.0789223454833596,1.8333333333333335,0
NE004004,2021,4,1.5023758099352051,1.6296296296296295,0
NE004004,2022,4,2.2650602409638556,1.222222222222222,0
NE004004,2023,4,1.8765849535080303,1.5714285714285714,0
NE004004,2024,4,1.1362299901992812,1.222222222222222,0
NE004004,2025,4,1.5990804597701147,1.4666666666666668,0
NE004004,2026,4,2.8804902962206334,1.9130434782608696,0
NE004007,1991,3,1.3214285714285714,11.0,5
NE004007,1992,3,2.9375,2.3157894736842106,0
NE004007,1993,3,6.571428571428571,7.333333333333334,3
NE004007,1994,3,1.46875,1.222222222222222,0
NE004007,1995,3,2.4210526315789473,5.5,5
NE004007,1996,3,11.75,6.285714285714286,4
NE004007,1997,3,1.423076923076923,8.8,5
NE004007,1998,4,1.3967310549777119,2.0,0
NE004007,1999,4,2.0374926772114823,1.222222222222222,0
NE004007,2000,4,1.4354106479570778,1.6923076923076923,0
NE004007,2001,4,1.1592689295039165,2.75,0
NE004007,2002,4,2.8261437908496734,2.588235294117647,0
NE004007,2003,4,1.7074128620520372,1.4666666666666668,0
NE004007,2004,4,5.118796992481204,4.4,1
NE004007,2005,4,1.5184678522571822,3.666666666666667,0
NE004007,2006,4,4.0335820895522385,8.8,5
NE004007,2007,4,2.734977862112587,3.3846153846153846,0
NE004007,2008,4,4.106257378984652,1.9130434782608696,0
NE004007,2009,4,4.171597633136095,7.333333333333334,5
NE004007,2010,4,1.1202072538860104,1.3333333333333333,0
NE004007,2011,4,2.948207171314741,1.8333333333333335,0
NE004007,2012,4,1.3876885446392173,1.6923076923076923,0
NE004007,2013,4,5.936842105263158,2.2,1
NE004007,2014,4,2.545998504113687,4.0,0
NE004007,2015,4,3.9495798319327724,2.9333333333333336,0
NE004007,2016,4,1.8275570583262892,2.588235294117647,0
NE004007,2017,4,1.410705352676338,1.5714285714285714,0
NE004007,2018,4,1.8613861386138613,1.375,0
NE004007,2019,4,2.5246195165622205,2.0952380952380953,0
NE004007,2020,4,1.0626336694164376,1.8333333333333335,0
NE004007,2021,4,2.021505376344086,1.6296296296296295,0
NE004007,2022,4,2.2591431556948796,1.222222222222222,0
NE004007,2023,4,1.8958155422715626,1.5714285714285714,0
NE004007,2024,4,1.195189003436426,1.222222222222222,0
NE004007,2025,4,1.2810313075506445,1.4666666666666668,0
NE004007,2026,4,2.175925925925926,1.9130434782608696,0
NE004008,1991,3,1.5416666666666665,11.0,5
NE004008,1992,3,4.7,2.3157894736842106,0
NE004008,1993,3,7.833333333333334,7.333333333333334,3
NE004008,1994,3,1.5161290322580647,1.222222222222222,0
NE004008,1995,3,2.5555555555555554,5.5,5
NE004008,1996,3,6.166666666666666,6.285714285714286,3
NE004008,1997,3,1.423076923076923,8.8,5
NE004008,1998,4,1.3479923518164434,2.0,0
NE004008,1999,4,1.6094400740397963,1.222222222222222,0
NE004008,2000,4,2.722007722007722,1.6923076923076923,0
NE004008,2001,4,1.0311193683232698,2.75,0
NE004008,2002,4,2.707317073170732,2.588235294117647,0
NE004008,2003,4,1.3293413173652695,1.4666666666666668,0
NE004008,2004,4,2.736428009441385,4.4,0
NE004008,2005,4,1.2367688022284122,3.666666666666667,0
NE004008,2006,4,5.936842105263158,8.8,3
NE004008,2007,4,2.817182817182817,3.3846153846153846,0
NE004008,2008,4,3.125803489439853,1.9130434782608696,0
NE004008,2009,4,9.61038961038961,7.333333333333334,3
NE004008,2010,4,1.4888698630136987,1.3333333333333333,0
NE004008,2011,4,3.0349040139616053,1.8333333333333335,0
NE004008,2012,4,1.5008818342151675,1.6923076923076923,0
NE004008,2013,4,4.430327868852459,2.2,0
NE004008,2014,4,2.4825124910778014,4.0,0
NE004008,2015,4,1.976847729296527,2.9333333333333336,0
NE004008,2016,4,2.0243445692883895,2.588235294117647,0
NE004008,2017,4,1.34765625,1.5714285714285714,0
NE004008,2018,4,1.6020267157991708,1.375,0
NE004008,2019,4,1.8774966711051932,2.0952380952380953,0
NE004008,2020,4,1.3032159264931087,1.8333333333333335,0
NE004008,2021,4,2.131519274376417,1.6296296296296295,0
NE004008,2022,4,1.951834862385321,1.222222222222222,0
NE004008,2023,4,1.4741035856573705,1.5714285714285714,0
NE004008,2024,4,1.0626336694164376,1.222222222222222,0
NE004008,2025,4,1.318423047763457,1.4666666666666668,0
NE004008,2026,4,3.0096051227321237,1.9130434782608696,0
NE004009,1991,3,2.090909090909091,11.0,5
NE004009,1992,3,2.764705882352941,2.3157894736842106,0
NE004009,1993,3,5.285714285714286,7.333333333333334,3
NE004009,1994,3,2.176470588235294,1.222222222222222,0
NE004009,1995,3,2.1363636363636362,5.5,5
NE004009,1996,3,6.571428571428571,6.285714285714286,3
NE004009,1997,3,1.4242424242424243,8.8,5
NE004009,1998,4,1.5678027556200143,2.0,0
NE004009,1999,4,1.2870835235052487,1.222222222222222,0
NE004009,2000,4,2.334437086092715,1.6923076923076923,0
NE004009,2001,4,1.1455108359133128,2.75,0
NE004009,2002,4,1.8034118602761982,2.588235294117647,0
NE004009,2003,4,1.5994236311239192,1.4666666666666668,0
NE004009,2004,4,3.2316890881913305,4.4,0
NE004009,2005,4,1.4767895878524946,3.666666666666667,0
NE004009,2006,4,6.527777777777778,8.8,3
NE004009,2007,4,2.8041504539559012,3.3846153846153846,0
NE004009,2008,4,2.276923076923077,1.9130434782608696,0
NE004009,2009,4,6.626865671641791,7.333333333333334,3
NE004009,2010,4,1.1694687289845327,1.3333333333333333,0
NE004009,2011,4,2.6618705035971217,1.8333333333333335,0
NE004009,2012,4,1.7641778865769073,1.6923076923076923,0
NE004009,2013,4,3.3242187499999996,2.2,0
NE004009,2014,4,2.6013462976813764,4.0,0
NE004009,2015,4,2.792452830188679,2.9333333333333336,0
NE004009,2016,4,2.324731182795699,2.588235294117647,0
NE004009,2017,4,1.4330218068535827,1.5714285714285714,0
NE004009,2018,4,1.5946813388353964,1.375,0
NE004009,2019,4,1.9092755585646584,2.0952380952380953,0
NE004009,2020,4,1.182765809589993,1.8333333333333335,0
NE004009,2021,4,1.800207039337474,1.6296296296296295,0
NE004009,2022,4,1.8198653198653196,1.222222222222222,0
NE004009,2023,4,1.3725335438042618,1.5714285714285714,0
NE004009,2024,4,1.0871694417238003,1.222222222222222,0
NE004009,2025,4,1.3687524596615506,1.4666666666666668,0
NE004009,2026,4,3.994334277620397,1.9130434782608696,0
NE005001,1991,3,1.7407407407407405,6.285714285714286,5
NE005001,1992,3,1.8800000000000001,2.2,0
NE005001,1993,3,23.5,6.285714285714286,4
NE005001,1994,3,1.15625,1.1282051282051282,0
NE005001,1995,3,4.7,8.8,5
NE005001,1996,3,4.111111111111111,4.0,0
NE005001,1997,3,3.6153846153846154,7.333333333333334,5
NE005001,1998,4,1.039939713639789,1.2941176470588236,0
NE005001,1999,4,1.3590361445783132,1.1282051282051282,0
NE005001,2000,4,2.0464441219158203,2.9333333333333336,0
NE005001,2001,4,1.3849033063006861,2.2,0
NE005001,2002,4,3.583157894736842,5.5,5
NE005001,2003,4,1.447278911564626,1.7599999999999998,0
NE005001,2004,4,5.4873096446700504,5.5,3
NE005001,2005,4,1.4590655807972568,3.142857142857143,0
NE005001,2006,4,3.210096510764662,4.4,0
NE005001,2007,4,1.79902755267423,2.0,0
NE005001,2008,4,1.944244604316547,1.517241379310345,0
NE005001,2009,4,2.331099195710456,3.142857142857143,0
NE005001,2010,4,1.22354272778721,1.8333333333333335,0
NE005001,2011,4,2.3863134657836644,2.588235294117647,0
NE005001,2012,4,2.071873502635362,2.3157894736842106,0
NE005001,2013,4,9.324396782841823,1.8333333333333335,1
NE005001,2014,4,1.9770773638968482,1.517241379310345,0
NE005001,2015,4,3.2361516034985423,1.7599999999999998,0
NE005001,2016,4,1.4313141343925853,3.666666666666667,0
NE005001,2017,4,1.240390131956397,2.0,0
NE005001,2018,4,2.2187254130605822,1.4666666666666668,0
NE005001,2019,4,1.5879828326180256,2.0952380952380953,0
NE005001,2020,4,2.42877094972067,1.2571428571428571,0
NE005001,2021,4,1.3741604109047807,1.375,0
NE005001,2022,4,3.8641644325290434,1.3333333333333333,0
NE005001,2023,4,2.356687898089172,2.75,0
NE005001,2024,4,1.0767468499427262,1.1578947368421053,0
NE005001,2025,4,1.6883495145631067,1.2941176470588236,0
NE005001,2026,4,2.355889724310777,1.6923076923076923,0
NE005003,1991,3,1.9583333333333335,6.285714285714286,5
NE005003,1992,3,2.090909090909091,2.2,0
NE005003,1993,3,6.714285714285714,6.285714285714286,3
NE005003,1994,3,1.1794871794871795,1.1282051282051282,0
NE005003,1995,3,3.1333333333333333,8.8,5
NE005003,1996,3,1.5161290322580647,4.0,0
NE005003,1997,3,2.846153846153846,7.333333333333334,5
NE005003,1998,4,1.3580632565404138,1.2941176470588236,0
NE005003,1999,4,1.1773865944482058,1.1282051282051282,0
NE005003,2000,4,2.1123595505617976,2.9333333333333336,0
NE005003,2001,4,1.8734177215189873,2.2,0
NE005003,2002,4,1.3967871485943777,5.5,5
NE005003,2003,4,1.792703150912106,1.7599999999999998,0
NE005003,2004,4,3.461969575660529,5.5,5
NE005003,2005,4,1.069802731411229,3.142857142857143,0
NE005003,2006,4,2.095180722891566,4.4,0
NE005003,2007,4,2.4577617328519854,2.0,0
NE005003,2008,4,2.2045680238331675,1.517241379310345,0
NE005003,2009,4,7.1827242524916945,3.142857142857143,1
NE005003,2010,4,1.2947658402203857,1.8333333333333335,0
NE005003,2011,4,5.159904534606206,2.588235294117647,1
NE005003,2012,4,2.8132726089785294,2.3157894736842106,0
NE005003,2013,4,2.4025974025974026,1.8333333333333335,0
NE005003,2014,4,1.2078212290502794,1.517241379310345,0
NE005003,2015,4,1.4356811471952764,1.7599999999999998,0
NE005003,2016,4,1.2922893006575016,3.666666666666667,0
NE005003,2017,4,4.669410150891633,2.0,0
NE005003,2018,4,2.2483487450462354,1.4666666666666668,0
NE005003,2019,4,3.5031055900621118,2.0952380952380953,0
NE005003,2020,4,1.114603798297315,1.2571428571428571,0
NE005003,2021,4,4.036363636363636,1.375,0
NE005003,2022,4,2.113943028485757,1.3333333333333333,0
NE005003,2023,4,3.8743455497382193,2.75,0
NE005003,2024,4,1.0391395279354647,1.1578947368421053,0
NE005003,2025,4,3.426600985221675,1.2941176470588236,0
NE005003,2026,4,5.685483870967742,1.6923076923076923,1
NE005004,1991,3,2.0555555555555554,6.285714285714286,5
NE005004,1992,3,2.238095238095238,2.2,0
NE005004,1993,3,15.666666666666668,6.285714285714286,4
NE005004,1994,3,1.48,1.1282051282051282,0
NE005004,1995,3,7.833333333333334,8.8,3
NE005004,1996,3,2.4666666666666663,4.0,0
NE005004,1997,3,2.176470588235294,7.333333333333334,5
NE005004,1998,4,1.1340152111198532,1.2941176470588236,0
NE005004,1999,4,2.111718275652702,1.1282051282051282,0
NE005004,2000,4,1.7526413921690491,2.9333333333333336,0
NE005004,2001,4,1.4590655807972568,2.2,0
NE005004,2002,4,2.293800539083558,5.5,5
NE005004,2003,4,1.3405797101449277,1.7599999999999998,0
NE005004,2004,4,3.461969575660529,5.5,5
NE005004,2005,4,1.1643270024772916,3.142857142857143,0
NE005004,2006,4,2.513953488372093,4.4,0
NE005004,2007,4,1.9803746654772523,2.0,0
NE005004,2008,4,2.445701357466063,1.517241379310345,0
NE005004,2009,4,4.6381578947368425,3.142857142857143,0
NE005004,2010,4,1.2987303958177743,1.8333333333333335,0
NE005004,2011,4,2.1187077385424495,2.588235294117647,0
NE005004,2012,4,1.8260135135135134,2.3157894736842106,0
NE005004,2013,4,4.733475479744136,1.8333333333333335,0
NE005004,2014,4,1.4358452138492872,1.517241379310345,0
NE005004,2015,4,1.8817025981205082,1.7599999999999998,0
NE005004,2016,4,1.4549125168236876,3.666666666666667,0
NE005004,2017,4,1.5809872029250458,2.0,0
NE005004,2018,4,2.2615062761506275,1.4666666666666668,0
NE005004,2019,4,1.8158403090792017,2.0952380952380953,0
NE005004,2020,4,1.2673119880863737,1.2571428571428571,0
NE005004,2021,4,2.868217054263566,1.375,0
NE005004,2022,4,3.4516523867809057,1.3333333333333333,0
NE005004,2023,4,2.453038674033149,2.75,0
NE005004,2024,4,1.045994065281899,1.1578947368421053,0
NE005004,2025,4,3.734024179620034,1.2941176470588236,0
NE005004,2026,4,6.527777777777778,1.6923076923076923,1
NE005005,1991,3,1.6818181818181817,6.285714285714286,5
NE005005,1992,3,2.642857142857143,2.2,0
NE005005,1993,3,5.875,6.285714285714286,3
NE005005,1994,3,1.088235294117647,1.1282051282051282,0
NE005005,1995,3,2.611111111111111,8.8,5
NE005005,1996,3,1.9583333333333335,4.0,0
NE005005,1997,3,2.764705882352941,7.333333333333334,5
NE005005,1998,4,1.1519198664440735,1.2941176470588236,0
NE005005,1999,4,2.017401392111369,1.1282051282051282,0
NE005005,2000,4,2.378932968536252,2.9333333333333336,0
NE005005,2001,4,1.4142085583714166,2.2,0
NE005005,2002,4,1.3049514113836185,5.5,5
NE005005,2003,4,1.3933688088415883,1.7599999999999998,0
NE005005,2004,4,4.23921568627451,5.5,5
NE005005,2005,4,1.128451380552221,3.142857142857143,0
NE005005,2006,4,2.0826347305389223,4.4,0
NE005005,2007,4,1.7002997002997002,2.0,0
NE005005,2008,4,2.2886597938144333,1.517241379310345,0
NE005005,2009,4,4.196428571428571,3.142857142857143,0
NE005005,2010,4,1.4050632911392404,1.8333333333333335,0
NE005005,2011,4,3.1292517006802716,2.588235294117647,0
NE005005,2012,4,2.2674357629785002,2.3157894736842106,0
NE005005,2013,4,3.012211668928087,1.8333333333333335,0
NE005005,2014,4,1.4850555081127241,1.517241379310345,0
NE005005,2015,4,1.5182872435325603,1.7599999999999998,0
NE005005,2016,4,1.2922893006575016,3.666666666666667,0
NE005005,2017,4,2.5807429871114484,2.0,0
NE005005,2018,4,2.1947130883301096,1.4666666666666668,0
NE005005,2019,4,2.722007722007722,2.0952380952380953,0
NE005005,2020,4,1.2053824362606231,1.2571428571428571,0
NE005005,2021,4,4.596273291925466,1.375,0
NE005005,2022,4,3.186440677966102,1.3333333333333333,0
NE005005,2023,4,2.0018034265103695,2.75,0
NE005005,2024,4,1.0391395279354647,1.1578947368421053,0
NE005005,2025,4,3.776330076004343,1.2941176470588236,0
NE005005,2026,4,9.559322033898304,1.6923076923076923,1
NE005006,1991,3,1.761904761904762,6.285714285714286,5
NE005006,1992,3,3.916666666666667,2.2,0
NE005006,1993,3,11.75,6.285714285714286,4
NE005006,1994,3,1.0454545454545454,1.1282051282051282,0
NE005006,1995,3,4.7,8.8,5
NE005006,1996,3,2.176470588235294,4.0,0
NE005006,1997,3,2.473684210526316,7.333333333333334,5
NE005006,1998,4,1.069802731411229,1.2941176470588236,0
NE005006,1999,4,1.7049019607843137,1.1282051282051282,0
NE005006,2000,4,2.094339622641509,2.9333333333333336,0
NE005006,2001,4,1.433211799801127,2.2,0
NE005006,2002,4,1.9946091644204853,5.5,5
NE005006,2003,4,1.5319531953195318,1.7599999999999998,0
NE005006,2004,4,3.1646951774340306,5.5,5
NE005006,2005,4,1.375609756097561,3.142857142857143,0
NE005006,2006,4,2.197094125078964,4.4,0
NE005006,2007,4,1.7788461538461537,2.0,0
NE005006,2008,4,2.2769878883622963,1.517241379310345,0
NE005006,2009,4,3.5929752066115697,3.142857142857143,0
NE005006,2010,4,1.1896551724137931,1.8333333333333335,0
NE005006,2011,4,2.422680412371134,2.588235294117647,0
NE005006,2012,4,2.114425427872861,2.3157894736842106,0
NE005006,2013,4,8.280952380952382,1.8333333333333335,1
NE005006,2014,4,1.6031836270608302,1.517241379310345,0
NE005006,2015,4,1.4194373401534528,1.7599999999999998,0
NE005006,2016,4,1.327602087810869,3.666666666666667,0
NE005006,2017,4,1.6643571978444958,2.0,0
NE005006,2018,4,2.317256162915327,1.4666666666666668,0
NE005006,2019,4,2.4500434404865334,2.0952380952380953,0
NE005006,2020,4,1.4155474155474155,1.2571428571428571,0
NE005006,2021,4,2.1305182341650672,1.375,0
NE005006,2022,4,3.186440677966102,1.3333333333333333,0
NE005006,2023,4,1.8407960199004976,2.75,0
NE005006,2024,4,1.0645526613816534,1.1578947368421053,0
NE005006,2025,4,3.0174459176552686,1.2941176470588236,0
NE005006,2026,4,14.029850746268655,1.6923076923076923,2
NE005008,1991,3,1.48,6.285714285714286,5
NE005008,1992,3,2.846153846153846,2.2,0
NE005008,1993,3,9.25,6.285714285714286,3
NE005008,1994,3,1.423076923076923,1.1282051282051282,0
NE005008,1995,3,2.611111111111111,8.8,5
NE005008,1996,3,1.6818181818181817,4.0,0
NE005008,1997,3,2.473684210526316,7.333333333333334,5
NE005008,1998,4,1.1452282157676348,1.2941176470588236,0
NE005008,1999,4,1.3199240986717267,1.1282051282051282,0
NE005008,2000,4,2.197094125078964,2.9333333333333336,0
NE005008,2001,4,1.6665069477719214,2.2,0
NE005008,2002,4,1.3128326434062683,5.5,5
NE005008,2003,4,1.6412729026036645,1.7599999999999998,0
NE005008,2004,4,2.898333333333333,5.5,5
NE005008,2005,4,1.069802731411229,3.142857142857143,0
NE005008,2006,4,2.0157255182273053,4.4,0
NE005008,2007,4,2.5768357305071916,2.0,0
NE005008,2008,4,2.0524017467248905,1.517241379310345,0
NE005008,2009,4,5.935828877005347,3.142857142857143,1
NE005008,2010,4,1.2515293270960777,1.8333333333333335,0
NE005008,2011,4,2.327233584499462,2.588235294117647,0
NE005008,2012,4,2.490974729241877,2.3157894736842106,0
NE005008,2013,4,3.712374581939799,1.8333333333333335,0
NE005008,2014,4,1.327602087810869,1.517241379310345,0
NE005008,2015,4,1.3422712933753942,1.7599999999999998,0
NE005008,2016,4,1.2747641509433962,3.666666666666667,0
NE005008,2017,4,5.207547169811321,2.0,1
NE005008,2018,4,2.3797468354430378,1.4666666666666668,0
NE005008,2019,4,2.463172804532578,2.0952380952380953,0
NE005008,2020,4,1.3859934853420195,1.2571428571428571,0
NE005008,2021,4,3.5060483870967745,1.375,0
NE005008,2022,4,2.4607329842931938,1.3333333333333333,0
NE005008,2023,4,3.3484162895927603,2.75,0
NE005008,2024,4,1.069166922840455,1.1578947368421053,0
NE005008,2025,4,4.4439876670092495,1.2941176470588236,0
NE005008,2026,4,4.147058823529412,1.6923076923076923,0
NE005013,1991,3,1.48,6.285714285714286,5
NE005013,1992,3,2.1904761904761907,2.2,0
NE005013,1993,3,4.2727272727272725,6.285714285714286,5
NE005013,1994,3,1.0444444444444443,1.1282051282051282,0
NE005013,1995,3,3.916666666666667,8.8,5
NE005013,1996,3,2.35,4.0,0
NE005013,1997,3,2.4210526315789473,7.333333333333334,5
NE005013,1998,4,1.1299545159194282,1.2941176470588236,0
NE005013,1999,4,2.3959218351741716,1.1282051282051282,0
NE005013,2000,4,1.302540415704388,2.9333333333333336,0
NE005013,2001,4,1.4248639598158226,2.2,0
NE005013,2002,4,1.4050822122571,5.5,5
NE005013,2003,4,1.5643382352941178,1.7599999999999998,0
NE005013,2004,4,4.663865546218488,5.5,5
NE005013,2005,4,1.156211562115621,3.142857142857143,0
NE005013,2006,4,3.2444029850746268,4.4,0
NE005013,2007,4,1.9646017699115044,2.0,0
NE005013,2008,4,1.6017316017316017,1.517241379310345,0
NE005013,2009,4,2.1751094434021265,3.142857142857143,0
NE005013,2010,4,1.5061058344640434,1.8333333333333335,0
NE005013,2011,4,2.510324483775811,2.588235294117647,0
NE005013,2012,4,2.0826347305389223,2.3157894736842106,0
NE005013,2013,4,12.034602076124566,1.8333333333333335,2
NE005013,2014,4,2.2252079334612924,1.517241379310345,0
NE005013,2015,4,1.9813736903376018,1.7599999999999998,0
NE005013,2016,4,1.4681300126635712,3.666666666666667,0
NE005013,2017,4,1.7289084366253498,2.0,0
NE005013,2018,4,2.5847846012832263,1.4666666666666668,0
NE005013,2019,4,4.040114613180515,2.0952380952380953,0
NE005013,2020,4,1.1939670291125921,1.2571428571428571,0
NE005013,2021,4,1.5561521252796422,1.375,0
NE005013,2022,4,4.550802139037433,1.3333333333333333,0
NE005013,2023,4,2.1163012392755003,2.75,0
NE005013,2024,4,1.084840923268871,1.1578947368421053,0
NE005013,2025,4,2.0616478956727917,1.2941176470588236,0
NE005013,2026,4,8.24561403508772,1.6923076923076923,1
NE007001,1991,3,1.342857142857143,11.0,5
NE007001,1992,3,2.35,3.142857142857143,0
NE007001,1993,3,9.4,3.666666666666667,1
NE007001,1994,3,2.9375,1.1891891891891893,0
NE007001,1995,3,9.25,14.666666666666668,3
NE007001,1996,3,6.166666666666666,8.8,3
NE007001,1997,3,3.916666666666667,7.333333333333334,5
NE007001,1998,4,1.3686806411837236,1.8333333333333335,0
NE007001,1999,4,1.1893715731758752,1.2941176470588236,0
NE007001,2000,4,2.5212827988338193,3.142857142857143,0
NE007001,2001,4,1.3281310963714397,1.9130434782608696,0
NE007001,2002,4,2.119607843137255,2.9333333333333336,0
NE007001,2003,4,1.3073713490959666,1.6296296296296295,0
NE007001,2004,4,5.5012722646310435,3.666666666666667,1
NE007001,2005,4,1.2952158693115519,7.333333333333334,5
NE007001,2006,4,9.581267217630854,11.0,3
NE007001,2007,4,2.9399830938292477,3.3846153846153846,0
NE007001,2008,4,1.4969656102494944,2.2,0
NE007001,2009,4,7.4496644295302,4.888888888888888,1
NE007001,2010,4,1.1478630209715954,1.3333333333333333,0
NE007001,2011,4,2.3468286099865048,2.2,0
NE007001,2012,4,2.391592920353982,1.3333333333333333,0
NE007001,2013,4,2.6367157242447714,1.5714285714285714,0
NE007001,2014,4,1.3553113553113554,2.588235294117647,0
NE007001,2015,4,2.569444444444444,2.0952380952380953,0
NE007001,2016,4,1.3491419656786272,2.0,0
NE007001,2017,4,2.084507042253521,2.444444444444444,0
NE007001,2018,4,1.3470404984423674,1.375,0
NE007001,2019,4,1.8725099601593624,1.7599999999999998,0
NE007001,2020,4,2.6328538985616956,1.1891891891891893,0
NE007001,2021,4,1.2071778140293636,1.4193548387096773,0
NE007001,2022,4,1.8573351278600267,1.375,0
NE007001,2023,4,2.5429553264604814,1.4666666666666668,0
NE007001,2024,4,1.0247495580436063,1.1891891891891893,0
NE007001,2025,4,1.192320877613987,1.2941176470588236,0
NE007001,2026,4,3.0954994511525795,2.2,0
NE007002,1991,3,1.5416666666666665,11.0,5
NE007002,1992,3,1.8800000000000001,3.142857142857143,0
NE007002,1993,3,2.9375,3.666666666666667,0
NE007002,1994,3,1.3703703703703705,1.1891891891891893,0
NE007002,1995,3,2.4666666666666663,14.666666666666668,5
NE007002,1996,3,11.75,8.8,4
NE007002,1997,3,4.111111111111111,7.333333333333334,5
NE007002,1998,4,1.766109785202864,1.8333333333333335,0
NE007002,1999,4,2.6328538985616956,1.2941176470588236,0
NE007002,2000,4,1.7831325301204821,3.142857142857143,0
NE007002,2001,4,1.4699915469146239,1.9130434782608696,0
NE007002,2002,4,2.420937840785169,2.9333333333333336,0
NE007002,2003,4,1.1496633868461936,1.6296296296296295,0
NE007002,2004,4,3.8903803131991053,3.666666666666667,0
NE007002,2005,4,1.3304615384615384,7.333333333333334,5
NE007002,2006,4,8.676923076923076,11.0,3
NE007002,2007,4,2.330578512396694,3.3846153846153846,0
NE007002,2008,4,2.1090458488228006,2.2,0
NE007002,2009,4,16.76847290640394,4.888888888888888,2
NE007002,2010,4,1.122611464968153,1.3333333333333333,0
NE007002,2011,4,3.295256534365925,2.2,0
NE007002,2012,4,1.7507886435331232,1.3333333333333333,0
NE007002,2013,4,3.318495778971604,1.5714285714285714,0
NE007002,2014,4,1.9016759776536314,2.588235294117647,0
NE007002,2015,4,4.900662251655629,2.0952380952380953,0
NE007002,2016,4,1.5267778753292363,2.0,0
NE007002,2017,4,1.7336683417085426,2.444444444444444,0
NE007002,2018,4,1.2897196261682242,1.375,0
NE007002,2019,4,1.4873417721518989,1.7599999999999998,0
NE007002,2020,4,1.408940397350993,1.1891891891891893,0
NE007002,2021,4,1.316925407042787,1.4193548387096773,0
NE007002,2022,4,1.5279151943462896,1.375,0
NE007002,2023,4,1.6180758017492711,1.4666666666666668,0
NE007002,2024,4,1.0626336694164376,1.1891891891891893,0
NE007002,2025,4,1.79902755267423,1.2941176470588236,0
NE007002,2026,4,2.4955752212389384,2.2,0
NE007003,1991,3,1.761904761904762,11.0,5
NE007003,1992,3,1.1935483870967742,3.142857142857143,0
NE007003,1993,3,2.1363636363636362,3.666666666666667,0
NE007003,1994,3,1.9473684210526316,1.1891891891891893,0
NE007003,1995,3,1.5416666666666665,14.666666666666668,5
NE007003,1996,3,4.181818181818182,8.8,5
NE007003,1997,3,1.6206896551724137,7.333333333333334,5
NE007003,1998,4,1.8359375,1.8333333333333335,0
NE007003,1999,4,4.241463414634146,1.2941176470588236,0
NE007003,2000,4,3.971995332555426,3.142857142857143,0
NE007003,2001,4,1.4248639598158226,1.9130434782608696,0
NE007003,2002,4,1.7758186397984885,2.9333333333333336,0
NE007003,2003,4,1.1721224920802535,1.6296296296296295,0
NE007003,2004,4,3.269513991163476,3.666666666666667,0
NE007003,2005,4,1.2245822713112433,7.333333333333334,5
NE007003,2006,4,3.195861049519586,11.0,5
NE007003,2007,4,3.2034632034632033,3.3846153846153846,0
NE007003,2008,4,2.4754448398576514,2.2,0
NE007003,2009,4,2.905597326649958,4.888888888888888,0
NE007003,2010,4,1.165549597855228,1.3333333333333333,0
NE007003,2011,4,3.7248322147651,2.2,0
NE007003,2012,4,1.607530774800869,1.3333333333333333,0
NE007003,2013,4,3.4454183266932277,1.5714285714285714,0
NE007003,2014,4,5.108695652173913,2.588235294117647,1
NE007003,2015,4,2.842741935483871,2.0952380952380953,0
NE007003,2016,4,1.3372093023255813,2.0,0
NE007003,2017,4,2.0018034265103695,2.444444444444444,0
NE007003,2018,4,1.5680793507664563,1.375,0
NE007003,2019,4,1.4116878876918053,1.7599999999999998,0
NE007003,2020,4,1.26354862657758,1.1891891891891893,0
NE007003,2021,4,1.408097165991903,1.4193548387096773,0
NE007003,2022,4,1.422680412371134,1.375,0
NE007003,2023,4,2.6387596899224808,1.4666666666666668,0
NE007003,2024,4,1.0820089001907183,1.1891891891891893,0
NE007003,2025,4,2.76,1.2941176470588236,0
NE007003,2026,4,3.4474327628361863,2.2,0
NE007004,1991,3,1.4242424242424243,11.0,5
NE007004,1992,3,2.1363636363636362,3.142857142857143,0
NE007004,1993,3,6.571428571428571,3.666666666666667,1
NE007004,1994,3,1.2702702702702702,1.1891891891891893,0
NE007004,1995,3,1.6818181818181817,14.666666666666668,5
NE007004,1996,3,9.25,8.8,3
NE007004,1997,3,4.625,7.333333333333334,5
NE007004,1998,4,2.1637426900584797,1.8333333333333335,0
NE007004,1999,4,3.306083650190114,1.2941176470588236,0
NE007004,2000,4,2.974137931034483,3.142857142857143,0
NE007004,2001,4,2.0494991160872127,1.9130434782608696,0
NE007004,2002,4,2.5227272727272725,2.9333333333333336,0
NE007004,2003,4,1.2197802197802197,1.6296296296296295,0
NE007004,2004,4,2.4878397711015734,3.666666666666667,0
NE007004,2005,4,1.4322623385226898,7.333333333333334,5
NE007004,2006,4,5.497076023391814,11.0,3
NE007004,2007,4,2.260692464358452,3.3846153846153846,0
NE007004,2008,4,2.3515889114266395,2.2,0
NE007004,2009,4,7.115384615384615,4.888888888888888,1
NE007004,2010,4,1.0944064793723107,1.3333333333333333,0
NE007004,2011,4,2.736334405144695,2.2,0
NE007004,2012,4,1.4387556707712248,1.3333333333333333,0
NE007004,2013,4,3.0803571428571432,1.5714285714285714,0
NE007004,2014,4,3.86015538290788,2.588235294117647,0
NE007004,2015,4,4.12280701754386,2.0952380952380953,0
NE007004,2016,4,1.300659754948162,2.0,0
NE007004,2017,4,2.0,2.444444444444444,0
NE007004,2018,4,1.3372093023255813,1.375,0
NE007004,2019,4,1.323322383857344,1.7599999999999998,0
NE007004,2020,4,1.6049033474776047,1.1891891891891893,0
NE007004,2021,4,1.1694687289845327,1.4193548387096773,0
NE007004,2022,4,1.7293233082706767,1.375,0
NE007004,2023,4,2.472160356347439,1.4666666666666668,0
NE007004,2024,4,1.0577644411102776,1.1891891891891893,0
NE007004,2025,4,1.4212548015364916,1.2941176470588236,0
NE007004,2026,4,2.7239263803680984,2.2,0
NE007005,1991,3,3.6153846153846154,11.0,5
NE007005,1992,3,1.8076923076923077,3.142857142857143,0
NE007005,1993,3,2.9375,3.666666666666667,0
NE007005,1994,3,1.069767441860465,1.1891891891891893,0
NE007005,1995,3,3.1333333333333333,14.666666666666668,5
NE007005,1996,3,2.473684210526316,8.8,5
NE007005,1997,3,2.35,7.333333333333334,5
NE007005,1998,4,1.4048083170890189,1.8333333333333335,0
NE007005,1999,4,1.4551083591331269,1.2941176470588236,0
NE007005,2000,4,2.6232558139534885,3.142857142857143,0
NE007005,2001,4,1.2613636363636362,1.9130434782608696,0
NE007005,2002,4,1.5578947368421052,2.9333333333333336,0
NE007005,2003,4,1.7582644628099173,1.6296296296296295,0
NE007005,2004,4,2.0011507479861907,3.666666666666667,0
NE007005,2005,4,1.3826157595450854,7.333333333333334,5
NE007005,2006,4,6.491228070175438,11.0,3
NE007005,2007,4,4.956063268892795,3.3846153846153846,0
NE007005,2008,4,1.6109796497870328,2.2,0
NE007005,2009,4,2.8425096030729833,4.888888888888888,0
NE007005,2010,4,1.2592324402606807,1.3333333333333333,0
NE007005,2011,4,5.343799058084772,2.2,1
NE007005,2012,4,1.4228052472250252,1.3333333333333333,0
NE007005,2013,4,3.0519480519480515,1.5714285714285714,0
NE007005,2014,4,1.8565908115070846,2.588235294117647,0
NE007005,2015,4,3.3841463414634148,2.0952380952380953,0
NE007005,2016,4,3.1733576642335763,2.0,0
NE007005,2017,4,1.722265321955004,2.444444444444444,0
NE007005,2018,4,1.5610412926391384,1.375,0
NE007005,2019,4,1.4752644148754692,1.7599999999999998,0
NE007005,2020,4,1.3224553224553224,1.1891891891891893,0
NE007005,2021,4,1.7535545023696684,1.4193548387096773,0
NE007005,2022,4,1.474761255115962,1.375,0
NE007005,2023,4,1.7563291139240507,1.4666666666666668,0
NE007005,2024,4,1.1501322751322751,1.1891891891891893,0
NE007005,2025,4,1.6065192083818394,1.2941176470588236,0
NE007005,2026,4,3.365155131264917,2.2,0
NE007006,1991,3,3.357142857142857,11.0,5
NE007006,1992,3,1.3703703703703705,3.142857142857143,0
NE007006,1993,3,2.35,3.666666666666667,0
NE007006,1994,3,1.2758620689655173,1.1891891891891893,0
NE007006,1995,3,1.3823529411764706,14.666666666666668,5
NE007006,1996,3,3.3636363636363633,8.8,5
NE007006,1997,3,2.238095238095238,7.333333333333334,5
NE007006,1998,4,1.4212548015364916,1.8333333333333335,0
NE007006,1999,4,2.877551020408163,1.2941176470588236,0
NE007006,2000,4,2.7701375245579567,3.142857142857143,0
NE007006,2001,4,1.381803734604688,1.9130434782608696,0
NE007006,2002,4,2.1700879765395897,2.9333333333333336,0
NE007006,2003,4,1.1721224920802535,1.6296296296296295,0
NE007006,2004,4,2.020918070889018,3.666666666666667,0
NE007006,2005,4,1.1782016348773843,7.333333333333334,5
NE007006,2006,4,6.467889908256881,11.0,3
NE007006,2007,4,5.056947608200455,3.3846153846153846,1
NE007006,2008,4,1.8779697624190064,2.2,0
NE007006,2009,4,2.197094125078964,4.888888888888888,0
NE007006,2010,4,1.4264036418816388,1.3333333333333333,0
NE007006,2011,4,3.888489208633094,2.2,0
NE007006,2012,4,1.1150652431791221,1.3333333333333333,0
NE007006,2013,4,2.583034647550776,1.5714285714285714,0
NE007006,2014,4,4.725543478260869,2.588235294117647,0
NE007006,2015,4,4.805194805194805,2.0952380952380953,0
NE007006,2016,4,1.6273993225442227,2.0,0
NE007006,2017,4,1.7336683417085426,2.444444444444444,0
NE007006,2018,4,1.2527765437583296,1.375,0
NE007006,2019,4,1.4327369118621605,1.7599999999999998,0
NE007006,2020,4,1.2019774011299436,1.1891891891891893,0
NE007006,2021,4,1.8765849535080303,1.4193548387096773,0
NE007006,2022,4,1.3180515759312321,1.375,0
NE007006,2023,4,1.8271604938271602,1.4666666666666668,0
NE007006,2024,4,1.2777369581190303,1.1891891891891893,0
NE007006,2025,4,2.247557003257329,1.2941176470588236,0
NE007006,2026,4,3.3812949640287764,2.2,0
NE007007,1991,3,3.1333333333333333,11.0,5
NE007007,1992,3,1.3055555555555556,3.142857142857143,0
NE007007,1993,3,1.6206896551724137,3.666666666666667,0
NE007007,1994,3,1.608695652173913,1.1891891891891893,0
NE007007,1995,3,2.0555555555555554,14.666666666666668,5
NE007007,1996,3,4.2727272727272725,8.8,5
NE007007,1997,3,3.083333333333333,7.333333333333334,5
NE007007,1998,4,1.3905325443786982,1.8333333333333335,0
NE007007,1999,4,3.365155131264917,1.2941176470588236,0
NE007007,2000,4,1.6351669017395392,3.142857142857143,0
NE007007,2001,4,1.3284950343773874,1.9130434782608696,0
NE007007,2002,4,2.6334519572953736,2.9333333333333336,0
NE007007,2003,4,1.0871694417238003,1.6296296296296295,0
NE007007,2004,4,2.493189964157706,3.666666666666667,0
NE007007,2005,4,1.258806404657933,7.333333333333334,5
NE007007,2006,4,8.676923076923076,11.0,3
NE007007,2007,4,3.643410852713178,3.3846153846153846,0
NE007007,2008,4,1.6694458067680233,2.2,0
NE007007,2009,4,5.857519788918205,4.888888888888888,1
NE007007,2010,4,1.2515293270960777,1.3333333333333333,0
NE007007,2011,4,4.057210965435042,2.2,0
NE007007,2012,4,1.6432272390821614,1.3333333333333333,0
NE007007,2013,4,2.968421052631579,1.5714285714285714,0
NE007007,2014,4,2.2352185089974292,2.588235294117647,0
NE007007,2015,4,4.805194805194805,2.0952380952380953,0
NE007007,2016,4,2.0914010823812386,2.0,0
NE007007,2017,4,1.6546762589928057,2.444444444444444,0
NE007007,2018,4,1.323322383857344,1.375,0
NE007007,2019,4,1.327602087810869,1.7599999999999998,0
NE007007,2020,4,1.2139800285306706,1.1891891891891893,0
NE007007,2021,4,1.637476459510358,1.4193548387096773,0
NE007007,2022,4,1.310700212185511,1.375,0
NE007007,2023,4,1.5427380125086867,1.4666666666666668,0
NE007007,2024,4,1.1165329052969502,1.1891891891891893,0
NE007007,2025,4,1.8724559023066487,1.2941176470588236,0
NE007007,2026,4,2.5359712230215825,2.2,0
NE007008,1991,3,2.3000000000000003,11.0,5
NE007008,1992,3,1.342857142857143,3.142857142857143,0
NE007008,1993,3,2.764705882352941,3.666666666666667,0
NE007008,1994,3,1.8499999999999999,1.1891891891891893,0
NE007008,1995,3,1.9473684210526316,14.666666666666668,5
NE007008,1996,3,6.571428571428571,8.8,3
NE007008,1997,3,3.6999999999999997,7.333333333333334,5
NE007008,1998,4,1.689634511683643,1.8333333333333335,0
NE007008,1999,4,1.536784741144414,1.2941176470588236,0
NE007008,2000,4,2.15926493108729,3.142857142857143,0
NE007008,2001,4,1.1372950819672132,1.9130434782608696,0
NE007008,2002,4,2.4395604395604393,2.9333333333333336,0
NE007008,2003,4,1.2104689203925845,1.6296296296296295,0
NE007008,2004,4,2.837270341207349,3.666666666666667,0
NE007008,2005,4,1.3375245579567778,7.333333333333334,5
NE007008,2006,4,7.943661971830987,11.0,3
NE007008,2007,4,2.389830508474576,3.3846153846153846,0
NE007008,2008,4,1.7831325301204821,2.2,0
NE007008,2009,4,8.740157480314961,4.888888888888888,1
NE007008,2010,4,1.1993103448275861,1.3333333333333333,0
NE007008,2011,4,3.201856148491879,2.2,0
NE007008,2012,4,1.6423995340710542,1.3333333333333333,0
NE007008,2013,4,5.897435897435897,1.5714285714285714,1
NE007008,2014,4,2.0579881656804733,2.588235294117647,0
NE007008,2015,4,2.4262295081967213,2.0952380952380953,0
NE007008,2016,4,2.452750352609309,2.0,0
NE007008,2017,4,1.577386468952734,2.444444444444444,0
NE007008,2018,4,1.4762717651075452,1.375,0
NE007008,2019,4,1.7153284671532845,1.7599999999999998,0
NE007008,2020,4,1.3820544051969144,1.1891891891891893,0
NE007008,2021,4,2.1389913899138993,1.4193548387096773,0
NE007008,2022,4,1.549820788530466,1.375,0
NE007008,2023,4,1.5600843288826423,1.4666666666666668,0
NE007008,2024,4,1.0491493383742911,1.1891891891891893,0
NE007008,2025,4,1.2678469446030838,1.2941176470588236,0
NE007008,2026,4,3.745019920318725,2.2,0
NE007009,1991,3,1.48,11.0,5
NE007009,1992,3,2.35,3.142857142857143,0
NE007009,1993,3,3.6153846153846154,3.666666666666667,0
NE007009,1994,3,2.473684210526316,1.1891891891891893,0
NE007009,1995,3,4.625,14.666666666666668,5
NE007009,1996,3,9.25,8.8,3
NE007009,1997,3,5.222222222222222,7.333333333333334,3
NE007009,1998,4,1.6077537058152795,1.8333333333333335,0
NE007009,1999,4,1.5007982969664715,1.2941176470588236,0
NE007009,2000,4,2.3235494880546073,3.142857142857143,0
NE007009,2001,4,1.2319644839067703,1.9130434782608696,0
NE007009,2002,4,2.382085374387684,2.9333333333333336,0
NE007009,2003,4,1.2353923205342237,1.6296296296296295,0
NE007009,2004,4,4.3475,3.666666666666667,0
NE007009,2005,4,1.5578947368421052,7.333333333333334,5
NE007009,2006,4,26.35514018691589,11.0,4
NE007009,2007,4,2.1123595505617976,3.3846153846153846,0
NE007009,2008,4,1.4672835426305353,2.2,0
NE007009,2009,4,7.885714285714285,4.888888888888888,1
NE007009,2010,4,1.1478630209715954,1.3333333333333333,0
NE007009,2011,4,2.2560975609756095,2.2,0
NE007009,2012,4,1.7290006131207845,1.3333333333333333,0
NE007009,2013,4,2.990318118948825,1.5714285714285714,0
NE007009,2014,4,1.8407310704960835,2.588235294117647,0
NE007009,2015,4,1.7323155216284989,2.0952380952380953,0
NE007009,2016,4,1.4742584384589157,2.0,0
NE007009,2017,4,1.7829457364341086,2.444444444444444,0
NE007009,2018,4,1.2551622418879056,1.375,0
NE007009,2019,4,2.7087227414330215,1.7599999999999998,0
NE007009,2020,4,2.335795836131632,1.1891891891891893,0
NE007009,2021,4,1.4354106479570778,1.4193548387096773,0
NE007009,2022,4,1.6943573667711598,1.375,0
NE007009,2023,4,2.6782061369000787,1.4666666666666668,0
NE007009,2024,4,1.0311193683232698,1.1891891891891893,0
NE007009,2025,4,1.1291963377416072,1.2941176470588236,0
NE007009,2026,4,10.291970802919709,2.2,2
NE007010,1991,3,2.473684210526316,11.0,5
NE007010,1992,3,4.625,3.142857142857143,0
NE007010,1993,3,6.166666666666666,3.666666666666667,1
NE007010,1994,3,1.236842105263158,1.1891891891891893,0
NE007010,1995,3,2.0555555555555554,14.666666666666668,5
NE007010,1996,3,15.666666666666668,8.8,4
NE007010,1997,3,3.6153846153846154,7.333333333333334,5
NE007010,1998,4,2.224448897795591,1.8333333333333335,0
NE007010,1999,4,1.4538310412573674,1.2941176470588236,0
NE007010,2000,4,2.2045680238331675,3.142857142857143,0
NE007010,2001,4,2.707317073170732,1.9130434782608696,0
NE007010,2002,4,1.9329926178307781,2.9333333333333336,0
NE007010,2003,4,1.5203215721304153,1.6296296296296295,0
NE007010,2004,4,4.991150442477877,3.666666666666667,0
NE007010,2005,4,1.4417177914110428,7.333333333333334,5
NE007010,2006,4,11.370967741935484,11.0,4
NE007010,2007,4,1.342217991432651,3.3846153846153846,0
NE007010,2008,4,1.7088353413654616,2.2,0
NE007010,2009,4,5.343799058084772,4.888888888888888,1
NE007010,2010,4,1.0687098368759267,1.3333333333333333,0
NE007010,2011,4,2.132832080200501,2.2,0
NE007010,2012,4,1.342200725513906,1.3333333333333333,0
NE007010,2013,4,2.8206131767775604,1.5714285714285714,0
NE007010,2014,4,3.022508038585209,2.588235294117647,0
NE007010,2015,4,2.4889673433362756,2.0952380952380953,0
NE007010,2016,4,1.3132716049382716,2.0,0
NE007010,2017,4,1.7534468775344687,2.444444444444444,0
NE007010,2018,4,1.1902097902097901,1.375,0
NE007010,2019,4,1.7300613496932515,1.7599999999999998,0
NE007010,2020,4,2.187421383647799,1.1891891891891893,0
NE007010,2021,4,1.3944723618090453,1.4193548387096773,0
NE007010,2022,4,1.4006309148264984,1.375,0
NE007010,2023,4,3.4472049689441,1.4666666666666668,0
NE007010,2024,4,1.0606784519827999,1.1891891891891893,0
NE007010,2025,4,1.1291963377416072,1.2941176470588236,0
NE007010,2026,4,6.915887850467288,2.2,1
NE007011,1991,3,2.7058823529411766,11.0,5
NE007011,1992,3,1.236842105263158,3.142857142857143,0
NE007011,1993,3,1.8499999999999999,3.666666666666667,0
NE007011,1994,3,2.4666666666666663,1.1891891891891893,0
NE007011,1995,3,2.642857142857143,14.666666666666668,5
NE007011,1996,3,7.833333333333334,8.8,3
NE007011,1997,3,2.5555555555555554,7.333333333333334,5
NE007011,1998,4,1.474124411918453,1.8333333333333335,0
NE007011,1999,4,1.9515570934256055,1.2941176470588236,0
NE007011,2000,4,1.58740301232314,3.142857142857143,0
NE007011,2001,4,1.4435146443514646,1.9130434782608696,0
NE007011,2002,4,3.4488348530901725,2.9333333333333336,0
NE007011,2003,4,1.0797665369649805,1.6296296296296295,0
NE007011,2004,4,2.7735247208931417,3.666666666666667,0
NE007011,2005,4,1.4710458081244597,7.333333333333334,5
NE007011,2006,4,8.676923076923076,11.0,3
NE007011,2007,4,2.792452830188679,3.3846153846153846,0
NE007011,2008,4,1.6404819277108433,2.2,0
NE007011,2009,4,8.50574712643678,4.888888888888888,1
NE007011,2010,4,1.537577365163572,1.3333333333333333,0
NE007011,2011,4,3.5165289256198347,2.2,0
NE007011,2012,4,1.607530774800869,1.3333333333333333,0
NE007011,2013,4,5.503164556962026,1.5714285714285714,1
NE007011,2014,4,1.8964912280701753,2.588235294117647,0
NE007011,2015,4,3.92226148409894,2.0952380952380953,0
NE007011,2016,4,3.32822966507177,2.0,0
NE007011,2017,4,1.822985468956407,2.444444444444444,0
NE007011,2018,4,1.4264036418816388,1.375,0
NE007011,2019,4,1.3666245259165613,1.7599999999999998,0
NE007011,2020,4,1.2816265060240963,1.1891891891891893,0
NE007011,2021,4,1.9862935465448315,1.4193548387096773,0
NE007011,2022,4,1.356474258970359,1.375,0
NE007011,2023,4,1.5502793296089383,1.4666666666666668,0
NE007011,2024,4,1.1262953367875648,1.1891891891891893,0
NE007011,2025,4,1.3177570093457944,1.2941176470588236,0
NE007011,2026,4,2.2048475371383893,2.2,0
NE008001,1991,3,5.875,14.666666666666668,3
NE008001,1992,3,1.6785714285714286,2.75,0
NE008001,1993,3,2.238095238095238,2.75,0
NE008001,1994,3,1.3214285714285714,2.75,0
NE008001,1995,3,2.764705882352941,2.75,0
NE008001,1996,3,3.6153846153846154,2.75,0
NE008001,1997,3,2.846153846153846,8.8,5
NE008001,1998,4,1.2183249821045097,2.75,0
NE008001,1999,4,1.8286014721345953,2.75,0
NE008001,2000,4,1.722265321955004,2.75,0
NE008001,2001,4,1.2139800285306706,2.75,0
NE008001,2002,4,1.7574532592218293,44.0,5
NE008001,2003,4,2.179197994987469,2.75,0
NE008001,2004,4,4.23091976516634,2.75,0
NE008001,2005,4,1.122611464968153,2.75,0
NE008001,2006,4,2.324731182795699,2.75,0
NE008001,2007,4,1.9856115107913668,8.8,5
NE008001,2008,4,1.7070217917675543,2.75,0
NE008001,2009,4,3.3035714285714284,3.3846153846153846,0
NE008001,2010,4,2.0264317180616738,5.5,5
NE008001,2011,4,9.078947368421053,2.75,1
NE008001,2012,4,1.474761255115962,3.142857142857143,0
NE008001,2013,4,3.711587982832618,2.75,0
NE008001,2014,4,1.338506304558681,2.75,0
NE008001,2015,4,1.348300592454007,3.3846153846153846,0
NE008001,2016,4,4.618857901726428,5.5,5
NE008001,2017,4,1.3722627737226276,2.75,0
NE008001,2018,4,1.456382620410913,3.666666666666667,0
NE008001,2019,4,1.885094850948509,6.285714285714286,5
NE008001,2020,4,1.6124246638850255,2.75,0
NE008001,2021,4,2.374061433447099,2.75,0
NE008001,2022,4,4.116788321167883,5.5,5
NE008001,2023,4,2.9805615550755937,5.5,5
NE008001,2024,4,1.1566428814135237,2.75,0
NE008001,2025,4,1.8523489932885908,2.75,0
NE008001,2026,4,2.578397212543554,2.75,0
NE002005,1991,3,2.9375,14.666666666666668,5
NE002005,1992,3,1.8800000000000001,1.9130434782608696,0
NE002005,1993,3,3.083333333333333,2.75,0
NE002005,1994,3,1.2333333333333332,1.1891891891891893,0
NE002005,1995,3,1.5666666666666667,11.0,5
NE002005,1996,3,4.7,4.0,0
NE002005,1997,3,2.611111111111111,4.888888888888888,0
NE002005,1998,4,2.1743388834476005,1.4666666666666668,0
NE002005,1999,4,1.1373446697187704,1.2571428571428571,0
NE002005,2000,4,1.8459869848156183,3.3846153846153846,0
NE002005,2001,4,3.5165289256198347,5.5,5
NE002005,2002,4,3.012211668928087,2.0,0
NE002005,2003,4,1.3516723976242575,1.375,0
NE002005,2004,4,5.5648,2.588235294117647,1
NE002005,2005,4,1.3932806324110674,8.8,5
NE002005,2006,4,7.324675324675325,5.5,3
NE002005,2007,4,1.6716867469879517,4.888888888888888,0
NE002005,2008,4,1.922077922077922,2.3157894736842106,0
NE002005,2009,4,2.578413834227788,3.666666666666667,0
NE002005,2010,4,1.3912,1.517241379310345,0
NE002005,2011,4,3.9261822376009223,1.8333333333333335,0
NE002005,2012,4,1.4083574679354571,2.0,0
NE002005,2013,4,5.4873096446700504,2.0952380952380953,1
NE002005,2014,4,3.3823529411764706,3.666666666666667,0
NE002005,2015,4,4.812286689419795,2.0952380952380953,0
NE002005,2016,4,1.4899328859060401,2.2,0
NE002005,2017,4,1.9451901565995526,2.588235294117647,0
NE002005,2018,4,1.2019774011299436,1.4193548387096773,0
NE002005,2019,4,2.196261682242991,1.6296296296296295,0
NE002005,2020,4,1.474761255115962,1.3333333333333333,0
NE002005,2021,4,1.182108626198083,1.6923076923076923,0
NE002005,2022,4,1.4406229720960415,1.375,0
NE002005,2023,4,2.107878787878788,3.3846153846153846,0
NE002005,2024,4,1.0247495580436063,1.1891891891891893,0
NE002005,2025,4,1.0906240200689872,1.222222222222222,0
NE002005,2026,4,9.910714285714286,4.4,1
NE005010,1991,3,3.1333333333333333,6.285714285714286,5
NE005010,1992,3,1.5333333333333332,2.2,0
NE005010,1993,3,3.6999999999999997,6.285714285714286,5
NE005010,1994,3,2.35,1.1282051282051282,0
NE005010,1995,3,11.75,8.8,4
NE005010,1996,3,6.714285714285714,4.0,1
NE005010,1997,3,4.111111111111111,7.333333333333334,5
NE005010,1998,4,1.0797665369649805,1.2941176470588236,0
NE005010,1999,4,1.5007982969664715,1.1282051282051282,0
NE005010,2000,4,2.2650602409638556,2.9333333333333336,0
NE005010,2001,4,1.658559847401049,2.2,0
NE005010,2002,4,1.7738405419489314,5.5,5
NE005010,2003,4,1.9642238892094634,1.7599999999999998,0
NE005010,2004,4,4.141791044776119,5.5,5
NE005010,2005,4,1.3152985074626866,3.142857142857143,0
NE005010,2006,4,9.581267217630854,4.4,1
NE005010,2007,4,1.6605222734254992,2.0,0
NE005010,2008,4,1.3479052823315119,1.517241379310345,0
NE005010,2009,4,2.2401614530776994,3.142857142857143,0
NE005010,2010,4,1.2638081395348837,1.8333333333333335,0
NE005010,2011,4,1.9418140330861378,2.588235294117647,0
NE005010,2012,4,1.302540415704388,2.3157894736842106,0
NE005010,2013,4,6.017301038062283,1.8333333333333335,1
NE005010,2014,4,3.445344129554656,1.517241379310345,0
NE005010,2015,4,1.3128326434062683,1.7599999999999998,0
NE005010,2016,4,1.577386468952734,3.666666666666667,0
NE005010,2017,4,1.293062200956938,2.0,0
NE005010,2018,4,1.3984720546843588,1.4666666666666668,0
NE005010,2019,4,2.0404411764705883,2.0952380952380953,0
NE005010,2020,4,2.3062330623306235,1.2571428571428571,0
NE005010,2021,4,1.2692967409948541,1.375,0
NE005010,2022,4,3.585406301824212,1.3333333333333333,0
NE005010,2023,4,3.0921052631578947,2.75,0
NE005010,2024,4,1.188247352237786,1.1578947368421053,0
NE005010,2025,4,1.1104725415070242,1.2941176470588236,0
NE005010,2026,4,3.215507411630559,1.6923076923076923,0
NE002001,1991,3,1.6818181818181817,14.666666666666668,5
NE002001,1992,3,1.9473684210526316,1.9130434782608696,0
NE002001,1993,3,3.6999999999999997,2.75,0
NE002001,1994,3,1.1212121212121213,1.1891891891891893,0
NE002001,1995,3,1.342857142857143,11.0,5
NE002001,1996,3,3.6153846153846154,4.0,0
NE002001,1997,3,1.8800000000000001,4.888888888888888,0
NE002001,1998,4,1.9254119687771032,1.4666666666666668,0
NE002001,1999,4,1.2233556102708407,1.2571428571428571,0
NE002001,2000,4,2.7810650887573964,3.3846153846153846,0
NE002001,2001,4,3.104091888011486,5.5,5
NE002001,2002,4,7.014925373134328,2.0,1
NE002001,2003,4,1.3428007889546352,1.375,0
NE002001,2004,4,6.201117318435753,2.588235294117647,1
NE002001,2005,4,1.6721153846153844,8.8,5
NE002001,2006,4,13.536585365853659,5.5,4
NE002001,2007,4,1.3423388653029718,4.888888888888888,0
NE002001,2008,4,2.518345952242283,2.3157894736842106,0
NE002001,2009,4,3.294392523364486,3.666666666666667,0
NE002001,2010,4,1.3951062976333737,1.517241379310345,0
NE002001,2011,4,3.6960680127523915,1.8333333333333335,0
NE002001,2012,4,1.2164383561643834,2.0,0
NE002001,2013,4,5.417445482866043,2.0952380952380953,1
NE002001,2014,4,3.020408163265306,3.666666666666667,0
NE002001,2015,4,3.365155131264917,2.0952380952380953,0
NE002001,2016,4,1.267783985102421,2.2,0
NE002001,2017,4,2.021505376344086,2.588235294117647,0
NE002001,2018,4,1.1605864302761677,1.4193548387096773,0
NE002001,2019,4,1.5436241610738255,1.6296296296296295,0
NE002001,2020,4,1.4050822122571,1.3333333333333333,0
NE002001,2021,4,1.2794918330308531,1.6923076923076923,0
NE002001,2022,4,1.4919354838709677,1.375,0
NE002001,2023,4,3.728368017524644,3.3846153846153846,0
NE002001,2024,4,1.0365408038976858,1.1891891891891893,0
NE002001,2025,4,2.1469135802469137,1.222222222222222,0
NE002001,2026,4,5.437699680511182,4.4,1
NE002002,1991,3,1.608695652173913,14.666666666666668,5
NE002002,1992,3,1.8800000000000001,1.9130434782608696,0
NE002002,1993,3,4.111111111111111,2.75,0
NE002002,1994,3,1.15625,1.1891891891891893,0
NE002002,1995,3,1.8499999999999999,11.0,5
NE002002,1996,3,3.0666666666666664,4.0,0
NE002002,1997,3,1.761904761904762,4.888888888888888,0
NE002002,1998,4,2.2289156626506026,1.4666666666666668,0
NE002002,1999,4,1.1299545159194282,1.2571428571428571,0
NE002002,2000,4,3.0501792114695343,3.3846153846153846,0
NE002002,2001,4,3.041095890410959,5.5,5
NE002002,2002,4,3.5071090047393367,2.0,0
NE002002,2003,4,1.4365448504983387,1.375,0
NE002002,2004,4,7.040485829959514,2.588235294117647,1
NE002002,2005,4,1.531264057579847,8.8,5
NE002002,2006,4,9.455555555555556,5.5,3
NE002002,2007,4,1.3049514113836185,4.888888888888888,0
NE002002,2008,4,1.977137631458619,2.3157894736842106,0
NE002002,2009,4,2.673998428908091,3.666666666666667,0
NE002002,2010,4,1.3237924865831843,1.517241379310345,0
NE002002,2011,4,6.082191780821918,1.8333333333333335,1
NE002002,2012,4,1.4672835426305353,2.0,0
NE002002,2013,4,2.2746893394375407,2.0952380952380953,0
NE002002,2014,4,5.857519788918205,3.666666666666667,1
NE002002,2015,4,3.7903225806451615,2.0952380952380953,0
NE002002,2016,4,1.4755093194625055,2.2,0
NE002002,2017,4,1.5326086956521738,2.588235294117647,0
NE002002,2018,4,1.2811441475348138,1.4193548387096773,0
NE002002,2019,4,1.5131578947368423,1.6296296296296295,0
NE002002,2020,4,1.8174052322477308,1.3333333333333333,0
NE002002,2021,4,1.1592689295039165,1.6923076923076923,0
NE002002,2022,4,1.2801484230055657,1.375,0
NE002002,2023,4,5.138888888888888,3.3846153846153846,1
NE002002,2024,4,1.051266213712168,1.1891891891891893,0
NE002002,2025,4,1.8058151609553477,1.222222222222222,0
NE002002,2026,4,8.014440433212997,4.4,1
NE002003,1991,3,1.3214285714285714,14.666666666666668,5
NE002003,1992,3,2.846153846153846,1.9130434782608696,0
NE002003,1993,3,11.75,2.75,2
NE002003,1994,3,1.0571428571428572,1.1891891891891893,0
NE002003,1995,3,1.608695652173913,11.0,5
NE002003,1996,3,5.875,4.0,1
NE002003,1997,3,3.1333333333333333,4.888888888888888,0
NE002003,1998,4,1.8774966711051932,1.4666666666666668,0
NE002003,1999,4,1.5801908223534755,1.2571428571428571,0
NE002003,2000,4,3.558847736625515,3.3846153846153846,0
NE002003,2001,4,3.3210445468509984,5.5,5
NE002003,2002,4,2.458587619877943,2.0,0
NE002003,2003,4,1.3058823529411765,1.375,0
NE002003,2004,4,3.681462140992167,2.588235294117647,0
NE002003,2005,4,1.4524689284514611,8.8,5
NE002003,2006,4,5.951048951048951,5.5,3
NE002003,2007,4,1.6326139088729017,4.888888888888888,0
NE002003,2008,4,2.132832080200501,2.3157894736842106,0
NE002003,2009,4,4.733475479744136,3.666666666666667,0
NE002003,2010,4,1.1761920865742308,1.517241379310345,0
NE002003,2011,4,3.6879739978331525,1.8333333333333335,0
NE002003,2012,4,1.3927227101631117,2.0,0
NE002003,2013,4,2.929936305732484,2.0952380952380953,0
NE002003,2014,4,7.337552742616034,3.666666666666667,1
NE002003,2015,4,2.971548998946259,2.0952380952380953,0
NE002003,2016,4,1.2190676480897302,2.2,0
NE002003,2017,4,2.3209876543209877,2.588235294117647,0
NE002003,2018,4,1.419753086419753,1.4193548387096773,0
NE002003,2019,4,1.1519198664440735,1.6296296296296295,0
NE002003,2020,4,2.005892751915144,1.3333333333333333,0
NE002003,2021,4,1.1273905996758509,1.6923076923076923,0
NE002003,2022,4,1.3649851632047478,1.375,0
NE002003,2023,4,3.2267441860465116,3.3846153846153846,0
NE002003,2024,4,1.0577644411102776,1.1891891891891893,0
NE002003,2025,4,1.4538310412573674,1.222222222222222,0
NE002003,2026,4,3.338345864661654,4.4,0
NE002004,1991,3,1.608695652173913,14.666666666666668,5
NE002004,1992,3,2.35,1.9130434782608696,0
NE002004,1993,3,11.75,2.75,2
NE002004,1994,3,1.0277777777777777,1.1891891891891893,0
NE002004,1995,3,1.9473684210526316,11.0,5
NE002004,1996,3,4.2727272727272725,4.0,0
NE002004,1997,3,2.611111111111111,4.888888888888888,0
NE002004,1998,4,2.5753424657534243,1.4666666666666668,0
NE002004,1999,4,1.1616566466265865,1.2571428571428571,0
NE002004,2000,4,3.3108728943338437,3.3846153846153846,0
NE002004,2001,4,3.210096510764662,5.5,5
NE002004,2002,4,3.9673659673659674,2.0,0
NE002004,2003,4,1.339031339031339,1.375,0
NE002004,2004,4,5.477165354330708,2.588235294117647,1
NE002004,2005,4,1.3669950738916257,8.8,5
NE002004,2006,4,6.203730272596843,5.5,3
NE002004,2007,4,1.381803734604688,4.888888888888888,0
NE002004,2008,4,1.9816681943171404,2.3157894736842106,0
NE002004,2009,4,3.2082940622054665,3.666666666666667,0
NE002004,2010,4,1.3058823529411765,1.517241379310345,0
NE002004,2011,4,5.951048951048951,1.8333333333333335,1
NE002004,2012,4,1.4113159567705023,2.0,0
NE002004,2013,4,2.120731707317073,2.0952380952380953,0
NE002004,2014,4,6.861313868613138,3.666666666666667,1
NE002004,2015,4,2.971548998946259,2.0952380952380953,0
NE002004,2016,4,1.2992366412213738,2.2,0
NE002004,2017,4,1.96105702364395,2.588235294117647,0
NE002004,2018,4,1.25101065784638,1.4193548387096773,0
NE002004,2019,4,1.3928714457348819,1.6296296296296295,0
NE002004,2020,4,2.277227722772277,1.3333333333333333,0
NE002004,2021,4,1.1448321263989465,1.6923076923076923,0
NE002004,2022,4,1.2277580071174377,1.375,0
NE002004,2023,4,2.948207171314741,3.3846153846153846,0
NE002004,2024,4,1.0541963456178383,1.1891891891891893,0
NE002004,2025,4,1.5423503325942352,1.222222222222222,0
NE002004,2026,4,7.816901408450704,4.4,1
NE003001,1991,3,1.9583333333333335,1.9130434782608696,0
NE003001,1992,3,2.9375,1.3333333333333333,0
NE003001,1993,3,3.083333333333333,2.2,0
NE003001,1994,3,1.205128205128205,1.1,0
NE003001,1995,3,4.625,4.0,0
NE003001,1996,3,11.75,1.5714285714285714,2
NE003001,1997,3,2.846153846153846,11.0,5
NE003001,1998,4,1.7074128620520372,1.222222222222222,0
NE003001,1999,4,2.4119278779472952,1.1282051282051282,0
NE003001,2000,4,1.4032869785082174,2.0952380952380953,0
NE003001,2001,4,1.0917254650416934,2.444444444444444,0
NE003001,2002,4,1.640566037735849,14.666666666666668,5
NE003001,2003,4,2.0374926772114823,2.588235294117647,0
NE003001,2004,4,2.0256260920209668,3.666666666666667,0
NE003001,2005,4,1.3098002786809104,3.3846153846153846,0
NE003001,2006,4,1.7806451612903227,2.75,0
NE003001,2007,4,1.6121495327102802,6.285714285714286,5
NE003001,2008,4,2.9039623908663534,1.222222222222222,0
NE003001,2009,4,2.7115384615384617,1.7599999999999998,0
NE003001,2010,4,1.6917057902973396,1.6923076923076923,0
NE003001,2011,4,8.795865633074934,4.4,1
NE003001,2012,4,1.4189245518966236,4.888888888888888,0
NE003001,2013,4,2.5984732824427477,1.517241379310345,0
NE003001,2014,4,1.8377483443708609,2.2,0
NE003001,2015,4,1.7172359015091343,4.888888888888888,0
NE003001,2016,4,6.675623800383877,3.666666666666667,1
NE003001,2017,4,1.9946091644204853,7.333333333333334,5
NE003001,2018,4,2.168505516549649,1.375,0
NE003001,2019,4,1.3119577517917766,1.4666666666666668,0
NE003001,2020,4,1.4812880765883378,2.588235294117647,0
NE003001,2021,4,2.227488151658768,1.6296296296296295,0
NE003001,2022,4,2.005813953488372,2.3157894736842106,0
NE003001,2023,4,9.139072847682119,8.8,3
NE003001,2024,4,1.063417681974383,1.2571428571428571,0
NE003001,2025,4,1.5509325681492108,4.0,0
NE003001,2026,4,5.310734463276836,1.6923076923076923,1
NE003002,1991,3,1.9583333333333335,1.9130434782608696,0
NE003002,1992,3,1.393939393939394,1.3333333333333333,0
NE003002,1993,3,2.473684210526316,2.2,0
NE003002,1994,3,1.0571428571428572,1.1,0
NE003002,1995,3,3.6999999999999997,4.0,0
NE003002,1996,3,2.1904761904761907,1.5714285714285714,0
NE003002,1997,3,4.7,11.0,5
NE003002,1998,4,1.2546897546897546,1.222222222222222,0
NE003002,1999,4,2.580118694362018,1.1282051282051282,0
NE003002,2000,4,1.5184678522571822,2.0952380952380953,0
NE003002,2001,4,1.5540661304736372,2.444444444444444,0
NE003002,2002,4,1.1332312404287903,14.666666666666668,5
NE003002,2003,4,1.4762717651075452,2.588235294117647,0
NE003002,2004,4,2.397183098591549,3.666666666666667,0
NE003002,2005,4,1.8762475049900198,3.3846153846153846,0
NE003002,2006,4,1.9942196531791911,2.75,0
NE003002,2007,4,2.021505376344086,6.285714285714286,5
NE003002,2008,4,2.8206131767775604,1.222222222222222,0
NE003002,2009,4,3.207715133531157,1.7599999999999998,0
NE003002,2010,4,1.494293239683933,1.6923076923076923,0
NE003002,2011,4,13.670682730923692,4.4,2
NE003002,2012,4,1.922077922077922,4.888888888888888,0
NE003002,2013,4,2.4253075571177507,1.517241379310345,0
NE003002,2014,4,2.46491849751949,2.2,0
NE003002,2015,4,2.371740958788898,4.888888888888888,0
NE003002,2016,4,3.6393442622950825,3.666666666666667,0
NE003002,2017,4,2.074766355140187,7.333333333333334,5
NE003002,2018,4,1.2034602076124568,1.375,0
NE003002,2019,4,1.412099066179456,1.4666666666666668,0
NE003002,2020,4,1.8439869989165762,2.588235294117647,0
NE003002,2021,4,4.90249433106576,1.6296296296296295,0
NE003002,2022,4,1.0941295546558705,2.3157894736842106,0
NE003002,2023,4,3.622047244094488,8.8,5
NE003002,2024,4,1.1725571725571724,1.2571428571428571,0
NE003002,2025,4,2.442937853107345,4.0,0
NE003002,2026,4,13.274809160305342,1.6923076923076923,2
NE003003,1991,3,1.9583333333333335,1.9130434782608696,0
NE003003,1992,3,2.3125,1.3333333333333333,0
NE003003,1993,3,4.2727272727272725,2.2,0
NE003003,1994,3,1.0930232558139534,1.1,0
NE003003,1995,3,6.166666666666666,4.0,1
NE003003,1996,3,1.8800000000000001,1.5714285714285714,0
NE003003,1997,3,1.46875,11.0,5
NE003003,1998,4,2.9012345679012346,1.222222222222222,0
NE003003,1999,4,1.9343715239154615,1.1282051282051282,0
NE003003,2000,4,1.5331491712707181,2.0952380952380953,0
NE003003,2001,4,1.5730438715513344,2.444444444444444,0
NE003003,2002,4,2.625698324022346,14.666666666666668,5
NE003003,2003,4,1.9416255051638978,2.588235294117647,0
NE003003,2004,4,3.3415765069551777,3.666666666666667,0
NE003003,2005,4,1.1745106205747606,3.3846153846153846,0
NE003003,2006,4,1.860888175494917,2.75,0
NE003003,2007,4,1.5966228893058163,6.285714285714286,5
NE003003,2008,4,2.38453276047261,1.222222222222222,0
NE003003,2009,4,3.6575875486381326,1.7599999999999998,0
NE003003,2010,4,1.2400344135359909,1.6923076923076923,0
NE003003,2011,4,7.00507614213198,4.4,1
NE003003,2012,4,4.707846410684474,4.888888888888888,0
NE003003,2013,4,2.026190476190476,1.517241379310345,0
NE003003,2014,4,1.2225049476957874,2.2,0
NE003003,2015,4,1.6918489065606364,4.888888888888888,0
NE003003,2016,4,1.3470404984423674,3.666666666666667,0
NE003003,2017,4,3.353694581280788,7.333333333333334,5
NE003003,2018,4,2.1266968325791855,1.375,0
NE003003,2019,4,3.012211668928087,1.4666666666666668,0
NE003003,2020,4,1.201553123896929,2.588235294117647,0
NE003003,2021,4,3.223354958294717,1.6296296296296295,0
NE003003,2022,4,2.813223140495868,2.3157894736842106,0
NE003003,2023,4,5.0181818181818185,8.8,3
NE003003,2024,4,1.1178981937602628,1.2571428571428571,0
NE003003,2025,4,1.808714133900106,4.0,0
NE003003,2026,4,7.943661971830987,1.6923076923076923,1
NE003005,1991,3,1.8800000000000001,1.9130434782608696,0
NE003005,1992,3,2.238095238095238,1.3333333333333333,0
NE003005,1993,3,2.176470588235294,2.2,0
NE003005,1994,3,1.146341463414634,1.1,0
NE003005,1995,3,15.666666666666668,4.0,2
NE003005,1996,3,6.714285714285714,1.5714285714285714,1
NE003005,1997,3,6.166666666666666,11.0,3
NE003005,1998,4,1.9671945701357467,1.222222222222222,0
NE003005,1999,4,1.3284950343773874,1.1282051282051282,0
NE003005,2000,4,1.7411764705882353,2.0952380952380953,0
NE003005,2001,4,1.1786703601108033,2.444444444444444,0
NE003005,2002,4,1.375609756097561,14.666666666666668,5
NE003005,2003,4,1.5834522111269616,2.588235294117647,0
NE003005,2004,4,1.6916342412451362,3.666666666666667,0
NE003005,2005,4,1.269698334083746,3.3846153846153846,0
NE003005,2006,4,2.167418546365915,2.75,0
NE003005,2007,4,1.9419318816303741,6.285714285714286,5
NE003005,2008,4,3.214869888475836,1.222222222222222,0
NE003005,2009,4,2.684824902723735,1.7599999999999998,0
NE003005,2010,4,1.6298031865042175,1.6923076923076923,0
NE003005,2011,4,16.056603773584904,4.4,2
NE003005,2012,4,1.6666666666666667,4.888888888888888,0
NE003005,2013,4,3.565891472868217,1.517241379310345,0
NE003005,2014,4,3.7640692640692635,2.2,0
NE003005,2015,4,1.9803370786516856,4.888888888888888,0
NE003005,2016,4,5.627831715210355,3.666666666666667,1
NE003005,2017,4,1.3308164228409627,7.333333333333334,5
NE003005,2018,4,1.6452223273415327,1.375,0
NE003005,2019,4,1.2938988095238093,1.4666666666666668,0
NE003005,2020,4,1.4755093194625055,2.588235294117647,0
NE003005,2021,4,2.249834765366821,1.6296296296296295,0
NE003005,2022,4,1.6009280742459395,2.3157894736842106,0
NE003005,2023,4,5.126506024096385,8.8,3
NE003005,2024,4,1.1809045226130652,1.2571428571428571,0
NE003005,2025,4,1.8221660345554151,4.0,0
NE003005,2026,4,4.017094017094017,1.6923076923076923,0
NE003006,1991,3,2.176470588235294,1.9130434782608696,0
NE003006,1992,3,1.5666666666666667,1.3333333333333333,0
NE003006,1993,3,1.8076923076923077,2.2,0
NE003006,1994,3,1.236842105263158,1.1,0
NE003006,1995,3,3.6153846153846154,4.0,0
NE003006,1996,3,3.6999999999999997,1.5714285714285714,0
NE003006,1997,3,3.1333333333333333,11.0,5
NE003006,1998,4,1.291517323775388,1.222222222222222,0
NE003006,1999,4,2.9042224510813597,1.1282051282051282,0
NE003006,2000,4,2.0781134856300665,2.0952380952380953,0
NE003006,2001,4,1.1016181229773463,2.444444444444444,0
NE003006,2002,4,1.0995542347696878,14.666666666666668,5
NE003006,2003,4,2.1221945137157108,2.588235294117647,0
NE003006,2004,4,1.9173098125689085,3.666666666666667,0
NE003006,2005,4,1.5427380125086867,3.3846153846153846,0
NE003006,2006,4,2.018181818181818,2.75,0
NE003006,2007,4,1.8540305010893248,6.285714285714286,5
NE003006,2008,4,2.513953488372093,1.222222222222222,0
NE003006,2009,4,1.8244725738396625,1.7599999999999998,0
NE003006,2010,4,1.518578352180937,1.6923076923076923,0
NE003006,2011,4,10.351190476190474,4.4,2
NE003006,2012,4,1.618640038040894,4.888888888888888,0
NE003006,2013,4,2.4143835616438354,1.517241379310345,0
NE003006,2014,4,9.769662921348313,2.2,1
NE003006,2015,4,2.0708955223880596,4.888888888888888,0
NE003006,2016,4,3.769100169779287,3.666666666666667,0
NE003006,2017,4,1.2763302752293577,7.333333333333334,5
NE003006,2018,4,1.266569555717407,1.375,0
NE003006,2019,4,1.8190376569037658,1.4666666666666668,0
NE003006,2020,4,1.6986027944111775,2.588235294117647,0
NE003006,2021,4,3.9495798319327724,1.6296296296296295,0
NE003006,2022,4,1.1896551724137931,2.3157894736842106,0
NE003006,2023,4,5.811827956989247,8.8,3
NE003006,2024,4,1.4241486068111453,1.2571428571428571,0
NE003006,2025,4,2.8059701492537314,4.0,0
NE003006,2026,4,12.207792207792206,1.6923076923076923,2
NE004005,1991,3,1.9473684210526316,11.0,5
NE004005,1992,3,2.3125,2.3157894736842106,0
NE004005,1993,3,7.833333333333334,7.333333333333334,3
NE004005,1994,3,1.2702702702702702,1.222222222222222,0
NE004005,1995,3,2.0434782608695654,5.5,5
NE004005,1996,3,5.875,6.285714285714286,3
NE004005,1997,3,2.176470588235294,8.8,5
NE004005,1998,4,1.2250217202432667,2.0,0
NE004005,1999,4,1.6222014925373134,1.222222222222222,0
NE004005,2000,4,1.3085026335590668,1.6923076923076923,0
NE004005,2001,4,1.0491493383742911,2.75,0
NE004005,2002,4,3.4686346863468636,2.588235294117647,0
NE004005,2003,4,1.4258188824662812,1.4666666666666668,0
NE004005,2004,4,4.131736526946107,4.4,0
NE004005,2005,4,1.6805450416351249,3.666666666666667,0
NE004005,2006,4,3.871083258728738,8.8,5
NE004005,2007,4,3.0519480519480515,3.3846153846153846,0
NE004005,2008,4,2.7669053301511535,1.9130434782608696,0
NE004005,2009,4,9.61038961038961,7.333333333333334,3
NE004005,2010,4,1.1421628189550426,1.3333333333333333,0
NE004005,2011,4,3.586429725363489,1.8333333333333335,0
NE004005,2012,4,1.4308532997057586,1.6923076923076923,0
NE004005,2013,4,5.7317073170731705,2.2,1
NE004005,2014,4,2.3954961294862773,4.0,0
NE004005,2015,4,1.991808074897601,2.9333333333333336,0
NE004005,2016,4,1.922077922077922,2.588235294117647,0
NE004005,2017,4,1.397105097545626,1.5714285714285714,0
NE004005,2018,4,2.0982986767485823,1.375,0
NE004005,2019,4,1.7625000000000002,2.0952380952380953,0
NE004005,2020,4,1.0664160401002505,1.8333333333333335,0
NE004005,2021,4,2.1123595505617976,1.6296296296296295,0
NE004005,2022,4,1.9721900347624564,1.222222222222222,0
NE004005,2023,4,1.9698314108251995,1.5714285714285714,0
NE004005,2024,4,1.1616566466265865,1.222222222222222,0
NE004005,2025,4,1.7845048742945098,1.4666666666666668,0
NE004005,2026,4,1.878747501665556,1.9130434782608696,0
NE004006,1991,3,1.3214285714285714,11.0,5
NE004006,1992,3,5.285714285714286,2.3157894736842106,1
NE004006,1993,3,4.625,7.333333333333334,5
NE004006,1994,3,1.2758620689655173,1.222222222222222,0
NE004006,1995,3,6.714285714285714,5.5,3
NE004006,1996,3,5.875,6.285714285714286,3
NE004006,1997,3,1.8499999999999999,8.8,5
NE004006,1998,4,1.4177978883861238,2.0,0
NE004006,1999,4,1.6222014925373134,1.222222222222222,0
NE004006,2000,4,1.227154046997389,1.6923076923076923,0
NE004006,2001,4,1.1072319201995013,2.75,0
NE004006,2002,4,2.159533073929961,2.588235294117647,0
NE004006,2003,4,1.6830932524639877,1.4666666666666668,0
NE004006,2004,4,2.5044404973357017,4.4,0
NE004006,2005,4,1.7605075337034097,3.666666666666667,0
NE004006,2006,4,3.2790697674418605,8.8,5
NE004006,2007,4,3.3210445468509984,3.3846153846153846,0
NE004006,2008,4,3.2657276995305162,1.9130434782608696,0
NE004006,2009,4,4.675824175824176,7.333333333333334,5
NE004006,2010,4,1.1016181229773463,1.3333333333333333,0
NE004006,2011,4,3.586429725363489,1.8333333333333335,0
NE004006,2012,4,1.6157205240174672,1.6923076923076923,0
NE004006,2013,4,3.627450980392157,2.2,0
NE004006,2014,4,2.0698898994734325,4.0,0
NE004006,2015,4,2.4278495227400336,2.9333333333333336,0
NE004006,2016,4,1.803006739243131,2.588235294117647,0
NE004006,2017,4,1.6654163540885223,1.5714285714285714,0
NE004006,2018,4,1.6329305135951664,1.375,0
NE004006,2019,4,2.83987915407855,2.0952380952380953,0
NE004006,2020,4,1.1113287626509956,1.8333333333333335,0
NE004006,2021,4,1.9371727748691097,1.6296296296296295,0
NE004006,2022,4,2.1346153846153846,1.222222222222222,0
NE004006,2023,4,1.4829659318637274,1.5714285714285714,0
NE004006,2024,4,1.1870307167235494,1.222222222222222,0
NE004006,2025,4,1.408097165991903,1.4666666666666668,0
NE004006,2026,4,2.5359712230215825,1.9130434782608696,0
NE005002,1991,3,2.3125,6.285714285714286,5
NE005002,1992,3,2.35,2.2,0
NE005002,1993,3,4.2727272727272725,6.285714285714286,5
NE005002,1994,3,1.0681818181818181,1.1282051282051282,0
NE005002,1995,3,11.75,8.8,4
NE005002,1996,3,1.6785714285714286,4.0,0
NE005002,1997,3,5.222222222222222,7.333333333333334,3
NE005002,1998,4,1.4997843898231997,1.2941176470588236,0
NE005002,1999,4,1.207638888888889,1.1282051282051282,0
NE005002,2000,4,2.2089552238805967,2.9333333333333336,0
NE005002,2001,4,1.5236081747709653,2.2,0
NE005002,2002,4,2.3959218351741716,5.5,5
NE005002,2003,4,1.502954466458116,1.7599999999999998,0
NE005002,2004,4,4.669546436285097,5.5,5
NE005002,2005,4,1.1893715731758752,3.142857142857143,0
NE005002,2006,4,2.21106166560712,4.4,0
NE005002,2007,4,1.4899328859060401,2.0,0
NE005002,2008,4,2.3270440251572326,1.517241379310345,0
NE005002,2009,4,4.221556886227544,3.142857142857143,0
NE005002,2010,4,1.2854984894259818,1.8333333333333335,0
NE005002,2011,4,4.196597353497165,2.588235294117647,0
NE005002,2012,4,2.5554739162380606,2.3157894736842106,0
NE005002,2013,4,2.7947454844006567,1.8333333333333335,0
NE005002,2014,4,1.2514092446448704,1.517241379310345,0
NE005002,2015,4,1.740286298568507,1.7599999999999998,0
NE005002,2016,4,1.3696547355083941,3.666666666666667,0
NE005002,2017,4,2.0730816077953715,2.0,0
NE005002,2018,4,1.9678995115143059,1.4666666666666668,0
NE005002,2019,4,2.8031809145129225,2.0952380952380953,0
NE005002,2020,4,1.0969793322734498,1.2571428571428571,0
NE005002,2021,4,2.7441285537700866,1.375,0
NE005002,2022,4,3.509278350515464,1.3333333333333333,0
NE005002,2023,4,2.617924528301887,2.75,0
NE005002,2024,4,1.101261727596247,1.1578947368421053,0
NE005002,2025,4,3.735767991407089,1.2941176470588236,0
NE005002,2026,4,7.580645161290323,1.6923076923076923,1
NE005007,1991,3,2.0555555555555554,6.285714285714286,5
NE005007,1992,3,1.5416666666666665,2.2,0
NE005007,1993,3,23.5,6.285714285714286,4
NE005007,1994,3,1.7407407407407405,1.1282051282051282,0
NE005007,1995,3,3.916666666666667,8.8,5
NE005007,1996,3,1.8800000000000001,4.0,0
NE005007,1997,3,2.176470588235294,7.333333333333334,5
NE005007,1998,4,1.4098094852047023,1.2941176470588236,0
NE005007,1999,4,1.9268698060941827,1.1282051282051282,0
NE005007,2000,4,1.9162534435261707,2.9333333333333336,0
NE005007,2001,4,1.2062367115520907,2.2,0
NE005007,2002,4,1.6830932524639877,5.5,5
NE005007,2003,4,1.8370210469508903,1.7599999999999998,0
NE005007,2004,4,3.219657483246463,5.5,5
NE005007,2005,4,1.1069382558879695,3.142857142857143,0
NE005007,2006,4,2.8605042016806723,4.4,0
NE005007,2007,4,2.3475862068965516,2.0,0
NE005007,2008,4,2.3234819989253093,1.517241379310345,0
NE005007,2009,4,6.155515370705245,3.142857142857143,1
NE005007,2010,4,1.282448377581121,1.8333333333333335,0
NE005007,2011,4,2.789093825180433,2.588235294117647,0
NE005007,2012,4,1.558011049723757,2.3157894736842106,0
NE005007,2013,4,4.3274853801169595,1.8333333333333335,0
NE005007,2014,4,1.3679215438152483,1.517241379310345,0
NE005007,2015,4,1.9619596541786744,1.7599999999999998,0
NE005007,2016,4,1.3692210259658013,3.666666666666667,0
NE005007,2017,4,1.9039451114922814,2.0,0
NE005007,2018,4,2.26268969126112,1.4666666666666668,0
NE005007,2019,4,2.9012345679012346,2.0952380952380953,0
NE005007,2020,4,1.1448321263989465,1.2571428571428571,0
NE005007,2021,4,3.041095890410959,1.375,0
NE005007,2022,4,2.1979734996102884,1.3333333333333333,0
NE005007,2023,4,2.136669874879692,2.75,0
NE005007,2024,4,1.084840923268871,1.1578947368421053,0
NE005007,2025,4,4.430327868852459,1.2941176470588236,0
NE005007,2026,4,2.596685082872928,1.6923076923076923,0
NE005009,1991,3,1.608695652173913,6.285714285714286,5
NE005009,1992,3,2.3125,2.2,0
NE005009,1993,3,4.2727272727272725,6.285714285714286,5
NE005009,1994,3,1.0681818181818181,1.1282051282051282,0
NE005009,1995,3,6.714285714285714,8.8,3
NE005009,1996,3,2.764705882352941,4.0,0
NE005009,1997,3,4.625,7.333333333333334,5
NE005009,1998,4,1.1336375488917863,1.2941176470588236,0
NE005009,1999,4,1.3905325443786982,1.1282051282051282,0
NE005009,2000,4,1.5088937093275487,2.9333333333333336,0
NE005009,2001,4,1.4544231416078035,2.2,0
NE005009,2002,4,2.0720058780308594,5.5,5
NE005009,2003,4,1.5809872029250458,1.7599999999999998,0
NE005009,2004,4,5.1879699248120295,5.5,3
NE005009,2005,4,1.158110882956879,3.142857142857143,0
NE005009,2006,4,2.7139364303178484,4.4,0
NE005009,2007,4,1.854636591478697,2.0,0
NE005009,2008,4,1.2899477048227774,1.517241379310345,0
NE005009,2009,4,2.179197994987469,3.142857142857143,0
NE005009,2010,4,1.4605263157894737,1.8333333333333335,0
NE005009,2011,4,2.44985835694051,2.588235294117647,0
NE005009,2012,4,2.111328125,2.3157894736842106,0
NE005009,2013,4,8.283582089552239,1.8333333333333335,1
NE005009,2014,4,1.650688182249644,1.517241379310345,0
NE005009,2015,4,1.7719937532535137,1.7599999999999998,0
NE005009,2016,4,1.348300592454007,3.666666666666667,0
NE005009,2017,4,1.578678349762687,2.0,0
NE005009,2018,4,2.5543478260869565,1.4666666666666668,0
NE005009,2019,4,2.993630573248408,2.0952380952380953,0
NE005009,2020,4,1.2987409385730637,1.2571428571428571,0
NE005009,2021,4,1.7744897959183672,1.375,0
NE005009,2022,4,3.9718309859154934,1.3333333333333333,0
NE005009,2023,4,2.2089552238805967,2.75,0
NE005009,2024,4,1.1009813232035455,1.1578947368421053,0
NE005009,2025,4,2.107878787878788,1.2941176470588236,0
NE005009,2026,4,6.997987927565392,1.6923076923076923,1
NE005011,1991,3,2.473684210526316,6.285714285714286,5
NE005011,1992,3,1.8800000000000001,2.2,0
NE005011,1993,3,6.714285714285714,6.285714285714286,3
NE005011,1994,3,1.2758620689655173,1.1282051282051282,0
NE005011,1995,3,4.7,8.8,5
NE005011,1996,3,11.75,4.0,2
NE005011,1997,3,2.764705882352941,7.333333333333334,5
NE005011,1998,4,1.068974042027194,1.2941176470588236,0
NE005011,1999,4,1.4521112255406798,1.1282051282051282,0
NE005011,2000,4,1.518578352180937,2.9333333333333336,0
NE005011,2001,4,1.7655601659751041,2.2,0
NE005011,2002,4,2.2734761120263594,5.5,5
NE005011,2003,4,1.6976835492736555,1.7599999999999998,0
NE005011,2004,4,9.139072847682119,5.5,3
NE005011,2005,4,1.3572567783094098,3.142857142857143,0
NE005011,2006,4,3.5794701986754967,4.4,0
NE005011,2007,4,2.0142011834319526,2.0,0
NE005011,2008,4,1.4194373401534528,1.517241379310345,0
NE005011,2009,4,2.0826347305389223,3.142857142857143,0
NE005011,2010,4,1.223196605374823,1.8333333333333335,0
NE005011,2011,4,1.655901350557839,2.588235294117647,0
NE005011,2012,4,2.152671755725191,2.3157894736842106,0
NE005011,2013,4,6.766536964980545,1.8333333333333335,1
NE005011,2014,4,3.1229357798165136,1.517241379310345,0
NE005011,2015,4,1.9371727748691097,1.7599999999999998,0
NE005011,2016,4,1.431788079470199,3.666666666666667,0
NE005011,2017,4,1.1775599128540304,2.0,0
NE005011,2018,4,1.7859404686510452,1.4666666666666668,0
NE005011,2019,4,1.6319444444444444,2.0952380952380953,0
NE005011,2020,4,1.771777890983189,1.2571428571428571,0
NE005011,2021,4,1.3741604109047807,1.375,0
NE005011,2022,4,3.717970765262253,1.3333333333333333,0
NE005011,2023,4,2.453038674033149,2.75,0
NE005011,2024,4,1.0767468499427262,1.1578947368421053,0
NE005011,2025,4,1.37797147385103,1.2941176470588236,0
NE005011,2026,4,3.186440677966102,1.6923076923076923,0
NE005012,1991,3,1.8800000000000001,6.285714285714286,5
NE005012,1992,3,2.35,2.2,0
NE005012,1993,3,5.222222222222222,6.285714285714286,3
NE005012,1994,3,1.9473684210526316,1.1282051282051282,0
NE005012,1995,3,15.666666666666668,8.8,4
NE005012,1996,3,4.181818181818182,4.0,0
NE005012,1997,3,5.875,7.333333333333334,3
NE005012,1998,4,1.1201288244766505,1.2941176470588236,0
NE005012,1999,4,1.3104089219330854,1.1282051282051282,0
NE005012,2000,4,1.825242718446602,2.9333333333333336,0
NE005012,2001,4,2.2072485962225623,2.2,0
NE005012,2002,4,2.7384420519316026,5.5,5
NE005012,2003,4,1.988960441582337,1.7599999999999998,0
NE005012,2004,4,7.00507614213198,5.5,3
NE005012,2005,4,1.398809523809524,3.142857142857143,0
NE005012,2006,4,3.1646951774340306,4.4,0
NE005012,2007,4,1.854636591478697,2.0,0
NE005012,2008,4,1.3309352517985609,1.517241379310345,0
NE005012,2009,4,1.9162534435261707,3.142857142857143,0
NE005012,2010,4,1.365528072241853,1.8333333333333335,0
NE005012,2011,4,1.935541629364369,2.588235294117647,0
NE005012,2012,4,1.4454126089185033,2.3157894736842106,0
NE005012,2013,4,7.7214285714285715,1.8333333333333335,1
NE005012,2014,4,1.9354838709677422,1.517241379310345,0
NE005012,2015,4,1.3669950738916257,1.7599999999999998,0
NE005012,2016,4,1.5766558591940714,3.666666666666667,0
NE005012,2017,4,1.293062200956938,2.0,0
NE005012,2018,4,1.7018708509354257,1.4666666666666668,0
NE005012,2019,4,1.973407977606718,2.0952380952380953,0
NE005012,2020,4,1.3973727422003284,1.2571428571428571,0
NE005012,2021,4,1.442495126705653,1.375,0
NE005012,2022,4,3.717970765262253,1.3333333333333333,0
NE005012,2023,4,2.094339622641509,2.75,0
NE005012,2024,4,1.1178981937602628,1.1578947368421053,0
NE005012,2025,4,1.8343881856540085,1.2941176470588236,0
NE005012,2026,4,3.365155131264917,1.6923076923076923,0
NE006001,1991,3,2.238095238095238,6.285714285714286,5
NE006001,1992,3,1.9583333333333335,1.6296296296296295,0
NE006001,1993,3,6.714285714285714,4.4,1
NE006001,1994,3,1.761904761904762,1.1891891891891893,0
NE006001,1995,3,4.625,3.3846153846153846,0
NE006001,1996,3,3.1333333333333333,2.9333333333333336,0
NE006001,1997,3,2.5555555555555554,8.8,5
NE006001,1998,4,1.081811358518889,1.222222222222222,0
NE006001,1999,4,1.158110882956879,1.0731707317073171,0
NE006001,2000,4,2.174248265227448,1.8333333333333335,0
NE006001,2001,4,1.3524036551450138,1.9130434782608696,0
NE006001,2002,4,2.2208525937339494,11.0,5
NE006001,2003,4,1.5553956834532374,1.517241379310345,0
NE006001,2004,4,5.138888888888888,2.75,1
NE006001,2005,4,1.2514092446448704,3.666666666666667,0
NE006001,2006,4,3.8033519553072628,2.75,0
NE006001,2007,4,1.6567164179104477,3.3846153846153846,0
NE006001,2008,4,1.2350852272727273,1.2571428571428571,0
NE006001,2009,4,5.11520737327189,5.5,3
NE006001,2010,4,1.2730600292825769,2.588235294117647,0
NE006001,2011,4,3.1942446043165464,2.444444444444444,0
NE006001,2012,4,1.9733333333333332,3.142857142857143,0
NE006001,2013,4,3.2326685660019,1.5714285714285714,0
NE006001,2014,4,1.5946813388353964,2.444444444444444,0
NE006001,2015,4,1.575925925925926,4.888888888888888,0
NE006001,2016,4,1.4455527847049043,2.0952380952380953,0
NE006001,2017,4,1.6056442629038248,1.9130434782608696,0
NE006001,2018,4,1.7380352644836274,1.6296296296296295,0
NE006001,2019,4,2.0538965768390387,3.142857142857143,0
NE006001,2020,4,1.5426695842450768,1.4193548387096773,0
NE006001,2021,4,2.187421383647799,1.2571428571428571,0
NE006001,2022,4,7.4015748031496065,2.9333333333333336,1
NE006001,2023,4,3.148936170212766,3.666666666666667,0
NE006001,2024,4,1.0797665369649805,1.222222222222222,0
NE006001,2025,4,4.140476190476191,1.7599999999999998,0
NE006001,2026,4,4.338461538461538,1.4666666666666668,0
NE006002,1991,3,1.5666666666666667,6.285714285714286,5
NE006002,1992,3,3.6153846153846154,1.6296296296296295,0
NE006002,1993,3,5.222222222222222,4.4,1
NE006002,1994,3,3.1333333333333333,1.1891891891891893,0
NE006002,1995,3,5.875,3.3846153846153846,1
NE006002,1996,3,3.3636363636363633,2.9333333333333336,0
NE006002,1997,3,11.75,8.8,4
NE006002,1998,4,1.1938155715074545,1.222222222222222,0
NE006002,1999,4,1.2292938099389714,1.0731707317073171,0
NE006002,2000,4,1.4387556707712248,1.8333333333333335,0
NE006002,2001,4,1.2560491152040447,1.9130434782608696,0
NE006002,2002,4,2.6576521204671173,11.0,5
NE006002,2003,4,1.2903610862429125,1.517241379310345,0
NE006002,2004,4,3.074977416440831,2.75,0
NE006002,2005,4,1.1410761154855644,3.666666666666667,0
NE006002,2006,4,3.9261822376009223,2.75,0
NE006002,2007,4,1.4313141343925853,3.3846153846153846,0
NE006002,2008,4,2.328654004954583,1.2571428571428571,0
NE006002,2009,4,5.49428208386277,5.5,3
NE006002,2010,4,1.2771739130434783,2.588235294117647,0
NE006002,2011,4,2.5984732824427477,2.444444444444444,0
NE006002,2012,4,1.4842105263157894,3.142857142857143,0
NE006002,2013,4,3.9673659673659674,1.5714285714285714,0
NE006002,2014,4,1.7633042096902305,2.444444444444444,0
NE006002,2015,4,1.1500815660685155,4.888888888888888,0
NE006002,2016,4,1.553719008264463,2.0952380952380953,0
NE006002,2017,4,1.5471530249110321,1.9130434782608696,0
NE006002,2018,4,1.3050656660412756,1.6296296296296295,0
NE006002,2019,4,2.2889610389610393,3.142857142857143,0
NE006002,2020,4,1.7882547559966915,1.4193548387096773,0
NE006002,2021,4,2.4832214765100673,1.2571428571428571,0
NE006002,2022,4,3.6484458735262595,2.9333333333333336,0
NE006002,2023,4,2.5294545454545454,3.666666666666667,0
NE006002,2024,4,1.2164383561643834,1.222222222222222,0
NE006002,2025,4,1.2862108922363846,1.7599999999999998,0
NE006002,2026,4,4.007220216606498,1.4666666666666668,0
NE006003,1991,3,5.285714285714286,6.285714285714286,3
NE006003,1992,3,1.6818181818181817,1.6296296296296295,0
NE006003,1993,3,4.181818181818182,4.4,0
NE006003,1994,3,1.205128205128205,1.1891891891891893,0
NE006003,1995,3,2.1363636363636362,3.3846153846153846,0
NE006003,1996,3,6.714285714285714,2.9333333333333336,1
NE006003,1997,3,1.6785714285714286,8.8,5
NE006003,1998,4,1.4356811471952764,1.222222222222222,0
NE006003,1999,4,1.6987951807228916,1.0731707317073171,0
NE006003,2000,4,1.3308164228409627,1.8333333333333335,0
NE006003,2001,4,1.060436137071651,1.9130434782608696,0
NE006003,2002,4,2.4124734231041813,11.0,5
NE006003,2003,4,2.0669216061185467,1.517241379310345,0
NE006003,2004,4,3.5562372188139055,2.75,0
NE006003,2005,4,1.4803149606299213,3.666666666666667,0
NE006003,2006,4,1.3049514113836185,2.75,0
NE006003,2007,4,1.3583815028901733,3.3846153846153846,0
NE006003,2008,4,3.2029629629629626,1.2571428571428571,0
NE006003,2009,4,3.1005586592178767,5.5,5
NE006003,2010,4,1.5540661304736372,2.588235294117647,0
NE006003,2011,4,7.383947939262473,2.444444444444444,1
NE006003,2012,4,1.8053777208706783,3.142857142857143,0
NE006003,2013,4,2.38453276047261,1.5714285714285714,0
NE006003,2014,4,1.2164383561643834,2.444444444444444,0
NE006003,2015,4,1.4500335345405768,4.888888888888888,0
NE006003,2016,4,3.965792474344356,2.0952380952380953,0
NE006003,2017,4,2.0298151460942155,1.9130434782608696,0
NE006003,2018,4,1.605048255382331,1.6296296296296295,0
NE006003,2019,4,1.8948290972830852,3.142857142857143,0
NE006003,2020,4,1.4757679180887373,1.4193548387096773,0
NE006003,2021,4,3.0519480519480515,1.2571428571428571,0
NE006003,2022,4,3.6623376623376624,2.9333333333333336,0
NE006003,2023,4,8.679245283018869,3.666666666666667,1
NE006003,2024,4,1.0449492508458194,1.222222222222222,0
NE006003,2025,4,2.116495349975526,1.7599999999999998,0
NE006003,2026,4,4.358578052550232,1.4666666666666668,0
NE006004,1991,3,1.84,6.285714285714286,5
NE006004,1992,3,1.4242424242424243,1.6296296296296295,0
NE006004,1993,3,2.764705882352941,4.4,0
NE006004,1994,3,3.083333333333333,1.1891891891891893,0
NE006004,1995,3,4.2727272727272725,3.3846153846153846,0
NE006004,1996,3,1.9583333333333335,2.9333333333333336,0
NE006004,1997,3,3.357142857142857,8.8,5
NE006004,1998,4,1.2528818443804033,1.222222222222222,0
NE006004,1999,4,1.1093627065302911,1.0731707317073171,0
NE006004,2000,4,1.7028514257128566,1.8333333333333335,0
NE006004,2001,4,1.3921442369607213,1.9130434782608696,0
NE006004,2002,4,2.3836824696802648,11.0,5
NE006004,2003,4,1.6963515103962337,1.517241379310345,0
NE006004,2004,4,3.424317617866005,2.75,0
NE006004,2005,4,1.4524689284514611,3.666666666666667,0
NE006004,2006,4,3.2302405498281788,2.75,0
NE006004,2007,4,1.380597014925373,3.3846153846153846,0
NE006004,2008,4,3.1733576642335763,1.2571428571428571,0
NE006004,2009,4,4.067732831608655,5.5,5
NE006004,2010,4,1.26354862657758,2.588235294117647,0
NE006004,2011,4,3.0620689655172413,2.444444444444444,0
NE006004,2012,4,1.611742424242424,3.142857142857143,0
NE006004,2013,4,2.774246128769356,1.5714285714285714,0
NE006004,2014,4,1.6597998822836963,2.444444444444444,0
NE006004,2015,4,1.4041178845377473,4.888888888888888,0
NE006004,2016,4,1.5746540422432629,2.0952380952380953,0
NE006004,2017,4,1.451363870303654,1.9130434782608696,0
NE006004,2018,4,1.369047619047619,1.6296296296296295,0
NE006004,2019,4,2.748538011695907,3.142857142857143,0
NE006004,2020,4,1.5842696629213486,1.4193548387096773,0
NE006004,2021,4,2.5877976190476186,1.2571428571428571,0
NE006004,2022,4,6.079295154185022,2.9333333333333336,1
NE006004,2023,4,1.6769527483124398,3.666666666666667,0
NE006004,2024,4,1.1083374937593609,1.222222222222222,0
NE006004,2025,4,1.6669236700077101,1.7599999999999998,0
NE006004,2026,4,2.732558139534884,1.4666666666666668,0
NE006006,1991,3,4.7,6.285714285714286,5
NE006006,1992,3,1.5161290322580647,1.6296296296296295,0
NE006006,1993,3,6.571428571428571,4.4,1
NE006006,1994,3,1.2105263157894737,1.1891891891891893,0
NE006006,1995,3,2.642857142857143,3.3846153846153846,0
NE006006,1996,3,3.916666666666667,2.9333333333333336,0
NE006006,1997,3,1.8076923076923077,8.8,5
NE006006,1998,4,1.2698064987221613,1.222222222222222,0
NE006006,1999,4,1.2046134130713368,1.0731707317073171,0
NE006006,2000,4,1.6122296793437731,1.8333333333333335,0
NE006006,2001,4,1.1831769204031979,1.9130434782608696,0
NE006006,2002,4,2.0138969310943833,11.0,5
NE006006,2003,4,1.663716814159292,1.517241379310345,0
NE006006,2004,4,3.530964467005077,2.75,0
NE006006,2005,4,1.3177570093457944,3.666666666666667,0
NE006006,2006,4,1.8765849535080303,2.75,0
NE006006,2007,4,1.4552301255230125,3.3846153846153846,0
NE006006,2008,4,1.955617198335645,1.2571428571428571,0
NE006006,2009,4,6.056939501779359,5.5,3
NE006006,2010,4,1.2638081395348837,2.588235294117647,0
NE006006,2011,4,3.586429725363489,2.444444444444444,0
NE006006,2012,4,1.9328307059629883,3.142857142857143,0
NE006006,2013,4,2.710191082802548,1.5714285714285714,0
NE006006,2014,4,1.9528354856822012,2.444444444444444,0
NE006006,2015,4,1.36489898989899,4.888888888888888,0
NE006006,2016,4,1.8648793565683646,2.0952380952380953,0
NE006006,2017,4,1.863793103448276,1.9130434782608696,0
NE006006,2018,4,1.5492654962379075,1.6296296296296295,0
NE006006,2019,4,2.5753424657534243,3.142857142857143,0
NE006006,2020,4,1.3582677165354333,1.4193548387096773,0
NE006006,2021,4,2.6071964017991003,1.2571428571428571,0
NE006006,2022,4,6.795180722891566,2.9333333333333336,1
NE006006,2023,4,6.47887323943662,3.666666666666667,1
NE006006,2024,4,1.0814676616915424,1.222222222222222,0
NE006006,2025,4,2.5768772348033373,1.7599999999999998,0
NE006006,2026,4,7.4015748031496065,1.4666666666666668,1
NE006007,1991,3,2.7058823529411766,6.285714285714286,5
NE006007,1992,3,2.1904761904761907,1.6296296296296295,0
NE006007,1993,3,5.75,4.4,1
NE006007,1994,3,1.8076923076923077,1.1891891891891893,0
NE006007,1995,3,2.0555555555555554,3.3846153846153846,0
NE006007,1996,3,2.846153846153846,2.9333333333333336,0
NE006007,1997,3,4.2727272727272725,8.8,5
NE006007,1998,4,1.2762691853600943,1.222222222222222,0
NE006007,1999,4,1.2550066755674234,1.0731707317073171,0
NE006007,2000,4,1.5388788426763111,1.8333333333333335,0
NE006007,2001,4,1.6665069477719214,1.9130434782608696,0
NE006007,2002,4,2.902013422818792,11.0,5
NE006007,2003,4,1.1392235609103079,1.517241379310345,0
NE006007,2004,4,3.2791728212703104,2.75,0
NE006007,2005,4,1.1993103448275861,3.666666666666667,0
NE006007,2006,4,3.6919739696312366,2.75,0
NE006007,2007,4,1.579254930606282,3.3846153846153846,0
NE006007,2008,4,2.167563412759416,1.2571428571428571,0
NE006007,2009,4,10.291970802919709,5.5,4
NE006007,2010,4,1.3567158230370666,2.588235294117647,0
NE006007,2011,4,10.295238095238094,2.444444444444444,2
NE006007,2012,4,1.1706102117061021,3.142857142857143,0
NE006007,2013,4,3.23574144486692,1.5714285714285714,0
NE006007,2014,4,2.119815668202765,2.444444444444444,0
NE006007,2015,4,1.2367688022284122,4.888888888888888,0
NE006007,2016,4,2.559398496240602,2.0952380952380953,0
NE006007,2017,4,1.6031836270608302,1.9130434782608696,0
NE006007,2018,4,1.5492654962379075,1.6296296296296295,0
NE006007,2019,4,1.7875155022736668,3.142857142857143,0
NE006007,2020,4,1.5048025613660618,1.4193548387096773,0
NE006007,2021,4,3.0269799825935597,1.2571428571428571,0
NE006007,2022,4,2.9424307036247335,2.9333333333333336,0
NE006007,2023,4,2.6285714285714286,3.666666666666667,0
NE006007,2024,4,1.1200807265388497,1.222222222222222,0
NE006007,2025,4,1.7011494252873562,1.7599999999999998,0
NE006007,2026,4,2.136669874879692,1.4666666666666668,0
NE006008,1991,3,3.3636363636363633,6.285714285714286,5
NE006008,1992,3,2.3000000000000003,1.6296296296296295,0
NE006008,1993,3,2.764705882352941,4.4,0
NE006008,1994,3,1.2758620689655173,1.1891891891891893,0
NE006008,1995,3,3.357142857142857,3.3846153846153846,0
NE006008,1996,3,5.875,2.9333333333333336,1
NE006008,1997,3,3.0666666666666664,8.8,5
NE006008,1998,4,1.2682563338301043,1.222222222222222,0
NE006008,1999,4,1.7133004926108375,1.0731707317073171,0
NE006008,2000,4,1.410705352676338,1.8333333333333335,0
NE006008,2001,4,1.1016181229773463,1.9130434782608696,0
NE006008,2002,4,1.7574532592218293,11.0,5
NE006008,2003,4,1.8820346320346317,1.517241379310345,0
NE006008,2004,4,3.274952919020716,2.75,0
NE006008,2005,4,1.1662531017369726,3.666666666666667,0
NE006008,2006,4,1.8613861386138613,2.75,0
NE006008,2007,4,1.6468311562651183,3.3846153846153846,0
NE006008,2008,4,2.822454308093995,1.2571428571428571,0
NE006008,2009,4,3.578680203045685,5.5,5
NE006008,2010,4,1.7852522639068564,2.588235294117647,0
NE006008,2011,4,11.538983050847456,2.444444444444444,2
NE006008,2012,4,1.3462017434620173,3.142857142857143,0
NE006008,2013,4,3.708404802744426,1.5714285714285714,0
NE006008,2014,4,1.5352697095435683,2.444444444444444,0
NE006008,2015,4,1.3683544303797468,4.888888888888888,0
NE006008,2016,4,4.55832241153342,2.0952380952380953,0
NE006008,2017,4,1.5481171548117154,1.9130434782608696,0
NE006008,2018,4,1.6950215601724814,1.6296296296296295,0
NE006008,2019,4,1.6255969436485198,3.142857142857143,0
NE006008,2020,4,1.4219133278822567,1.4193548387096773,0
NE006008,2021,4,2.2555123216601816,1.2571428571428571,0
NE006008,2022,4,3.2601156069364166,2.9333333333333336,0
NE006008,2023,4,4.554455445544554,3.666666666666667,0
NE006008,2024,4,1.0797665369649805,1.222222222222222,0
NE006008,2025,4,1.9372759856630826,1.7599999999999998,0
NE006008,2026,4,2.465034965034965,1.4666666666666668,0
NE006009,1991,3,2.0,6.285714285714286,5
NE006009,1992,3,1.46875,1.6296296296296295,0
NE006009,1993,3,3.357142857142857,4.4,0
NE006009,1994,3,3.1333333333333333,1.1891891891891893,0
NE006009,1995,3,4.2727272727272725,3.3846153846153846,0
NE006009,1996,3,3.916666666666667,2.9333333333333336,0
NE006009,1997,3,4.625,8.8,5
NE006009,1998,4,1.1931567328918322,1.222222222222222,0
NE006009,1999,4,1.1093627065302911,1.0731707317073171,0
NE006009,2000,4,1.6493313521545319,1.8333333333333335,0
NE006009,2001,4,1.162678139284754,1.9130434782608696,0
NE006009,2002,4,2.59358687546607,11.0,5
NE006009,2003,4,1.489063867016623,1.517241379310345,0
NE006009,2004,4,3.219657483246463,2.75,0
NE006009,2005,4,1.196765498652291,3.666666666666667,0
NE006009,2006,4,2.365531619179986,2.75,0
NE006009,2007,4,1.408097165991903,3.3846153846153846,0
NE006009,2008,4,2.792079207920792,1.2571428571428571,0
NE006009,2009,4,4.67965367965368,5.5,5
NE006009,2010,4,1.4699915469146239,2.588235294117647,0
NE006009,2011,4,8.072727272727272,2.444444444444444,1
NE006009,2012,4,1.5959252971137523,3.142857142857143,0
NE006009,2013,4,3.2326685660019,1.5714285714285714,0
NE006009,2014,4,1.816693944353519,2.444444444444444,0
NE006009,2015,4,1.2606016672707503,4.888888888888888,0
NE006009,2016,4,1.8221660345554151,2.0952380952380953,0
NE006009,2017,4,1.4024193548387096,1.9130434782608696,0
NE006009,2018,4,1.3981762917933132,1.6296296296296295,0
NE006009,2019,4,2.3878069432684166,3.142857142857143,0
NE006009,2020,4,1.5205479452054795,1.4193548387096773,0
NE006009,2021,4,3.0535557506584725,1.2571428571428571,0
NE006009,2022,4,6.588785046728972,2.9333333333333336,1
NE006009,2023,4,3.349514563106796,3.666666666666667,0
NE006009,2024,4,1.0761027629665536,1.222222222222222,0
NE006009,2025,4,1.863793103448276,1.7599999999999998,0
NE006009,2026,4,2.9652996845425865,1.4666666666666668,0
NE006010,1991,3,2.846153846153846,6.285714285714286,5
NE006010,1992,3,2.9375,1.6296296296296295,0
NE006010,1993,3,1.6206896551724137,4.4,0
NE006010,1994,3,1.205128205128205,1.1891891891891893,0
NE006010,1995,3,5.285714285714286,3.3846153846153846,1
NE006010,1996,3,12.333333333333332,2.9333333333333336,2
NE006010,1997,3,6.714285714285714,8.8,3
NE006010,1998,4,1.7937080969571944,1.222222222222222,0
NE006010,1999,4,1.3001869158878505,1.0731707317073171,0
NE006010,2000,4,1.451363870303654,1.8333333333333335,0
NE006010,2001,4,1.1906260930395243,1.9130434782608696,0
NE006010,2002,4,1.7731629392971247,11.0,5
NE006010,2003,4,1.5043252595155707,1.517241379310345,0
NE006010,2004,4,1.4895074946466809,2.75,0
NE006010,2005,4,1.122611464968153,3.666666666666667,0
NE006010,2006,4,2.0018034265103695,2.75,0
NE006010,2007,4,2.0464441219158203,3.3846153846153846,0
NE006010,2008,4,3.4399363564041368,1.2571428571428571,0
NE006010,2009,4,3.1363636363636367,5.5,5
NE006010,2010,4,1.977137631458619,2.588235294117647,0
NE006010,2011,4,13.193798449612403,2.444444444444444,2
NE006010,2012,4,1.8350404312668462,3.142857142857143,0
NE006010,2013,4,2.9153394803017605,1.5714285714285714,0
NE006010,2014,4,2.3969676085458307,2.444444444444444,0
NE006010,2015,4,1.4329268292682926,4.888888888888888,0
NE006010,2016,4,2.8534704370179953,2.0952380952380953,0
NE006010,2017,4,1.2818181818181817,1.9130434782608696,0
NE006010,2018,4,1.7912178956089475,1.6296296296296295,0
NE006010,2019,4,1.2105812739296902,3.142857142857143,0
NE006010,2020,4,1.2342277012327774,1.4193548387096773,0
NE006010,2021,4,2.0273972602739727,1.2571428571428571,0
NE006010,2022,4,1.598639455782313,2.9333333333333336,0
NE006010,2023,4,5.872340425531916,3.666666666666667,1
NE006010,2024,4,1.1592689295039165,1.222222222222222,0
NE006010,2025,4,2.7315224257738473,1.7599999999999998,0
NE006010,2026,4,3.0618892508143323,1.4666666666666668,0
NE006012,1991,3,1.9583333333333335,6.285714285714286,5
NE006012,1992,3,2.875,1.6296296296296295,0
NE006012,1993,3,4.625,4.4,0
NE006012,1994,3,2.764705882352941,1.1891891891891893,0
NE006012,1995,3,3.357142857142857,3.3846153846153846,0
NE006012,1996,3,2.611111111111111,2.9333333333333336,0
NE006012,1997,3,6.714285714285714,8.8,3
NE006012,1998,4,1.3126897389192471,1.222222222222222,0
NE006012,1999,4,1.2719891745602165,1.0731707317073171,0
NE006012,2000,4,1.6985462892119358,1.8333333333333335,0
NE006012,2001,4,1.367138364779874,1.9130434782608696,0
NE006012,2002,4,3.727586206896552,11.0,5
NE006012,2003,4,1.2262247838616716,1.517241379310345,0
NE006012,2004,4,2.9838709677419355,2.75,0
NE006012,2005,4,1.1842015662240382,3.666666666666667,0
NE006012,2006,4,3.2082940622054665,2.75,0
NE006012,2007,4,1.4322623385226898,3.3846153846153846,0
NE006012,2008,4,1.8981562774363474,1.2571428571428571,0
NE006012,2009,4,9.318965517241379,5.5,3
NE006012,2010,4,1.3085026335590668,2.588235294117647,0
NE006012,2011,4,6.835341365461846,2.444444444444444,1
NE006012,2012,4,1.3789731051344742,3.142857142857143,0
NE006012,2013,4,2.7947454844006567,1.5714285714285714,0
NE006012,2014,4,1.8053777208706783,2.444444444444444,0
NE006012,2015,4,1.0995542347696878,4.888888888888888,0
NE006012,2016,4,1.7254588986432562,2.0952380952380953,0
NE006012,2017,4,1.5610412926391384,1.9130434782608696,0
NE006012,2018,4,1.3296432964329643,1.6296296296296295,0
NE006012,2019,4,2.18944099378882,3.142857142857143,0
NE006012,2020,4,1.380597014925373,1.4193548387096773,0
NE006012,2021,4,2.7824,1.2571428571428571,0
NE006012,2022,4,5.2272727272727275,2.9333333333333336,1
NE006012,2023,4,2.547985347985348,3.666666666666667,0
NE006012,2024,4,1.0491493383742911,1.222222222222222,0
NE006012,2025,4,1.7121588089330024,1.7599999999999998,0
NE006012,2026,4,2.215568862275449,1.4666666666666668,0
NE002006,1991,3,1.9166666666666667,14.666666666666668,5
NE002006,1992,3,1.5666666666666667,1.9130434782608696,0
NE002006,1993,3,3.083333333333333,2.75,0
NE002006,1994,3,1.088235294117647,1.1891891891891893,0
NE002006,1995,3,1.5161290322580647,11.0,5
NE002006,1996,3,3.3636363636363633,4.0,0
NE002006,1997,3,2.35,4.888888888888888,0
NE002006,1998,4,2.9042224510813597,1.4666666666666668,0
NE002006,1999,4,1.1734143049932524,1.2571428571428571,0
NE002006,2000,4,2.774246128769356,3.3846153846153846,0
NE002006,2001,4,3.2172619047619047,5.5,5
NE002006,2002,4,5.334355828220859,2.0,1
NE002006,2003,4,1.2514705882352941,1.375,0
NE002006,2004,4,7.7807606263982105,2.588235294117647,1
NE002006,2005,4,1.4819329560296037,8.8,5
NE002006,2006,4,8.495088408644401,5.5,3
NE002006,2007,4,1.282448377581121,4.888888888888888,0
NE002006,2008,4,1.829103214890017,2.3157894736842106,0
NE002006,2009,4,3.0652173913043477,3.666666666666667,0
NE002006,2010,4,1.4453125,1.517241379310345,0
NE002006,2011,4,2.678062678062678,1.8333333333333335,0
NE002006,2012,4,1.3349368610944077,2.0,0
NE002006,2013,4,5.417445482866043,2.0952380952380953,1
NE002006,2014,4,6.361031518624642,3.666666666666667,1
NE002006,2015,4,3.418181818181818,2.0952380952380953,0
NE002006,2016,4,1.2898825312618414,2.2,0
NE002006,2017,4,1.8261802575107298,2.588235294117647,0
NE002006,2018,4,1.1641586867305063,1.4193548387096773,0
NE002006,2019,4,1.5990730011587486,1.6296296296296295,0
NE002006,2020,4,1.4576697401508802,1.3333333333333333,0
NE002006,2021,4,1.2148096402375133,1.6923076923076923,0
NE002006,2022,4,1.5384615384615383,1.375,0
NE002006,2023,4,2.3363711681855843,3.3846153846153846,0
NE002006,2024,4,1.0365408038976858,1.1891891891891893,0
NE002006,2025,4,2.1833019460138106,1.222222222222222,0
NE002006,2026,4,6.975409836065573,4.4,1
NE006005,1991,3,1.761904761904762,6.285714285714286,5
NE006005,1992,3,3.083333333333333,1.6296296296296295,0
NE006005,1993,3,5.75,4.4,1
NE006005,1994,3,4.2727272727272725,1.1891891891891893,0
NE006005,1995,3,3.1333333333333333,3.3846153846153846,0
NE006005,1996,3,3.916666666666667,2.9333333333333336,0
NE006005,1997,3,11.75,8.8,4
NE006005,1998,4,1.35125,1.222222222222222,0
NE006005,1999,4,1.3364928909952607,1.0731707317073171,0
NE006005,2000,4,2.9269131556319863,1.8333333333333335,0
NE006005,2001,4,1.451363870303654,1.9130434782608696,0
NE006005,2002,4,2.2746893394375407,11.0,5
NE006005,2003,4,1.2058094226000708,1.517241379310345,0
NE006005,2004,4,3.7372515125324113,2.75,0
NE006005,2005,4,1.4081632653061225,3.666666666666667,0
NE006005,2006,4,3.512899896800825,2.75,0
NE006005,2007,4,1.4142085583714166,3.3846153846153846,0
NE006005,2008,4,1.9041188386225525,1.2571428571428571,0
NE006005,2009,4,8.47843137254902,5.5,3
NE006005,2010,4,1.3548889754577327,2.588235294117647,0
NE006005,2011,4,3.3035714285714284,2.444444444444444,0
NE006005,2012,4,1.185372005044136,3.142857142857143,0
NE006005,2013,4,2.357966101694915,1.5714285714285714,0
NE006005,2014,4,2.114425427872861,2.444444444444444,0
NE006005,2015,4,1.1093627065302911,4.888888888888888,0
NE006005,2016,4,1.4803149606299213,2.0952380952380953,0
NE006005,2017,4,1.2381630473478105,1.9130434782608696,0
NE006005,2018,4,1.3119577517917766,1.6296296296296295,0
NE006005,2019,4,2.2964169381107493,3.142857142857143,0
NE006005,2020,4,1.2382588774341352,1.4193548387096773,0
NE006005,2021,4,2.6618705035971217,1.2571428571428571,0
NE006005,2022,4,3.5844155844155843,2.9333333333333336,0
NE006005,2023,4,2.827992151733159,3.666666666666667,0
NE006005,2024,4,1.3927227101631117,1.222222222222222,0
NE006005,2025,4,1.284722222222222,1.7599999999999998,0
NE006005,2026,4,3.119469026548672,1.4666666666666668,0
NE006011,1991,3,2.176470588235294,6.285714285714286,5
NE006011,1992,3,3.6999999999999997,1.6296296296296295,0
NE006011,1993,3,6.714285714285714,4.4,1
NE006011,1994,3,3.1333333333333333,1.1891891891891893,0
NE006011,1995,3,2.764705882352941,3.3846153846153846,0
NE006011,1996,3,3.916666666666667,2.9333333333333336,0
NE006011,1997,3,15.666666666666668,8.8,4
NE006011,1998,4,1.3312807881773399,1.222222222222222,0
NE006011,1999,4,1.3871126414166257,1.0731707317073171,0
NE006011,2000,4,2.0506024096385542,1.8333333333333335,0
NE006011,2001,4,1.8779697624190064,1.9130434782608696,0
NE006011,2002,4,2.59358687546607,11.0,5
NE006011,2003,4,1.1346103384938335,1.517241379310345,0
NE006011,2004,4,3.2451093210586883,2.75,0
NE006011,2005,4,1.3020527859237536,3.666666666666667,0
NE006011,2006,4,4.607843137254902,2.75,0
NE006011,2007,4,1.502954466458116,3.3846153846153846,0
NE006011,2008,4,1.9209809264305178,1.2571428571428571,0
NE006011,2009,4,9.318965517241379,5.5,3
NE006011,2010,4,1.37888198757764,2.588235294117647,0
NE006011,2011,4,4.664509169363538,2.444444444444444,0
NE006011,2012,4,1.1421628189550426,3.142857142857143,0
NE006011,2013,4,2.5877976190476186,1.5714285714285714,0
NE006011,2014,4,2.2128966223132034,2.444444444444444,0
NE006011,2015,4,1.1372950819672132,4.888888888888888,0
NE006011,2016,4,1.504,2.0952380952380953,0
NE006011,2017,4,1.408097165991903,1.9130434782608696,0
NE006011,2018,4,1.3967871485943777,1.6296296296296295,0
NE006011,2019,4,1.935541629364369,3.142857142857143,0
NE006011,2020,4,1.1769616026711185,1.4193548387096773,0
NE006011,2021,4,2.197094125078964,1.2571428571428571,0
NE006011,2022,4,3.143507972665148,2.9333333333333336,0
NE006011,2023,4,2.5508317929759707,3.666666666666667,0
NE006011,2024,4,1.1865312667022982,1.222222222222222,0
NE006011,2025,4,1.2952158693115519,1.7599999999999998,0
NE006011,2026,4,2.995951417004049,1.4666666666666668,0
NE006013,1991,3,6.166666666666666,6.285714285714286,3
NE006013,1992,3,2.3000000000000003,1.6296296296296295,0
NE006013,1993,3,3.357142857142857,4.4,0
NE006013,1994,3,1.15625,1.1891891891891893,0
NE006013,1995,3,2.9375,3.3846153846153846,0
NE006013,1996,3,5.285714285714286,2.9333333333333336,1
NE006013,1997,3,7.833333333333334,8.8,3
NE006013,1998,4,1.1717728055077452,1.222222222222222,0
NE006013,1999,4,1.1993103448275861,1.0731707317073171,0
NE006013,2000,4,1.604452690166976,1.8333333333333335,0
NE006013,2001,4,1.3720274083031037,1.9130434782608696,0
NE006013,2002,4,1.922077922077922,11.0,5
NE006013,2003,4,1.258073901658423,1.517241379310345,0
NE006013,2004,4,1.9279379157427938,2.75,0
NE006013,2005,4,1.0510622437569883,3.666666666666667,0
NE006013,2006,4,2.515415939499709,2.75,0
NE006013,2007,4,2.1652478718077117,3.3846153846153846,0
NE006013,2008,4,2.6761006289308176,1.2571428571428571,0
NE006013,2009,4,3.9221140472879,5.5,5
NE006013,2010,4,1.5959252971137523,2.588235294117647,0
NE006013,2011,4,5.204892966360856,2.444444444444444,1
NE006013,2012,4,1.5225352112676056,3.142857142857143,0
NE006013,2013,4,4.218536585365854,1.5714285714285714,0
NE006013,2014,4,2.5738095238095235,2.444444444444444,0
NE006013,2015,4,1.2909260991580915,4.888888888888888,0
NE006013,2016,4,1.8719052744886977,2.0952380952380953,0
NE006013,2017,4,1.5834522111269616,1.9130434782608696,0
NE006013,2018,4,1.8213984835720305,1.6296296296296295,0
NE006013,2019,4,2.159533073929961,3.142857142857143,0
NE006013,2020,4,1.4050632911392404,1.4193548387096773,0
NE006013,2021,4,2.661055853098699,1.2571428571428571,0
NE006013,2022,4,2.005813953488372,2.9333333333333336,0
NE006013,2023,4,3.087248322147651,3.666666666666667,0
NE006013,2024,4,1.1048360921778644,1.222222222222222,0
NE006013,2025,4,2.0720720720720722,1.7599999999999998,0
NE006013,2026,4,3.091922005571031,1.4666666666666668,0
