season_year,fc_log,fc_log_dt,pcode,adm_level,trimester
1981,1.1080936894256659,1.1958773096681639,NE006,1,JAS
1982,1.2155072685098312,1.2993007241958514,NE006,1,JAS
1983,0.8418088867571958,0.9216121778867392,NE006,1,JAS
1984,0.5962552537969058,0.6720683803699724,NE006,1,JAS
1985,1.2275220122986588,1.2993449743152476,NE006,1,JAS
1986,1.2034004969028085,1.2712332943629205,NE006,1,JAS
1987,0.8596924301490299,0.9235350630526642,NE006,1,JAS
1988,1.2433827049737016,1.3032351733208591,NE006,1,JAS
1989,1.2724827907415612,1.328345094532242,NE006,1,JAS
1990,0.9142599771352833,0.9661321163694863,NE006,1,JAS
1991,1.0241358737637412,1.0720178484414673,NE006,1,JAS
1992,1.043200553958261,1.0870923640795103,NE006,1,JAS
1993,0.9294932023495861,0.9693948479143577,NE006,1,JAS
1994,1.3041847232788903,1.3400962042871851,NE006,1,JAS
1995,1.196135169315601,1.228056485767419,NE006,1,JAS
1996,0.9389018232579585,0.9668329751532987,NE006,1,JAS
1997,0.9883519989639582,1.0122929863028216,NE006,1,JAS
1998,1.2634455309442223,1.283396353726608,NE006,1,JAS
1999,1.5701539158945594,1.5861145741204683,NE006,1,JAS
2000,0.9934760213564222,1.0054465150258542,NE006,1,JAS
2001,1.2751215077426117,1.283101836855566,NE006,1,JAS
2002,1.0434130233756667,1.0474031879321442,NE006,1,JAS
2003,1.1973240525831017,1.1973240525831024,NE006,1,JAS
2004,0.9055276980467514,0.9015375334902743,NE006,1,JAS
2005,1.1883635517882383,1.1803832226752844,NE006,1,JAS
2006,1.0561682357349194,1.0441977420654887,NE006,1,JAS
2007,1.2711161541063833,1.2551554958804758,NE006,1,JAS
2008,1.0257123893076692,1.005761566525283,NE006,1,JAS
2009,0.8221617978971961,0.7982208105583332,NE006,1,JAS
2010,1.3014004031352033,1.2734692512398635,NE006,1,JAS
2011,0.976103618824029,0.9441823023722123,NE006,1,JAS
2012,1.3616896745713865,1.325778193563093,NE006,1,JAS
2013,1.098950425782895,1.059048780218123,NE006,1,JAS
2014,1.2877200343877746,1.2438282242665257,NE006,1,JAS
2015,1.3246935033110783,1.2768115286333526,NE006,1,JAS
2016,1.2637467923048267,1.2118746530706241,NE006,1,JAS
2017,1.257862425428617,1.2020001216379377,NE006,1,JAS
2018,1.2583141260889068,1.1984616577417506,NE006,1,JAS
2019,1.290896213587108,1.2270535806834733,NE006,1,JAS
2020,1.3839507703725349,1.3161179729124233,NE006,1,JAS
2021,0.8107050429702647,0.7388820809536762,NE006,1,JAS
2022,1.130933183859124,1.0551200572860586,NE006,1,JAS
2023,0.9690351045824979,0.8892318134529558,NE006,1,JAS
2024,1.3765214173308873,1.2927279616448666,NE006,1,JAS
2025,1.1713502603560506,1.083566640113553,NE006,1,JAS
2026,0.6002455915564262,0.5084718067574518,NE006,1,JAS
1981,0.7370094428713458,0.8786198416995212,NE006,1,ASO
1982,0.9959516856725417,1.131125248190346,NE006,1,ASO
1983,0.6103736948963137,0.7391104211037451,NE006,1,ASO
1984,0.5228587392799018,0.6451586291769622,NE006,1,ASO
1985,1.0083870079062072,1.1242500614928965,NE006,1,ASO
1986,0.9081656828256056,1.0175919001019222,NE006,1,ASO
1987,0.7673504274829752,0.8703398084489207,NE006,1,ASO
1988,1.0264120067462281,1.1229645514018025,NE006,1,ASO
1989,1.1289959817856694,1.219111690130871,NE006,1,ASO
1990,0.545844282746081,0.6295231547809115,NE006,1,ASO
1991,0.714181239024064,0.7914232747485235,NE006,1,ASO
1992,0.7903085521939559,0.8611137516080443,NE006,1,ASO
1993,0.6459403658724656,0.7103087289761811,NE006,1,ASO
1994,1.150704333699951,1.2086358604932954,NE006,1,ASO
1995,0.9707713899424647,1.022266080425438,NE006,1,ASO
1996,0.7957901795064298,0.8408480336790304,NE006,1,ASO
1997,0.9646477112611133,1.0032687291233429,NE006,1,ASO
1998,0.9764611396486632,1.0086453212005217,NE006,1,ASO
1999,1.418703056149012,1.4444504013904975,NE006,1,ASO
2000,0.7094744630146117,0.7287849719457262,NE006,1,ASO
2001,0.935692144818514,0.9485658174392575,NE006,1,ASO
2002,0.7708507011539663,0.7772875374643369,NE006,1,ASO
2003,1.0114223192106557,1.0114223192106553,NE006,1,ASO
2004,0.7157027073015241,0.7092658709911526,NE006,1,ASO
2005,0.9850540267334181,0.9721803541126738,NE006,1,ASO
2006,0.8921641184496537,0.8728536095185383,NE006,1,ASO
2007,1.0370082038299098,1.0112608585884233,NE006,1,ASO
2008,0.905339341245011,0.8731551596931517,NE006,1,ASO
2009,0.7620217831629655,0.7234007653007352,NE006,1,ASO
2010,1.062235736164367,1.0171778819917656,NE006,1,ASO
2011,0.8778517074578863,0.8263570169749138,NE006,1,ASO
2012,1.1243497268518476,1.0664182000585023,NE006,1,ASO
2013,0.9871681470414596,0.9227997839377432,NE006,1,ASO
2014,1.181057318229391,1.1102521188153036,NE006,1,ASO
2015,1.23164918012998,1.1544071444055197,NE006,1,ASO
2016,1.0030464861204644,0.9193676140856331,NE006,1,ASO
2017,1.0525738424810394,0.9624581341358369,NE006,1,ASO
2018,1.1797351752040046,1.0831826305484293,NE006,1,ASO
2019,1.1865833341051275,1.0835939531391812,NE006,1,ASO
2020,1.2348549356979852,1.1254287184216678,NE006,1,ASO
2021,0.6646555195029933,0.548792465916303,NE006,1,ASO
2022,0.9795035745791049,0.8572036846820436,NE006,1,ASO
2023,0.9152425769896166,0.7865058507821843,NE006,1,ASO
2024,1.204404561889314,1.0692309993715106,NE006,1,ASO
2025,0.9260278144975217,0.7844174156693454,NE006,1,ASO
2026,0.5928526958868386,0.4448054607482913,NE006,1,ASO
1981,0.2711379542257558,0.3117797439113699,NE006,1,SON
1982,0.5710927765745301,0.6098872121835253,NE006,1,SON
1983,0.22238052189159632,0.25932760342397276,NE006,1,SON
1984,0.30657229716706924,0.3416720246228268,NE006,1,SON
1985,0.4361465017727419,0.4693988751518806,NE006,1,SON
1986,0.5023995739484515,0.5338045932509714,NE006,1,SON
1987,0.4537751655795301,0.48333283080543116,NE006,1,SON
1988,0.3245254283684757,0.3522357395177579,NE006,1,SON
1989,0.45521813905990755,0.4810810961325709,NE006,1,SON
1990,0.1573553522289801,0.18137095522502458,NE006,1,SON
1991,-0.0019620309498764033,0.020206217969549245,NE006,1,SON
1992,0.18456196311754475,0.20488285796035155,NE006,1,SON
1993,0.25196404869532757,0.27043758946151597,NE006,1,SON
1994,0.702356416225601,0.7189826029151705,NE006,1,SON
1995,0.458461396541474,0.4732402291544247,NE006,1,SON
1996,0.4945634122852612,0.507494890821593,NE006,1,SON
1997,0.44237132137837754,0.45345544583809055,NE006,1,SON
1998,0.6181189917765613,0.6273557621596555,NE006,1,SON
1999,0.5960430350134472,0.6034324513199225,NE006,1,SON
2000,0.18015098187742487,0.18569304410728135,NE006,1,SON
2001,0.44928314457204577,0.4529778527252834,NE006,1,SON
2002,0.33384216926104227,0.33568952333766106,NE006,1,SON
2003,0.4117564996938649,0.41175649969386485,NE006,1,SON
2004,0.21594056310345888,0.21409320902683998,NE006,1,SON
2005,0.4167675787775711,0.41307287062433334,NE006,1,SON
2006,0.2956349055748858,0.2900928433450292,NE006,1,SON
2007,0.3833776601550297,0.3759882438485543,NE006,1,SON
2008,0.42271067861708367,0.41347390823398983,NE006,1,SON
2009,0.2720668729153788,0.2609827484556661,NE006,1,SON
2010,0.45318302890070145,0.4402515503643699,NE006,1,SON
2011,0.28954713637728874,0.27476830376433836,NE006,1,SON
2012,0.22074349689201012,0.2041173102024409,NE006,1,SON
2013,0.2396236516031271,0.22115011083693903,NE006,1,SON
2014,0.3990845256776786,0.3787636308348717,NE006,1,SON
2015,0.6054508756378787,0.583282626718453,NE006,1,SON
2016,0.25348108595787555,0.22946548296183095,NE006,1,SON
2017,0.2843508051140201,0.25848784804135666,NE006,1,SON
2018,0.531478554707502,0.5037682435582198,NE006,1,SON
2019,0.3811153158135167,0.35155765058761557,NE006,1,SON
2020,0.5270384173024085,0.49563339799988854,NE006,1,SON
2021,0.18477937455329643,0.1515270011741576,NE006,1,SON
2022,0.5105320575091575,0.47543233005339985,NE006,1,SON
2023,0.5271247627029734,0.49017768117059685,NE006,1,SON
2024,0.6906472948411556,0.6518528592321602,NE006,1,SON
2025,0.45220039747391233,0.41155860778829856,NE006,1,SON
2026,0.28076357536487795,0.23827443160264533,NE006,1,SON
1981,1.3206093777445664,1.463814409910461,NE003,1,JAS
1982,1.3936372068290628,1.5303329193510538,NE003,1,JAS
1983,1.0096093631650893,1.1397957560431766,NE003,1,JAS
1984,0.8453686772704632,0.969045750504645,NE003,1,JAS
1985,1.4325439803689777,1.5497117339592559,NE003,1,JAS
1986,1.4451787016520636,1.5558371355984364,NE003,1,JAS
1987,1.1776894270241565,1.2818385413266256,NE003,1,JAS
1988,1.4173771405648854,1.5150169352234508,NE003,1,JAS
1989,1.5748546897873592,1.6659851648020192,NE003,1,JAS
1990,1.0339926264951707,1.118613781865927,NE003,1,JAS
1991,1.274661546737338,1.3527733824641905,NE003,1,JAS
1992,1.411031363713127,1.4826338797960743,NE003,1,JAS
1993,1.1789162356335035,1.244009432072547,NE003,1,JAS
1994,1.5405591038590494,1.5991429806541875,NE003,1,JAS
1995,1.4436731992803973,1.4957477564316317,NE003,1,JAS
1996,1.2587885298156645,1.3043537673229952,NE003,1,JAS
1997,1.1371982803709442,1.1762541982343695,NE003,1,JAS
1998,1.5646066721552774,1.597153270374799,NE003,1,JAS
1999,1.726479134821346,1.752516413396964,NE003,1,JAS
2000,1.2114036154255152,1.2309315743572278,NE003,1,JAS
2001,1.578503568879687,1.5915222081674958,NE003,1,JAS
2002,1.3479565933001967,1.3544659129441001,NE003,1,JAS
2003,1.4156707917976545,1.4156707917976543,NE003,1,JAS
2004,1.2024115625752643,1.1959022429313604,NE003,1,JAS
2005,1.3283558741116859,1.3153372348238765,NE003,1,JAS
2006,1.3287139461990465,1.3091859872673335,NE003,1,JAS
2007,1.5297547826377091,1.5037175040620925,NE003,1,JAS
2008,1.336601766738397,1.3040551685188748,NE003,1,JAS
2009,1.2108706209730657,1.17181470310964,NE003,1,JAS
2010,1.5331405801601663,1.487575342652835,NE003,1,JAS
2011,1.0790425399437078,1.026967982792473,NE003,1,JAS
2012,1.597906237778508,1.5393223609833695,NE003,1,JAS
2013,1.434138109332629,1.369044912893585,NE003,1,JAS
2014,1.662607417244193,1.5910049011612453,NE003,1,JAS
2015,1.5911970175196108,1.5130851817927595,NE003,1,JAS
2016,1.5982511121411735,1.5136299567704168,NE003,1,JAS
2017,1.2952045752835732,1.2040741002689128,NE003,1,JAS
2018,1.4994728893003846,1.4018330946418187,NE003,1,JAS
2019,1.5003752296017596,1.39622611529929,NE003,1,JAS
2020,1.6230141683549757,1.5123557344086025,NE003,1,JAS
2021,1.2265340672609855,1.1093663136707068,NE003,1,JAS
2022,1.6013997166636882,1.4777226434295059,NE003,1,JAS
2023,1.208377505618022,1.0781911127399342,NE003,1,JAS
2024,1.829456101646092,1.6927603891241005,NE003,1,JAS
2025,1.589935172737951,1.4467301405720558,NE003,1,JAS
2026,0.7415812854350858,0.5918669336252853,NE003,1,JAS
1981,0.9901391894459727,1.1732822149845124,NE003,1,ASO
1982,1.1507617663274183,1.325580108886932,NE003,1,ASO
1983,0.7133115485832462,0.8798052081637371,NE003,1,ASO
1984,0.7259238610225047,0.8840928376239694,NE003,1,ASO
1985,1.2268609136761544,1.3767052072985964,NE003,1,ASO
1986,1.1932527314634758,1.3347723421068916,NE003,1,ASO
1987,1.0766581957680041,1.2098531234323973,NE003,1,ASO
1988,1.1442282748087065,1.2690985194940734,NE003,1,ASO
1989,1.4203824013802346,1.5369279630865789,NE003,1,ASO
1990,0.712302008403717,0.820522887131035,NE003,1,ASO
1991,0.8813531534722097,0.981249349220505,NE003,1,ASO
1992,1.2113649891981593,1.3029365019674284,NE003,1,ASO
1993,0.8838982652826136,0.9671450950728601,NE003,1,ASO
1994,1.39649303494132,1.4714151817525403,NE003,1,ASO
1995,1.264588226222058,1.3311856900542556,NE003,1,ASO
1996,1.1189103922627828,1.177183173115954,NE003,1,ASO
1997,1.0565883778236516,1.1065364756978002,NE003,1,ASO
1998,1.3289804205587108,1.3706038354538332,NE003,1,ASO
1999,1.6173298241667622,1.650628556082862,NE003,1,ASO
2000,0.8429703610296846,0.8679444099667581,NE003,1,ASO
2001,1.1547085814256195,1.1713579473836704,NE003,1,ASO
2002,1.0799214023423613,1.088246085321386,NE003,1,ASO
2003,1.2682137158841882,1.2682137158841902,NE003,1,ASO
2004,1.0077611832560178,0.9994365002769936,NE003,1,ASO
2005,1.0995681357020388,1.082918769743992,NE003,1,ASO
2006,1.1078975969404363,1.0829235480033632,NE003,1,ASO
2007,1.3405520456975875,1.3072533137814917,NE003,1,ASO
2008,1.1676408941691458,1.1260174792740238,NE003,1,ASO
2009,1.1219889496879194,1.0720408518137747,NE003,1,ASO
2010,1.2886799499123873,1.2304071690592164,NE003,1,ASO
2011,0.9797036630228089,0.9131061991906153,NE003,1,ASO
2012,1.3860997110271047,1.3111775642158885,NE003,1,ASO
2013,1.3099830057363957,1.2267361759461533,NE003,1,ASO
2014,1.5217331671164815,1.4301616543472164,NE003,1,ASO
2015,1.5109148413889275,1.4110186456406362,NE003,1,ASO
2016,1.3202524470157702,1.2120315682884562,NE003,1,ASO
2017,1.049777658034058,0.9332320963277179,NE003,1,ASO
2018,1.3965252020820695,1.2716549573967066,NE003,1,ASO
2019,1.392298945684849,1.2591040180204598,NE003,1,ASO
2020,1.4870778142162302,1.3455582035728184,NE003,1,ASO
2021,0.9878136348472762,0.8379693412248382,NE003,1,ASO
2022,1.4128974202537798,1.2547284436523192,NE003,1,ASO
2023,1.1309879317746612,0.9644942721941743,NE003,1,ASO
2024,1.6068558441015084,1.4320375015419988,NE003,1,ASO
2025,1.300240503792981,1.1170974782544452,NE003,1,ASO
2026,0.8278557402591168,0.6363880317415583,NE003,1,ASO
1981,0.36677599246682313,0.409995068187177,NE003,1,SON
1982,0.704488317500712,0.7457428897792313,NE003,1,SON
1983,0.3100472587760343,0.3493373276127196,NE003,1,SON
1984,0.4587385611038495,0.49606412649870024,NE003,1,SON
1985,0.6552661020975363,0.690627164050553,NE003,1,SON
1986,0.8267189152535883,0.8601154737647709,NE003,1,SON
1987,0.6811069252812376,0.7125389803505857,NE003,1,SON
1988,0.4367594903587956,0.4662270419863096,NE003,1,SON
1989,0.7637664426156493,0.7912694908013292,NE003,1,SON
1990,0.25997310229603676,0.2855116470398822,NE003,1,SON
1991,0.09962464538534,0.12319868668735134,NE003,1,SON
1992,0.3903649929453886,0.4119745308055659,NE003,1,SON
1993,0.41039299194575773,0.4300380263641005,NE003,1,SON
1994,0.8970792143682657,0.9147597453447743,NE003,1,SON
1995,0.6687071387391845,0.6844231662738587,NE003,1,SON
1996,0.7486752186166288,0.7624267427094689,NE003,1,SON
1997,0.5454388284404738,0.5572258490914798,NE003,1,SON
1998,0.7986066766708904,0.8084291938800618,NE003,1,SON
1999,0.8410198020673878,0.8488778158347252,NE003,1,SON
2000,0.31144591930727894,0.3173394296327823,NE003,1,SON
2001,0.6552258433279481,0.6591548502116169,NE003,1,SON
2002,0.5774764372171884,0.5794409406590232,NE003,1,SON
2003,0.5566336753581735,0.5566336753581738,NE003,1,SON
2004,0.32559838718411904,0.3236338837422852,NE003,1,SON
2005,0.5010007498881601,0.4970717430044922,NE003,1,SON
2006,0.4069006712984339,0.40100716097293143,NE003,1,SON
2007,0.5694205659872252,0.5615625522198887,NE003,1,SON
2008,0.6521542950176235,0.6423317778084529,NE003,1,SON
2009,0.4975427942172993,0.4857557735662942,NE003,1,SON
2010,0.6499015550826047,0.6361500309897655,NE003,1,SON
2011,0.3981961359102789,0.38248010837560564,NE003,1,SON
2012,0.3199001121898204,0.3022195812133126,NE003,1,SON
2013,0.3909439765582926,0.37129894213995074,NE003,1,SON
2014,0.5993852994922211,0.5777757616320447,NE003,1,SON
2015,0.8422426001907531,0.8186685588887427,NE003,1,SON
2016,0.5014389882057183,0.47590044346187377,NE003,1,SON
2017,0.3755216126747631,0.348018564489084,NE003,1,SON
2018,0.7818486136880921,0.752381062060579,NE003,1,SON
2019,0.5644165946538361,0.5329845395844889,NE003,1,SON
2020,0.7250665297808191,0.6916699712696374,NE003,1,SON
2021,0.2907076762912209,0.2553466143382051,NE003,1,SON
2022,0.7383438494459523,0.7010182840511024,NE003,1,SON
2023,0.710733681813846,0.6714436129771616,NE003,1,SON
2024,0.8395827279405974,0.7983281556620789,NE003,1,SON
2025,0.6139831413331879,0.5707640656128349,NE003,1,SON
2026,0.3773955519689761,0.33221197280678905,NE003,1,SON
1981,1.0223435611046403,1.1283929002621722,NE004,1,JAS
1982,1.1828816544992502,1.2841105691496215,NE004,1,JAS
1983,0.950643867054525,1.0470523571977357,NE004,1,JAS
1984,0.733910351545184,0.8254984171812342,NE004,1,JAS
1985,1.298496580586232,1.3852642217151216,NE004,1,JAS
1986,1.1713105448129457,1.2532577614346747,NE004,1,JAS
1987,1.1677000997386322,1.2448268918532006,NE004,1,JAS
1988,1.3349883469978412,1.407294714605249,NE004,1,JAS
1989,1.3086401457415704,1.3761260888418176,NE004,1,JAS
1990,1.0869381182444275,1.1496036368375142,NE004,1,JAS
1991,1.0397724666483947,1.0976175607343208,NE004,1,JAS
1992,1.2439037925196077,1.2969284620983732,NE004,1,JAS
1993,0.9759549410169351,1.0241591860885402,NE004,1,JAS
1994,1.4148675348910764,1.4582513554555208,NE004,1,JAS
1995,1.0954359102925415,1.1339993063498253,NE004,1,JAS
1996,0.9532835281161578,0.987026499666281,NE004,1,JAS
1997,1.142860253786001,1.1717828008289637,NE004,1,JAS
1998,1.4947199384626824,1.5188220609984844,NE004,1,JAS
1999,1.7006655615790445,1.719947259607686,NE004,1,JAS
2000,0.9225749027945462,0.9370361763160271,NE004,1,JAS
2001,1.2176141041882327,1.227254953202553,NE004,1,JAS
2002,1.0349016218025424,1.039722046309702,NE004,1,JAS
2003,1.1686296184136773,1.1686296184136764,NE004,1,JAS
2004,0.970639268197455,0.9658188436902936,NE004,1,JAS
2005,1.1643118709427767,1.1546710219284546,NE004,1,JAS
2006,1.1050521360371026,1.09059086251562,NE004,1,JAS
2007,1.1912626601831973,1.171980962154554,NE004,1,JAS
2008,1.1608819119625133,1.1367797894267095,NE004,1,JAS
2009,0.8784460566396255,0.8495235095966611,NE004,1,JAS
2010,1.4269090856397408,1.3931661140896159,NE004,1,JAS
2011,1.0886624526435633,1.0500990565862778,NE004,1,JAS
2012,1.1908988763426087,1.1475150557781626,NE004,1,JAS
2013,1.1186673536694398,1.0704631085978331,NE004,1,JAS
2014,1.3134796068005652,1.260454937221798,NE004,1,JAS
2015,1.3322805510767057,1.2744354569907779,NE004,1,JAS
2016,1.235284312043713,1.1726187934506245,NE004,1,JAS
2017,1.2660754799611578,1.1985895368609087,NE004,1,JAS
2018,1.242396298557828,1.1700899309504185,NE004,1,JAS
2019,1.395336043532907,1.3182092514183368,NE004,1,JAS
2020,1.5443500166760145,1.4624028000542837,NE004,1,JAS
2021,0.9608381765953947,0.8740705354665034,NE004,1,JAS
2022,1.3079287006536169,1.216340635017565,NE004,1,JAS
2023,0.9867470998143557,0.8903386096711432,NE004,1,JAS
2024,1.9502386322455583,1.8490097175951852,NE004,1,JAS
2025,1.1570297654704536,1.0509804263129199,NE004,1,JAS
2026,0.6237455368987247,0.5128757732340304,NE004,1,JAS
1981,0.596237746918946,0.7431128920624929,NE004,1,ASO
1982,1.0424753864183502,1.1826743886008277,NE004,1,ASO
1983,0.6501090074698617,0.783631866691268,NE004,1,ASO
1984,0.5163340587529595,0.6431807750132965,NE004,1,ASO
1985,1.0955042300021565,1.2156748033014224,NE004,1,ASO
1986,0.9505682487179185,1.0640626790561152,NE004,1,ASO
1987,1.0125144366463248,1.1193327240234503,NE004,1,ASO
1988,1.1322056996012304,1.2323478440172866,NE004,1,ASO
1989,1.1175815306086283,1.2110475320636134,NE004,1,ASO
1990,0.7008989979606874,0.7876888564546032,NE004,1,ASO
1991,0.8156337852184888,0.8957475007513335,NE004,1,ASO
1992,1.014716979408443,1.0881545519802183,NE004,1,ASO
1993,0.7625830774277614,0.8293445070384656,NE004,1,ASO
1994,1.2755608516625645,1.3356461383121994,NE004,1,ASO
1995,0.925084038375147,0.9784931820637107,NE004,1,ASO
1996,0.7743058156561513,0.8210388163836457,NE004,1,ASO
1997,1.0140639712168362,1.0541208289832595,NE004,1,ASO
1998,1.319091725483919,1.352472440289273,NE004,1,ASO
1999,1.5600916124138864,1.5867961842581693,NE004,1,ASO
2000,0.5612685618428961,0.5812969907261096,NE004,1,ASO
2001,0.815420831296081,0.8287731172182252,NE004,1,ASO
2002,0.7541702165040021,0.7608463594650752,NE004,1,ASO
2003,1.0020705800655023,1.002070580065506,NE004,1,ASO
2004,0.8085229735668715,0.8018468306058042,NE004,1,ASO
2005,0.8811063090547706,0.867754023132634,NE004,1,ASO
2006,0.9185498502657394,0.8985214213825317,NE004,1,ASO
2007,1.010327663112721,0.9836230912684438,NE004,1,ASO
2008,1.0093932045640859,0.9760124897587377,NE004,1,ASO
2009,0.7634745594222239,0.7234177016558063,NE004,1,ASO
2010,1.183186335840462,1.1364533351129733,NE004,1,ASO
2011,0.9457727334914618,0.8923635898029039,NE004,1,ASO
2012,1.0040007070086512,0.9439154203590221,NE004,1,ASO
2013,1.0163638481443982,0.9496024185336998,NE004,1,ASO
2014,1.081998451807469,1.0085608792356995,NE004,1,ASO
2015,1.2204949712382864,1.1403812557054476,NE004,1,ASO
2016,0.8796177131543219,0.792827854660412,NE004,1,ASO
2017,1.014844279484338,0.9213782780293587,NE004,1,ASO
2018,1.0814190800561443,0.9812769356400939,NE004,1,ASO
2019,1.2361438174360617,1.129325530058942,NE004,1,ASO
2020,1.396214988290585,1.2827205579523941,NE004,1,ASO
2021,0.5990524676831799,0.4788818943839197,NE004,1,ASO
2022,1.1742879969396955,1.0474412806793643,NE004,1,ASO
2023,0.9511444003165938,0.8176215410951931,NE004,1,ASO
2024,1.8659393641023052,1.7257403619198353,NE004,1,ASO
2025,0.9503214145117127,0.8034462693681717,NE004,1,ASO
2026,0.6433204083389432,0.48976912023433283,NE004,1,ASO
1981,0.19770359990488817,0.23337249186923092,NE004,1,SON
1982,0.5797926168674177,0.613840195560654,NE004,1,SON
1983,0.241950379828817,0.2743766452509468,NE004,1,SON
1984,0.23521586005941622,0.2660208122104395,NE004,1,SON
1985,0.5394955923465076,0.5686792312264244,NE004,1,SON
1986,0.5507733381161255,0.5783356637249358,NE004,1,SON
1987,0.4354605956948696,0.46140160803257346,NE004,1,SON
1988,0.34023764736168144,0.3645573464282788,NE004,1,SON
1989,0.5527544036467251,0.575452789442216,NE004,1,SON
1990,0.2557101415566679,0.2767872140810523,NE004,1,SON
1991,0.02892854587839694,0.048384305131674854,NE004,1,SON
1992,0.4141386929462448,0.4319731389284162,NE004,1,SON
1993,0.2105827734918704,0.22679590620293535,NE004,1,SON
1994,0.9108991674071774,0.9254909868471358,NE004,1,SON
1995,0.4043769940326213,0.41734750020147326,NE004,1,SON
1996,0.4627951266242045,0.47414431952195,NE004,1,SON
1997,0.4283632821939489,0.43809116182058794,NE004,1,SON
1998,0.809242538733457,0.8173491050889895,NE004,1,SON
1999,0.7946538911548615,0.8011391442392876,NE004,1,SON
2000,0.09495908736303244,0.099823027176352,NE004,1,SON
2001,0.4824786750409565,0.48572130158316956,NE004,1,SON
2002,0.3040857653565766,0.3057070786276832,NE004,1,SON
2003,0.45440707046943773,0.45440707046943785,NE004,1,SON
2004,0.23203489250697332,0.23041357923586694,NE004,1,SON
2005,0.35841050253977724,0.3551678759975644,NE004,1,SON
2006,0.4376498185360381,0.4327858787227188,NE004,1,SON
2007,0.44255198451932165,0.4360667314348958,NE004,1,SON
2008,0.5657143078070963,0.557607741451564,NE004,1,SON
2009,0.2831932085378269,0.27346532891118813,NE004,1,SON
2010,0.5330446822291937,0.5216954893314484,NE004,1,SON
2011,0.31104071271196765,0.2980702065431159,NE004,1,SON
2012,0.14456362974638726,0.12997181030642901,NE004,1,SON
2013,0.2883355619271854,0.2721224292161207,NE004,1,SON
2014,0.4951685774594705,0.4773341314772993,NE004,1,SON
2015,0.6232836479095837,0.603827888656306,NE004,1,SON
2016,0.3156242986187451,0.2945472260943609,NE004,1,SON
2017,0.10715828129789379,0.08445989550240313,NE004,1,SON
2018,0.5121803604966099,0.4878606614300127,NE004,1,SON
2019,0.3893392432623032,0.36339823092459955,NE004,1,SON
2020,0.5005403559722734,0.4729780303634633,NE004,1,SON
2021,0.2274589810417509,0.19827534216183476,NE004,1,SON
2022,0.5782716831976928,0.5474667310466702,NE004,1,SON
2023,0.41571148965479815,0.38328522423266903,NE004,1,SON
2024,0.8460099730827669,0.8119623943895313,NE004,1,SON
2025,0.559105069599547,0.5234361776352049,NE004,1,SON
2026,0.3317300064797757,0.2944398012443271,NE004,1,SON
1981,0.682875062137825,0.739486569184723,NE007,1,JAS
1982,0.7759981343317961,0.8300363910583803,NE007,1,JAS
1983,0.647685477047996,0.6991504834542673,NE007,1,JAS
1984,0.3631331694175388,0.41202492550349645,NE007,1,JAS
1985,0.9370740839166494,0.9833925896822933,NE007,1,JAS
1986,0.7185816441737475,0.7623268996190776,NE007,1,JAS
1987,0.8143545465935579,0.8555265517185743,NE007,1,JAS
1988,1.135081911600451,1.1736806664051544,NE007,1,JAS
1989,0.9693322682872668,1.0053577727716565,NE007,1,JAS
1990,0.7952021744424989,0.8286544286065749,NE007,1,JAS
1991,0.8136756581682777,0.84455466201204,NE007,1,JAS
1992,0.8944370034023218,0.9227427569257712,NE007,1,JAS
1993,0.6589787352631877,0.6847112384663234,NE007,1,JAS
1994,1.225160917431542,1.248320170314364,NE007,1,JAS
1995,0.8479753878117042,0.8685613903742124,NE007,1,JAS
1996,0.6022935416261859,0.6203062938683812,NE007,1,JAS
1997,0.6924690773583203,0.7079085792802019,NE007,1,JAS
1998,1.197504196456936,1.2103704480585038,NE007,1,JAS
1999,1.300943216025685,1.3112362173069392,NE007,1,JAS
2000,0.6640286148143943,0.6717483657753356,NE007,1,JAS
2001,0.7784709132757679,0.7836174139163954,NE007,1,JAS
2002,0.7156271599704532,0.718200410290767,NE007,1,JAS
2003,0.7772492780414033,0.7772492780414033,NE007,1,JAS
2004,0.6110029258696241,0.6084296755493113,NE007,1,JAS
2005,0.8276341749768125,0.8224876743361859,NE007,1,JAS
2006,0.7365310430893584,0.728811292128418,NE007,1,JAS
2007,0.8777615122391169,0.8674685109578628,NE007,1,JAS
2008,0.816752156552457,0.8038859049508892,NE007,1,JAS
2009,0.5746278320347283,0.5591883301128476,NE007,1,JAS
2010,1.1426285100557956,1.1246157578136011,NE007,1,JAS
2011,0.7330122938550685,0.7124262912925603,NE007,1,JAS
2012,0.7337414335815069,0.710582180698685,NE007,1,JAS
2013,0.7519031840246283,0.7261706808214935,NE007,1,JAS
2014,0.9187263734746791,0.8904206199512306,NE007,1,JAS
2015,0.9085992499542614,0.8777202461104991,NE007,1,JAS
2016,0.9531327074853443,0.9196804533212682,NE007,1,JAS
2017,0.8600448227598712,0.8240193182754822,NE007,1,JAS
2018,0.9815041536780154,0.9429053988733127,NE007,1,JAS
2019,1.0369085068807482,0.9957365017557318,NE007,1,JAS
2020,0.8615568389929504,0.8178115835476203,NE007,1,JAS
2021,0.6711183213622774,0.6247998155966344,NE007,1,JAS
2022,0.8567246842561493,0.8078329281701926,NE007,1,JAS
2023,0.6447124166132094,0.5932474102069389,NE007,1,JAS
2024,1.3394108494716161,1.285372592745032,NE007,1,JAS
2025,0.786231000595291,0.729619493548394,NE007,1,JAS
2026,0.392353151444627,0.33316839407741616,NE007,1,JAS
1981,0.3254555259783896,0.41269284779244736,NE007,1,ASO
1982,0.6909244959930225,0.7741964849973503,NE007,1,ASO
1983,0.3874732304033395,0.46677988659793723,NE007,1,ASO
1984,0.25018804303123304,0.3255293664161017,NE007,1,ASO
1985,0.770003557836011,0.8413795484111497,NE007,1,ASO
1986,0.5388507393941471,0.6062613971595557,NE007,1,ASO
1987,0.6972333550633264,0.7606786800190051,NE007,1,ASO
1988,0.9694279794819367,1.0289079716278855,NE007,1,ASO
1989,0.8147339126711094,0.8702485720073281,NE007,1,ASO
1990,0.5201110252640246,0.5716603517905133,NE007,1,ASO
1991,0.606859763143338,0.6544437568600976,NE007,1,ASO
1992,0.6797442193796636,0.7233628802866932,NE007,1,ASO
1993,0.5423841427566137,0.5820374708539133,NE007,1,ASO
1994,1.0831928991424533,1.1188808944300228,NE007,1,ASO
1995,0.7323550306716478,0.7640776931494874,NE007,1,ASO
1996,0.49208714313724666,0.5198444728053563,NE007,1,ASO
1997,0.5750539464521867,0.5988459433105663,NE007,1,ASO
1998,0.9966721709942008,1.0164988350428512,NE007,1,ASO
1999,1.1063958246947667,1.1222571559336871,NE007,1,ASO
2000,0.30806621207481233,0.31996221050400286,NE007,1,ASO
2001,0.5441094372829082,0.5520401029023687,NE007,1,ASO
2002,0.4886023634785033,0.4925676962882338,NE007,1,ASO
2003,0.6273439073434046,0.6273439073434052,NE007,1,ASO
2004,0.4482909691736598,0.44432563636393124,NE007,1,ASO
2005,0.6229964010852527,0.6150657354657941,NE007,1,ASO
2006,0.6226846868107524,0.6107886883815639,NE007,1,ASO
2007,0.702964975471035,0.6871036442321165,NE007,1,ASO
2008,0.7237149149042899,0.7038882508556413,NE007,1,ASO
2009,0.5310302414374064,0.5072382445790279,NE007,1,ASO
2010,0.7450640272677824,0.7173066975996739,NE007,1,ASO
2011,0.6374756470454087,0.6057529845675711,NE007,1,ASO
2012,0.5782237643218442,0.5425357690342766,NE007,1,ASO
2013,0.6694693476356426,0.629816019538345,NE007,1,ASO
2014,0.7862259194959751,0.7426072585889475,NE007,1,ASO
2015,0.802847540637723,0.7552635469209654,NE007,1,ASO
2016,0.6705444790073094,0.6189951524808218,NE007,1,ASO
2017,0.6948565089297004,0.6393418495934828,NE007,1,ASO
2018,0.8752777795927509,0.8157977874468042,NE007,1,ASO
2019,0.9148958960272157,0.8514505710715381,NE007,1,ASO
2020,0.736743424010025,0.6693327662446183,NE007,1,ASO
2021,0.39171393396293164,0.32033794338779586,NE007,1,ASO
2022,0.750703845615037,0.6753625222301703,NE007,1,ASO
2023,0.6205083048009137,0.5412016486063179,NE007,1,ASO
2024,1.2496050665515206,1.1663330775471938,NE007,1,ASO
2025,0.6078041604493304,0.5205668386352746,NE007,1,ASO
2026,0.36567321498231653,0.2744705603585299,NE007,1,ASO
1981,0.06115319044791542,0.07438029566571072,NE007,1,SON
1982,0.1874660815506735,0.20009195471311447,NE007,1,SON
1983,0.08693256466780228,0.0989572057748889,NE007,1,SON
1984,0.11432265355587617,0.12574606260760846,NE007,1,SON
1985,0.2984902685215878,0.3093124455179657,NE007,1,SON
1986,0.21924341214857973,0.22946435708960333,NE007,1,SON
1987,0.2808394018709912,0.2904591147566605,NE007,1,SON
1988,0.2119412532195077,0.22095973404982264,NE007,1,SON
1989,0.28400025237291104,0.29241750114787185,NE007,1,SON
1990,0.16126125447982598,0.16907727119943244,NE007,1,SON
1991,0.04103578029796165,0.04825056496221378,NE007,1,SON
1992,0.25396193094397523,0.260575483552873,NE007,1,SON
1993,0.17094690981104868,0.17695923036459213,NE007,1,SON
1994,0.6273160839406711,0.6327271724388601,NE007,1,SON
1995,0.22677430758904019,0.23158416403187496,NE007,1,SON
1996,0.24751802320073213,0.25172664758821256,NE007,1,SON
1997,0.19656506678083968,0.20017245911296577,NE007,1,SON
1998,0.557209343747662,0.5602155040244337,NE007,1,SON
1999,0.3836038163706279,0.3860087445920453,NE007,1,SON
2000,0.03186588077048233,0.0336695769365454,NE007,1,SON
2001,0.2390406195539281,0.24024308366463684,NE007,1,SON
2002,0.13333475211466767,0.13393598417002228,NE007,1,SON
2003,0.1992995610139227,0.199299561013923,NE007,1,SON
2004,0.06935348988107565,0.06875225782572159,NE007,1,SON
2005,0.15689881826266738,0.15569635415195898,NE007,1,SON
2006,0.21933400748356344,0.2175303113175007,NE007,1,SON
2007,0.22191729917886924,0.21951237095745216,NE007,1,SON
2008,0.2838740811487922,0.2808679208720208,NE007,1,SON
2009,0.1387833285415897,0.13517593620946394,NE007,1,SON
2010,0.22060995143844453,0.21640132705096443,NE007,1,SON
2011,0.11523049264340397,0.11042063620056954,NE007,1,SON
2012,0.0433963632194633,0.037985274721274526,NE007,1,SON
2013,0.11577950160304713,0.10976718104950402,NE007,1,SON
2014,0.21688727307830655,0.2102737204694091,NE007,1,SON
2015,0.2841223044348745,0.27690751977062295,NE007,1,SON
2016,0.16339444543344683,0.15557842871384092,NE007,1,SON
2017,0.049090852741851654,0.0406736039668914,NE007,1,SON
2018,0.2715272118576094,0.26250873102729483,NE007,1,SON
2019,0.16633544997016741,0.15671573708449849,NE007,1,SON
2020,0.23479372690912512,0.22457278196810185,NE007,1,SON
2021,0.06425923316747453,0.053437056171096925,NE007,1,SON
2022,0.32785151984559147,0.3164281107938595,NE007,1,SON
2023,0.1852124785482946,0.1731878374412083,NE007,1,SON
2024,0.5449509933662848,0.5323251202038441,NE007,1,SON
2025,0.3151992584864003,0.3019721532686053,NE007,1,SON
2026,0.14466234575323147,0.13083400848008217,NE007,1,SON
1981,1.14471707716527,1.2250065950889641,NE008,1,JAS
1982,1.3666473287327496,1.4432873231144578,NE008,1,JAS
1983,0.9154644365777217,0.988454907417443,NE008,1,JAS
1984,0.66930899261766,0.7386499399153953,NE008,1,JAS
1985,1.4475162938758874,1.5132077176316368,NE008,1,JAS
1986,1.4263745737286657,1.488416473942429,NE008,1,JAS
1987,0.8894541057948069,0.9478464824665842,NE008,1,JAS
1988,1.3784448683891104,1.4331877215189017,NE008,1,JAS
1989,1.387153264936604,1.4382465945244094,NE008,1,JAS
1990,0.9577345531003563,1.0051783591461756,NE008,1,JAS
1991,1.1572038660536685,1.2009981485575019,NE008,1,JAS
1992,1.1392343792716424,1.1793791382334897,NE008,1,JAS
1993,0.946940415558398,0.9834356509782585,NE008,1,JAS
1994,1.491809566780343,1.5246552786582175,NE008,1,JAS
1995,1.4206978164195683,1.4498940047554567,NE008,1,JAS
1996,1.0386001168816015,1.064146781675504,NE008,1,JAS
1997,1.169429968562267,1.1913271098141835,NE008,1,JAS
1998,1.3729434529142597,1.3911910706241901,NE008,1,JAS
1999,1.561598858075656,1.5761969522436003,NE008,1,JAS
2000,1.0920869821867134,1.1030355528126718,NE008,1,JAS
2001,1.4201296305863507,1.427428677670323,NE008,1,JAS
2002,1.2023894158478003,1.2060389393897868,NE008,1,JAS
2003,1.3612221593033156,1.3612221593033151,NE008,1,JAS
2004,1.0281290175894096,1.0244794940474231,NE008,1,JAS
2005,1.2155413721121007,1.2082423250281282,NE008,1,JAS
2006,1.2130806465349715,1.202132075909013,NE008,1,JAS
2007,1.3877490203721765,1.373150926204232,NE008,1,JAS
2008,1.140453412744502,1.1222057950345716,NE008,1,JAS
2009,0.8002296058648137,0.7783324646128973,NE008,1,JAS
2010,1.2974920016695632,1.2719453368756608,NE008,1,JAS
2011,0.8173814810747244,0.788185292738836,NE008,1,JAS
2012,1.4508912942634435,1.418045582385569,NE008,1,JAS
2013,1.2088542746754256,1.1723590392555643,NE008,1,JAS
2014,1.459882263680927,1.4197375047190797,NE008,1,JAS
2015,1.4420089392361564,1.398214656732323,NE008,1,JAS
2016,1.3699387127370686,1.3224949066912493,NE008,1,JAS
2017,1.2604821708298521,1.2093888412420468,NE008,1,JAS
2018,1.275997447654103,1.2212545945243116,NE008,1,JAS
2019,1.3603001238783976,1.3019077472066203,NE008,1,JAS
2020,1.5261950416003647,1.4641531413866014,NE008,1,JAS
2021,0.9334426379055436,0.8677512141497943,NE008,1,JAS
2022,1.2859251712769544,1.216584223979219,NE008,1,JAS
2023,1.1957328679338795,1.1227423970941572,NE008,1,JAS
2024,1.5312956829643742,1.454655688582666,NE008,1,JAS
2025,1.2814270651086836,1.2011375471849894,NE008,1,JAS
2026,0.6877527388995206,0.6038136974338404,NE008,1,JAS
1981,0.766823177831548,0.9057167186660313,NE008,1,ASO
1982,1.1279336233726578,1.2605138214419378,NE008,1,ASO
1983,0.7220164114888384,0.8482832667929151,NE008,1,ASO
1984,0.5846734112748799,0.7046269238137515,NE008,1,ASO
1985,1.1995512616524815,1.3131914314261497,NE008,1,ASO
1986,1.0878344322111575,1.1951612592196224,NE008,1,ASO
1987,0.8089477435705574,0.9099612278138189,NE008,1,ASO
1988,1.150756775335272,1.2454569168133303,NE008,1,ASO
1989,1.251975488635501,1.340362287348354,NE008,1,ASO
1990,0.5876205658147665,0.6696940217624162,NE008,1,ASO
1991,0.7969447398918026,0.8727048530742489,NE008,1,ASO
1992,0.8326729708205666,0.9021197412378096,NE008,1,ASO
1993,0.726128328281355,0.7892617559333929,NE008,1,ASO
1994,1.3386263959491767,1.3954464808360112,NE008,1,ASO
1995,1.2409943714293925,1.2915011135510237,NE008,1,ASO
1996,0.8818902215750213,0.9260836209314491,NE008,1,ASO
1997,1.1523040393637602,1.190184095954983,NE008,1,ASO
1998,1.0436985787823256,1.075265292608345,NE008,1,ASO
1999,1.4384305264133228,1.4636838974741389,NE008,1,ASO
2000,0.8048851034220039,0.8238251317176166,NE008,1,ASO
2001,1.0611270625332014,1.0737537480636108,NE008,1,ASO
2002,0.914676491898319,0.9209898346635232,NE008,1,ASO
2003,1.1970324989811183,1.1970324989811192,NE008,1,ASO
2004,0.7846554411045539,0.7783420983393514,NE008,1,ASO
2005,0.9934957415918844,0.9808690560614786,NE008,1,ASO
2006,1.070058322513164,1.051118294217553,NE008,1,ASO
2007,1.114147962359132,1.0888945912983177,NE008,1,ASO
2008,1.0403758274479953,1.0088091136219777,NE008,1,ASO
2009,0.8172321927041435,0.7793521361129225,NE008,1,ASO
2010,1.083157216163579,1.0389638168071547,NE008,1,ASO
2011,0.7539948398688129,0.7034880977471835,NE008,1,ASO
2012,1.1954696036976795,1.1386495188108468,NE008,1,ASO
2013,1.119263166567259,1.0561297389152229,NE008,1,ASO
2014,1.3213330066682578,1.2518862362510184,NE008,1,ASO
2015,1.37633998909406,1.3005798759116154,NE008,1,ASO
2016,1.0209248456367006,0.9388513896890527,NE008,1,ASO
2017,1.0471529680417997,0.9587661693289484,NE008,1,ASO
2018,1.1917033865574858,1.0970032450794311,NE008,1,ASO
2019,1.2267094577965223,1.1256959735532643,NE008,1,ASO
2020,1.3831768380653604,1.2758500110568973,NE008,1,ASO
2021,0.8300688737192984,0.716428703945632,NE008,1,ASO
2022,1.1297920071656722,1.0098384946268024,NE008,1,ASO
2023,1.1291628706476033,1.0028960153435302,NE008,1,ASO
2024,1.338153518714333,1.2055733206450547,NE008,1,ASO
2025,1.0795337323697884,0.9406401915353069,NE008,1,ASO
2026,0.6417164179373195,0.49650953433763456,NE008,1,ASO
1981,0.30789319093192646,0.354936564025836,NE008,1,SON
1982,0.7328366696819042,0.7777417076351816,NE008,1,SON
1983,0.2546460419854741,0.2974127447981194,NE008,1,SON
1984,0.3628075558348523,0.4034359235068655,NE008,1,SON
1985,0.5725732912905258,0.611063323821907,NE008,1,SON
1986,0.6499741793299068,0.6863258767206557,NE008,1,SON
1987,0.5546926427529689,0.5889060050030859,NE008,1,SON
1988,0.38120727014814587,0.41328229725762977,NE008,1,SON
1989,0.6056128049597623,0.6355494969286142,NE008,1,SON
1990,0.14658142199610535,0.17437977882432504,NE008,1,SON
1991,-0.08406754178487846,-0.05840752009729083,NE008,1,SON
1992,0.26375171379737977,0.28727340034433524,NE008,1,SON
1993,0.31562758013451064,0.337010931540834,NE008,1,SON
1994,0.7991028264811662,0.8183478427468565,NE008,1,SON
1995,0.5944586352007604,0.6115653163258186,NE008,1,SON
1996,0.6503793252239719,0.6653476712083981,NE008,1,SON
1997,0.4500493384683858,0.46287934931217983,NE008,1,SON
1998,0.7068220966686474,0.7175137723718092,NE008,1,SON
1999,0.7365071772582032,0.745060517820733,NE008,1,SON
2000,0.19938251674977892,0.20579752217167663,NE008,1,SON
2001,0.589812154918705,0.5940888251999696,NE008,1,SON
2002,0.40820991940767287,0.4103482545483055,NE008,1,SON
2003,0.5106186641418189,0.5106186641418193,NE008,1,SON
2004,0.22151354726774217,0.21937521212711056,NE008,1,SON
2005,0.40019830685900587,0.39592163657774215,NE008,1,SON
2006,0.287221871752309,0.2808068663304132,NE008,1,SON
2007,0.4564533579194194,0.44790001735689056,NE008,1,SON
2008,0.5047129575817242,0.49402128187856326,NE008,1,SON
2009,0.25411467460946063,0.2412846637656676,NE008,1,SON
2010,0.514249559575852,0.4992812135914269,NE008,1,SON
2011,0.2826691129570367,0.2655624318319794,NE008,1,SON
2012,0.25441801081727045,0.23517299455158108,NE008,1,SON
2013,0.31095463583302385,0.2895712844267015,NE008,1,SON
2014,0.5023966965905216,0.4788750100435671,NE008,1,SON
2015,0.663513518033829,0.6378534963462423,NE008,1,SON
2016,0.2539533773518991,0.22615502052368042,NE008,1,SON
2017,0.3370201195893893,0.30708342762053853,NE008,1,SON
2018,0.6742729127451438,0.6421978856356609,NE008,1,SON
2019,0.462136739896571,0.427923377646456,NE008,1,SON
2020,0.6823393305386711,0.6459876331479231,NE008,1,SON
2021,0.24838206035110916,0.20989202781972904,NE008,1,SON
2022,0.6632425840169371,0.6226142163449249,NE008,1,SON
2023,0.6998755082701044,0.6571088054574601,NE008,1,SON
2024,0.7962560445344233,0.7513510065811468,NE008,1,SON
2025,0.5546537957107611,0.5076104226168525,NE008,1,SON
2026,0.2864319639690759,0.23725025573453434,NE008,1,SON
1981,0.07058313052279604,0.11714216571283496,NE001,1,JAS
1982,0.08376880031915666,0.12821151572782974,NE001,1,JAS
1983,0.05208345065361904,0.09440984628092718,NE001,1,JAS
1984,0.00804385392608728,0.04825392977202958,NE001,1,JAS
1985,0.12323808092276682,0.16133183698734416,NE001,1,JAS
1986,0.10431253973355512,0.14028997601676663,NE001,1,JAS
1987,0.0994125313447652,0.13327364784661178,NE001,1,JAS
1988,0.2195108375766446,0.2512556342971262,NE001,1,JAS
1989,0.18209266031764856,0.21172113725676434,NE001,1,JAS
1990,0.09799002671335191,0.12550218387110273,NE001,1,JAS
1991,0.15410928670038115,0.17950512407676614,NE001,1,JAS
1992,0.1405560264951491,0.16383554409016912,NE001,1,JAS
1993,0.10325778969276264,0.12442098750641684,NE001,1,JAS
1994,0.2777172723768164,0.29676415040910564,NE001,1,JAS
1995,0.15134141245547575,0.16827197070640004,NE001,1,JAS
1996,0.0441012365015139,0.05891547497107236,NE001,1,JAS
1997,0.14149794598914395,0.15419586467733745,NE001,1,JAS
1998,0.23484629023163928,0.24542788913846694,NE001,1,JAS
1999,0.38114464055936736,0.38960991968483005,NE001,1,JAS
2000,0.11668607993013395,0.12303503927423172,NE001,1,JAS
2001,0.0885909844818784,0.09282362404461032,NE001,1,JAS
2002,0.11970272775792215,0.12181904753928913,NE001,1,JAS
2003,0.0941182792487111,0.09411827924871224,NE001,1,JAS
2004,0.07706366228984826,0.07494734250848445,NE001,1,JAS
2005,0.0948726573867883,0.09064001782405864,NE001,1,JAS
2006,0.08962820275915886,0.08327924341506426,NE001,1,JAS
2007,0.14478138732720422,0.13631610820174467,NE001,1,JAS
2008,0.1347323821603275,0.12415078325350212,NE001,1,JAS
2009,0.0805720244787982,0.06787410579060786,NE001,1,JAS
2010,0.2380687941024889,0.22325455563293273,NE001,1,JAS
2011,0.11157942838841012,0.09464887013748899,NE001,1,JAS
2012,0.12924699259130148,0.11020011455901452,NE001,1,JAS
2013,0.09913969958671072,0.0779765017730588,NE001,1,JAS
2014,0.11952445923505171,0.09624494164003485,NE001,1,JAS
2015,0.1883573918041686,0.1629615544277859,NE001,1,JAS
2016,0.16447106592435567,0.13695890876660802,NE001,1,JAS
2017,0.14584017503102353,0.11621169809191004,NE001,1,JAS
2018,0.2534346733197346,0.22168987659925618,NE001,1,JAS
2019,0.33308994784383517,0.29922883134199085,NE001,1,JAS
2020,0.16854918359195695,0.1325717473087477,NE001,1,JAS
2021,0.06126575125519729,0.0231719951906231,NE001,1,JAS
2022,0.1317309110042585,0.09152083515831846,NE001,1,JAS
2023,0.08305266936914384,0.04072627374183886,NE001,1,JAS
2024,0.5241593115392724,0.4797165961306016,NE001,1,JAS
2025,0.13172975867281217,0.0851707234827764,NE001,1,JAS
2026,0.05193384099033384,0.003258486018932222,NE001,1,JAS
1981,0.026441510644273955,0.07289835131375363,NE001,1,ASO
1982,0.08205624967874794,0.12640141577234248,NE001,1,ASO
1983,0.021824699563544825,0.06405819108125425,NE001,1,ASO
1984,0.014867488051881081,0.054989304993704496,NE001,1,ASO
1985,0.09593435340767997,0.13394449577361828,NE001,1,ASO
1986,0.08664821540044572,0.12254668319049888,NE001,1,ASO
1987,0.08324751696432878,0.11703431017849593,NE001,1,ASO
1988,0.18923251611541642,0.22090763475369846,NE001,1,ASO
1989,0.15192644819153125,0.18148989225392725,NE001,1,ASO
1990,0.049893429914638354,0.07734519940114924,NE001,1,ASO
1991,0.10738490922705923,0.132725004137685,NE001,1,ASO
1992,0.08760402597188903,0.11083244630662878,NE001,1,ASO
1993,0.09101967149354544,0.11213641725240006,NE001,1,ASO
1994,0.2664930080188247,0.2854980792017942,NE001,1,ASO
1995,0.13347062659340786,0.15036402320049136,NE001,1,ASO
1996,0.0368830213350064,0.05166474336620476,NE001,1,ASO
1997,0.12984125972401847,0.1425113071793317,NE001,1,ASO
1998,0.17983485382058495,0.19039322670001219,NE001,1,ASO
1999,0.32005753660141595,0.32850423490495806,NE001,1,ASO
2000,0.03081212325788807,0.03714714698554504,NE001,1,ASO
2001,0.051813575940020645,0.0560369250917916,NE001,1,ASO
2002,0.06174292870513112,0.06385460328101696,NE001,1,ASO
2003,0.07366564417345586,0.07366564417345657,NE001,1,ASO
2004,0.04299009482101526,0.04087842024512996,NE001,1,ASO
2005,0.06889799517564858,0.06467464602387815,NE001,1,ASO
2006,0.08080203260247555,0.07446700887482,NE001,1,ASO
2007,0.1223051774535853,0.11385847915004373,NE001,1,ASO
2008,0.10697368283366877,0.09641530995424208,NE001,1,ASO
2009,0.06527841671258701,0.05260836925727519,NE001,1,ASO
2010,0.10963424677178793,0.0948525247405901,NE001,1,ASO
2011,0.08927642034668867,0.07238302373960571,NE001,1,ASO
2012,0.09802822972288512,0.07902315853991615,NE001,1,ASO
2013,0.08460130676540363,0.06348456100654953,NE001,1,ASO
2014,0.0993053923772922,0.07607697204255298,NE001,1,ASO
2015,0.16916558049696617,0.14382548558634095,NE001,1,ASO
2016,0.09986821501603346,0.0724164455295231,NE001,1,ASO
2017,0.10230084293885265,0.07273739887645717,NE001,1,ASO
2018,0.23259050791563313,0.20091538927735164,NE001,1,ASO
2019,0.31246707661826023,0.2786802834040936,NE001,1,ASO
2020,0.14290023790681483,0.10700177011676308,NE001,1,ASO
2021,0.03589296925412051,-0.00211717311181725,NE001,1,ASO
2022,0.10997028780276258,0.06984847086093969,NE001,1,ASO
2023,0.08628894632063944,0.044055454802931424,NE001,1,ASO
2024,0.5051804007672948,0.46083523467370074,NE001,1,ASO
2025,0.10959214476917595,0.0631353040996968,NE001,1,ASO
2026,0.06494393853147071,0.01637542328610643,NE001,1,ASO
1981,-0.001658210300332228,0.004759606734248387,NE001,1,SON
1982,0.01864731116161749,0.024773409240080757,NE001,1,SON
1983,-0.0014055990784031143,0.0044287800439429155,NE001,1,SON
1984,0.010883830910417232,0.016426491076645913,NE001,1,SON
1985,0.01219882438146935,0.017449765591580794,NE001,1,SON
1986,0.029107288370778667,0.03406651062477276,NE001,1,SON
1987,0.02241390935685529,0.02708141265473204,NE001,1,SON
1988,0.02109934228135086,0.02547512662311037,NE001,1,SON
1989,0.024955252602962694,0.029039317988604856,NE001,1,SON
1990,0.005123544294865008,0.008915890724389933,NE001,1,SON
1991,0.004955281813733368,0.008455909287140944,NE001,1,SON
1992,0.006592909570419008,0.009801818087709347,NE001,1,SON
1993,0.0461381433861065,0.04905533294727949,NE001,1,SON
1994,0.12276220098646454,0.12538767159152028,NE001,1,SON
1995,0.03358975150689347,0.03592350315583188,NE001,1,SON
1996,0.022436388210721393,0.02447842090354256,NE001,1,SON
1997,0.029765578491612227,0.03151589222831605,NE001,1,SON
1998,0.09037535476963784,0.09183394955022442,NE001,1,SON
1999,0.03273179351559368,0.033898669340062915,NE001,1,SON
2000,-0.002052129729929044,-0.0011769728615770476,NE001,1,SON
2001,0.01471068676180922,0.015294124674043869,NE001,1,SON
2002,0.01607999284290105,0.01637171179901835,NE001,1,SON
2003,0.015813446478942856,0.01581344647894292,NE001,1,SON
2004,0.0024936549260070537,0.002201935969889768,NE001,1,SON
2005,0.017899577281147595,0.01731613936891307,NE001,1,SON
2006,0.015142512380834241,0.01426735551248237,NE001,1,SON
2007,0.01852085949194905,0.017353983667479943,NE001,1,SON
2008,0.0378842363307246,0.036425641550138145,NE001,1,SON
2009,0.022783396399271634,0.02103308266256794,NE001,1,SON
2010,0.030456684560004464,0.02841465186718342,NE001,1,SON
2011,0.004186080287192702,0.0018523286382544218,NE001,1,SON
2012,-0.001375683731060267,-0.004001154336115895,NE001,1,SON
2013,0.004330740111680911,0.001413550550508045,NE001,1,SON
2014,0.01563750522615507,0.012428596708864856,NE001,1,SON
2015,0.05173542232112102,0.04823479484771357,NE001,1,SON
2016,0.012629872963391528,0.008837526533866729,NE001,1,SON
2017,0.0010794583897571486,-0.0030046069958849994,NE001,1,SON
2018,0.021953875876753008,0.017578091534993623,NE001,1,SON
2019,0.01190975207124117,0.007242248773364435,NE001,1,SON
2020,0.026604512065168704,0.021645289811174733,NE001,1,SON
2021,0.0013041453087762438,-0.0039467959013350755,NE001,1,SON
2022,0.02380175774304582,0.018259097576817263,NE001,1,SON
2023,0.01860227180644907,0.012767892684103166,NE001,1,SON
2024,0.13405317892186125,0.1279270808433981,NE001,1,SON
2025,0.05043140376725279,0.0440135867326723,NE001,1,SON
2026,0.019541157495814095,0.012831621505116367,NE001,1,SON
1981,0.7305429002861665,0.825844146361727,NE005,1,JAS
1982,0.8138420087001046,0.9048113799540485,NE005,1,JAS
1983,0.5942818704588884,0.6809193668912175,NE005,1,JAS
1984,0.40893220971272193,0.49123783132343446,NE005,1,JAS
1985,0.8003344601651166,0.8783082069542125,NE005,1,JAS
1986,0.788190868035035,0.8618327400025144,NE005,1,JAS
1987,0.7161694735538748,0.7854794706997377,NE005,1,JAS
1988,0.8776037979316983,0.9425819202559446,NE005,1,JAS
1989,0.8616572597546527,0.9223035072572824,NE005,1,JAS
1990,0.6257475795232345,0.6820619522042476,NE005,1,JAS
1991,0.6899525963270782,0.7419350941864747,NE005,1,JAS
1992,0.7417197155203481,0.7893703385581299,NE005,1,JAS
1993,0.7264159962773566,0.7697347444935219,NE005,1,JAS
1994,1.0221469070813902,1.0611337804759389,NE005,1,JAS
1995,0.7303988303726585,0.7650538289455906,NE005,1,JAS
1996,0.6047607366407017,0.6350838603920173,NE005,1,JAS
1997,0.7037728187150186,0.7297640676447176,NE005,1,JAS
1998,1.0030085658191834,1.0246679399272658,NE005,1,JAS
1999,1.2896250152632969,1.3069525145497627,NE005,1,JAS
2000,0.6720514182663564,0.6850470427312056,NE005,1,JAS
2001,0.8247070524430808,0.8333708020863153,NE005,1,JAS
2002,0.691984673337287,0.6963165481589049,NE005,1,JAS
2003,0.7513908834646904,0.7513908834646917,NE005,1,JAS
2004,0.5802670155530081,0.5759351407313928,NE005,1,JAS
2005,0.8005450434315494,0.7918812937883176,NE005,1,JAS
2006,0.685206563282829,0.6722109388179807,NE005,1,JAS
2007,0.9155425521864305,0.8982150528999656,NE005,1,JAS
2008,0.729829030839386,0.7081696567313045,NE005,1,JAS
2009,0.4908823223202271,0.4648910733905308,NE005,1,JAS
2010,1.0654469757044545,1.0351238519531416,NE005,1,JAS
2011,0.7619380112460549,0.7272830126731255,NE005,1,JAS
2012,0.7752126929227798,0.7362258195282338,NE005,1,JAS
2013,0.7266319770475085,0.6833132288313459,NE005,1,JAS
2014,0.8787564879144998,0.8311058648767207,NE005,1,JAS
2015,0.9706172771641468,0.9186347793047511,NE005,1,JAS
2016,0.9065269673095434,0.8502125946285312,NE005,1,JAS
2017,0.8622345772468111,0.8015883297441823,NE005,1,JAS
2018,0.9464991928877702,0.8815210705635266,NE005,1,JAS
2019,1.1610637989652683,1.0917538018194082,NE005,1,JAS
2020,1.0763384884439344,1.0026966164764577,NE005,1,JAS
2021,0.5358582896803198,0.4578845428912265,NE005,1,JAS
2022,0.8305677308459543,0.7482621092352444,NE005,1,JAS
2023,0.5239929248681239,0.43735542843579744,NE005,1,JAS
2024,1.4661741219807705,1.3752047507268275,NE005,1,JAS
2025,0.6739366962608399,0.5786354501852803,NE005,1,JAS
2026,0.39518632328133596,0.29555320238415983,NE005,1,JAS
1981,0.3840401117890921,0.5148213676245423,NE005,1,ASO
1982,0.6986943075832677,0.8235309608807415,NE005,1,ASO
1983,0.3653930164890582,0.48428506724855747,NE005,1,ASO
1984,0.33559960272314415,0.44854705094466885,NE005,1,ASO
1985,0.6254616462834466,0.7324644919669967,NE005,1,ASO
1986,0.5935510256807196,0.6946092688262951,NE005,1,ASO
1987,0.6175524217538623,0.7126660623614615,NE005,1,ASO
1988,0.7241696130448907,0.8133386511145153,NE005,1,ASO
1989,0.728737527075154,0.8119619626068041,NE005,1,ASO
1990,0.346436920352834,0.4237167533465095,NE005,1,ASO
1991,0.5066675240250211,0.578002754480722,NE005,1,ASO
1992,0.5534044429326759,0.6187950708504004,NE005,1,ASO
1993,0.5438308315063175,0.6032768568860675,NE005,1,ASO
1994,0.9290940435154854,0.9825954663572608,NE005,1,ASO
1995,0.579615096526658,0.6271719168304588,NE005,1,ASO
1996,0.48091767937867214,0.5225298971444984,NE005,1,ASO
1997,0.6709629905613262,0.7066306057891761,NE005,1,ASO
1998,0.8488340884456151,0.8785571011354905,NE005,1,ASO
1999,1.1570163419575117,1.1807947521094124,NE005,1,ASO
2000,0.4026287033747249,0.42046251098865106,NE005,1,ASO
2001,0.5850563222385075,0.596945527314459,NE005,1,ASO
2002,0.45875309141731613,0.46469769395529137,NE005,1,ASO
2003,0.6194278888403992,0.6194278888403999,NE005,1,ASO
2004,0.42894556868556727,0.42300096614759336,NE005,1,ASO
2005,0.6149059237484054,0.6030167186724569,NE005,1,ASO
2006,0.5614989992253475,0.5436651916114245,NE005,1,ASO
2007,0.744513907584925,0.7207354974330256,NE005,1,ASO
2008,0.6190265052998138,0.5893034926099399,NE005,1,ASO
2009,0.41975387418858334,0.3840862589607348,NE005,1,ASO
2010,0.7824783545628529,0.7408661367970297,NE005,1,ASO
2011,0.6437619918963194,0.5962051715925217,NE005,1,ASO
2012,0.6166629063280709,0.5631614834862968,NE005,1,ASO
2013,0.6374606543144146,0.5780146289346659,NE005,1,ASO
2014,0.7695483608015268,0.7041577328838036,NE005,1,ASO
2015,0.883463758467127,0.8121285280114292,NE005,1,ASO
2016,0.6692240451802604,0.591944212186588,NE005,1,ASO
2017,0.6949053415238465,0.6116809059921978,NE005,1,ASO
2018,0.8238057048957375,0.7346366668261142,NE005,1,ASO
2019,1.0917991428712939,0.996685502263696,NE005,1,ASO
2020,0.9552774649003508,0.8542192217547784,NE005,1,ASO
2021,0.3216428545549963,0.21464000887144752,NE005,1,ASO
2022,0.6954895038553947,0.5825420556338713,NE005,1,ASO
2023,0.4941187944275527,0.37522674366805475,NE005,1,ASO
2024,1.4048730184732579,1.2800363651757853,NE005,1,ASO
2025,0.545122770383118,0.4143415145476709,NE005,1,ASO
2026,0.3938879269409457,0.2571620685675223,NE005,1,ASO
1981,0.12375803038622941,0.1578448014853569,NE005,1,SON
1982,0.34893413502932696,0.38147150744213065,NE005,1,SON
1983,0.10282728514458225,0.13381525887106177,NE005,1,SON
1984,0.15983990719965777,0.18927848223981353,NE005,1,SON
1985,0.27153805313225654,0.29942722948608813,NE005,1,SON
1986,0.3001422558422737,0.32648203350978156,NE005,1,SON
1987,0.2495535103384625,0.2743438893196461,NE005,1,SON
1988,0.15757877930729727,0.18081975960215713,NE005,1,SON
1989,0.256105563975765,0.2777971455843007,NE005,1,SON
1990,0.07886007727119579,0.09900226019340724,NE005,1,SON
1991,0.009809436651878528,0.028402220887766227,NE005,1,SON
1992,0.09156348370195994,0.10860686925152344,NE005,1,SON
1993,0.27800878349317043,0.29350277035641015,NE005,1,SON
1994,0.6325962541999047,0.6465408423768203,NE005,1,SON
1995,0.24052810915080547,0.2529232986413973,NE005,1,SON
1996,0.2597753526628381,0.27062114346710564,NE005,1,SON
1997,0.2672706042676002,0.27656699638554405,NE005,1,SON
1998,0.5569545590662198,0.5647015524978395,NE005,1,SON
1999,0.3921079227935068,0.3983055175388023,NE005,1,SON
2000,0.02881987167869063,0.03346806773766231,NE005,1,SON
2001,0.2513027954574194,0.2544015928300669,NE005,1,SON
2002,0.1574661029366196,0.15901550162294334,NE005,1,SON
2003,0.2538329693695591,0.2538329693695587,NE005,1,SON
2004,0.09154963153305806,0.09000023284673384,NE005,1,SON
2005,0.26364456811228437,0.2605457707396359,NE005,1,SON
2006,0.24638388492717853,0.2417356888682059,NE005,1,SON
2007,0.22010922191570595,0.21391162717040957,NE005,1,SON
2008,0.2666782625871159,0.25893126915549536,NE005,1,SON
2009,0.16023167571771085,0.15093528359976652,NE005,1,SON
2010,0.3778391356031111,0.3669933447988426,NE005,1,SON
2011,0.1390219500962575,0.12662676060566522,NE005,1,SON
2012,0.10614954093110995,0.09220495275419346,NE005,1,SON
2013,0.14083525051567747,0.12534126365243722,NE005,1,SON
2014,0.23877694824913928,0.22173356269957484,NE005,1,SON
2015,0.42204022370362543,0.40344743946773676,NE005,1,SON
2016,0.1752208441950262,0.1550786612728138,NE005,1,SON
2017,0.06191842092182395,0.040226839313287355,NE005,1,SON
2018,0.33457558401552356,0.31133460372066324,NE005,1,SON
2019,0.2659987403904767,0.24120836140929217,NE005,1,SON
2020,0.3286843236437485,0.30234454597624016,NE005,1,SON
2021,0.08367140072245283,0.05578222436862032,NE005,1,SON
2022,0.28892465018710306,0.25948607514694677,NE005,1,SON
2023,0.20939146227762565,0.17840348855114518,NE005,1,SON
2024,0.6508782601149311,0.6183408877021265,NE005,1,SON
2025,0.3046146824309403,0.27052791133181187,NE005,1,SON
2026,0.1670839672887287,0.1314477975032761,NE005,1,SON
1981,0.42948292383305586,0.43609922474372087,NE002,1,JAS
1982,0.5633717600763468,0.5696873200365271,NE002,1,JAS
1983,0.3329858098348997,0.3390006288445952,NE002,1,JAS
1984,0.1724310438275951,0.17814512188680587,NE002,1,JAS
1985,0.5736719134804196,0.5790852505891455,NE002,1,JAS
1986,0.4207417741479041,0.4258543703061452,NE002,1,JAS
1987,0.48193006297314817,0.48674191818090456,NE002,1,JAS
1988,0.9257551352181983,0.9302662494754699,NE002,1,JAS
1989,0.6660926843973668,0.6703030577041537,NE002,1,JAS
1990,0.4602074199910989,0.4641170523474009,NE002,1,JAS
1991,0.5026851253831125,0.5062940167889297,NE002,1,JAS
1992,0.6035480321226692,0.6068561825780017,NE002,1,JAS
1993,0.2967770886993475,0.29978449820419517,NE002,1,JAS
1994,0.9286632600363202,0.931369928590683,NE002,1,JAS
1995,0.5827941133812663,0.5852000409851444,NE002,1,JAS
1996,0.4001352917614878,0.40224047841488114,NE002,1,JAS
1997,0.43745163876306825,0.43925608446597686,NE002,1,JAS
1998,0.7783749642698159,0.7798786690222397,NE002,1,JAS
1999,0.9262790488990928,0.9274820127010318,NE002,1,JAS
2000,0.43608323315210845,0.4369854560035627,NE002,1,JAS
2001,0.3837633468602083,0.3843648287611777,NE002,1,JAS
2002,0.4220459537932363,0.4223466947437209,NE002,1,JAS
2003,0.46973809134342703,0.4697380913434269,NE002,1,JAS
2004,0.3779792199547125,0.3776784790042276,NE002,1,JAS
2005,0.5123181872324719,0.5117167053315023,NE002,1,JAS
2006,0.3470453592693743,0.34614313641791983,NE002,1,JAS
2007,0.44871744637153654,0.44751448256959725,NE002,1,JAS
2008,0.45649141632205337,0.45498771156962936,NE002,1,JAS
2009,0.4234590401735757,0.4216545944706669,NE002,1,JAS
2010,0.7447712724353731,0.7426660857819796,NE002,1,JAS
2011,0.36260963899555965,0.3602037113916813,NE002,1,JAS
2012,0.4778498488270344,0.4751431802726712,NE002,1,JAS
2013,0.32700063980779687,0.32399323030294896,NE002,1,JAS
2014,0.5014417221007262,0.4981335716453935,NE002,1,JAS
2015,0.5530386237373316,0.549429732331514,NE002,1,JAS
2016,0.5778305206415701,0.5739208882852679,NE002,1,JAS
2017,0.5131250460961913,0.5089146727894042,NE002,1,JAS
2018,0.6136638497589065,0.6091527355016347,NE002,1,JAS
2019,0.6311078053274577,0.6262959501197011,NE002,1,JAS
2020,0.5216848980875329,0.5165723019292915,NE002,1,JAS
2021,0.42453306381851963,0.41911972670979347,NE002,1,JAS
2022,0.4751419965900585,0.46942791853084753,NE002,1,JAS
2023,0.3195962610306753,0.3135814420209795,NE002,1,JAS
2024,0.9829794684064157,0.9766639084462352,NE002,1,JAS
2025,0.39054246919913416,0.3839261682884688,NE002,1,JAS
2026,0.17467883706249643,0.16776179520134638,NE002,1,JAS
1981,0.16245544544024249,0.20405033437093317,NE002,1,ASO
1982,0.5106505711927538,0.5503547833538678,NE002,1,ASO
1983,0.1970537891016813,0.23486732449321845,NE002,1,ASO
1984,0.10972897967204631,0.14565183829400669,NE002,1,ASO
1985,0.4272215015203219,0.46125368337270506,NE002,1,ASO
1986,0.26556729459596484,0.29770879967877123,NE002,1,ASO
1987,0.385531041702585,0.4157818700158146,NE002,1,ASO
1988,0.8147983361024619,0.8431584876461147,NE002,1,ASO
1989,0.5775426755092018,0.6040121502832778,NE002,1,ASO
1990,0.2675293024328953,0.2921081004373946,NE002,1,ASO
1991,0.3712101760167158,0.3938982972516379,NE002,1,ASO
1992,0.45831961233650564,0.47911705680185096,NE002,1,ASO
1993,0.2297977528486521,0.24870452054442063,NE002,1,ASO
1994,0.7994922671591052,0.816508358085297,NE002,1,ASO
1995,0.49007240062353064,0.5051978147801457,NE002,1,ASO
1996,0.31306628878866594,0.3263010261757037,NE002,1,ASO
1997,0.38023763681501016,0.3915816974324712,NE002,1,ASO
1998,0.6263293137073163,0.6357826975552006,NE002,1,ASO
1999,0.7193533739619982,0.7269160810403057,NE002,1,ASO
2000,0.16892172243303924,0.17459375274176994,NE002,1,ASO
2001,0.275838547227943,0.2796199007670969,NE002,1,ASO
2002,0.2860987441726277,0.2879894209422044,NE002,1,ASO
2003,0.3744746040979974,0.3744746040979973,NE002,1,ASO
2004,0.2712293175447469,0.26933864077517006,NE002,1,ASO
2005,0.3744095019119198,0.3706281483727662,NE002,1,ASO
2006,0.29136748060968026,0.2856954503009499,NE002,1,ASO
2007,0.34936635512484,0.3418036480465324,NE002,1,ASO
2008,0.4068627416774299,0.39740935782954556,NE002,1,ASO
2009,0.3910220602883628,0.37967799967090166,NE002,1,ASO
2010,0.5059747165533166,0.4927399791662787,NE002,1,ASO
2011,0.31622816815778826,0.3011027540011736,NE002,1,ASO
2012,0.39836019347664103,0.3813441025504496,NE002,1,ASO
2013,0.30207986872715564,0.283173101031387,NE002,1,ASO
2014,0.4289301311277482,0.40813268666240277,NE002,1,ASO
2015,0.48383972108914336,0.46115159985422116,NE002,1,ASO
2016,0.3504975983573915,0.32591880035289256,NE002,1,ASO
2017,0.4204863048219662,0.39401683004789045,NE002,1,ASO
2018,0.5690232802030981,0.5406631286594452,NE002,1,ASO
2019,0.583638124222656,0.5533872959094264,NE002,1,ASO
2020,0.44267667117283993,0.41053516609003343,NE002,1,ASO
2021,0.30108284667238155,0.2670506648199983,NE002,1,ASO
2022,0.36945308363716967,0.3335302250152096,NE002,1,ASO
2023,0.3163114239991182,0.2784978886075814,NE002,1,ASO
2024,0.9403408094505765,0.9006365972894625,NE002,1,ASO
2025,0.28818444590216147,0.24658955697147067,NE002,1,ASO
2026,0.17045093761808727,0.1269653719178197,NE002,1,ASO
1981,0.05348408262530238,0.04898722556630204,NE002,1,SON
1982,0.07373343230887525,0.06944097784346585,NE002,1,SON
1983,0.03662130528828331,0.03253325341646486,NE002,1,SON
1984,0.05623327881480431,0.05234962953657676,NE002,1,SON
1985,0.15431186321212406,0.15063261652748744,NE002,1,SON
1986,0.10865237191298503,0.10517752782193932,NE002,1,SON
1987,0.1574052856263441,0.15413484412888934,NE002,1,SON
1988,0.16372648577572235,0.1606604468718585,NE002,1,SON
1989,0.17144964723685344,0.1685880109265805,NE002,1,SON
1990,0.05708521516578692,0.05442798144910488,NE002,1,SON
1991,0.0445152945758496,0.042062463452758506,NE002,1,SON
1992,0.1740018986731953,0.17175347014369513,NE002,1,SON
1993,0.0709961984141419,0.06895217247823264,NE002,1,SON
1994,0.41030207437404864,0.40846245103173034,NE002,1,SON
1995,0.11535803248588711,0.11372281173715969,NE002,1,SON
1996,0.16346805806878517,0.1620372399136487,NE002,1,SON
1997,0.08624478470715849,0.08501836914561291,NE002,1,SON
1998,0.3310940158730367,0.3300720029050821,NE002,1,SON
1999,0.16089092822051373,0.16007331784615003,NE002,1,SON
2000,0.02828793579476177,0.027674728013988972,NE002,1,SON
2001,0.11682110012545104,0.11641229493826918,NE002,1,SON
2002,0.0800512890851132,0.07984688649152225,NE002,1,SON
2003,0.10621661095685878,0.10621661095685876,NE002,1,SON
2004,0.047468670994708445,0.04767307358829932,NE002,1,SON
2005,0.09018164493535859,0.09059045012254041,NE002,1,SON
2006,0.11167514989380925,0.11228835767458197,NE002,1,SON
2007,0.10788807191068647,0.10870568228505013,NE002,1,SON
2008,0.13454742050665874,0.13556943347461337,NE002,1,SON
2009,0.07625108962243622,0.07747750518398172,NE002,1,SON
2010,0.10848851033873586,0.1099193284938723,NE002,1,SON
2011,0.05695554066358688,0.058590761412314216,NE002,1,SON
2012,0.018016248923299324,0.019855872265617608,NE002,1,SON
2013,0.0686471678648733,0.07069119380078248,NE002,1,SON
2014,0.12103228660598732,0.12328071513548744,NE002,1,SON
2015,0.13717251420660737,0.13962534532969845,NE002,1,SON
2016,0.07153460202743825,0.07419183574412021,NE002,1,SON
2017,0.03224496902230625,0.03510660533257916,NE002,1,SON
2018,0.1443981127563968,0.1474641516602606,NE002,1,SON
2019,0.08746510667265378,0.09073554817010852,NE002,1,SON
2020,0.09528208787388529,0.09875693196493092,NE002,1,SON
2021,0.034739923176887386,0.038419169861523966,NE002,1,SON
2022,0.13143943084659268,0.13532308012482014,NE002,1,SON
2023,0.08322640331371031,0.08731445518552873,NE002,1,SON
2024,0.30323963191169606,0.30753208637710544,NE002,1,SON
2025,0.13461326474733615,0.13911012180633642,NE002,1,SON
2026,0.06831964357109357,0.07302090322368478,NE002,1,SON
1981,0.04363216810369817,0.09524144396189763,NE001004,2,JAS
1982,0.03079799106538343,0.0800613907482106,NE001004,2,JAS
1983,0.02091051374935099,0.06782803725680497,NE001004,2,JAS
1984,-0.0011708451248884505,0.04340080220719324,NE001004,2,JAS
1985,0.046756046947787476,0.08898181810449599,NE001004,2,JAS
1986,0.02847139657211717,0.06835129155345337,NE001004,2,JAS
1987,0.05763162669707189,0.09516564550303491,NE001004,2,JAS
1988,0.0998747900618135,0.13506293269240421,NE001004,2,JAS
1989,0.0724655681332425,0.10530783458846003,NE001004,2,JAS
1990,0.030741698662550387,0.06123808894239563,NE001004,2,JAS
1991,0.06145878976899656,0.08960930387346862,NE001004,2,JAS
1992,0.07102946084877676,0.09683409877787652,NE001004,2,JAS
1993,0.0256275678581995,0.04908632961192608,NE001004,2,JAS
1994,0.14590757473894955,0.16702046031730383,NE001004,2,JAS
1995,0.08064769836494283,0.09941470776792392,NE001004,2,JAS
1996,0.016176300159914878,0.032597433387523675,NE001004,2,JAS
1997,0.0892921029888858,0.1033673600411223,NE001004,2,JAS
1998,0.16019744481649206,0.17192682569335538,NE001004,2,JAS
1999,0.28280443886892775,0.2921879435704188,NE001004,2,JAS
2000,0.05972763775649105,0.06676526628260888,NE001004,2,JAS
2001,0.041130848999190756,0.04582260134993629,NE001004,2,JAS
2002,0.07563533458461275,0.0779812107599851,NE001004,2,JAS
2003,0.04176609415744276,0.04176609415744281,NE001004,2,JAS
2004,0.04034969575123026,0.038003819575857134,NE001004,2,JAS
2005,0.030043178821916976,0.02535142647117155,NE001004,2,JAS
2006,0.05857053691222849,0.051532908386109876,NE001004,2,JAS
2007,0.07517361991815277,0.06579011521666187,NE001004,2,JAS
2008,0.0829764708311625,0.0712470899542984,NE001004,2,JAS
2009,0.03759241567592032,0.023517158623683927,NE001004,2,JAS
2010,0.11927044320531295,0.10284930997770338,NE001004,2,JAS
2011,0.06260779077850037,0.0438407813755185,NE001004,2,JAS
2012,0.0603481336543618,0.03923524807600674,NE001004,2,JAS
2013,0.05415904052084253,0.030700278767115174,NE001004,2,JAS
2014,0.044221597140820294,0.018416959211719763,NE001004,2,JAS
2015,0.12264529458468912,0.09449478048021628,NE001004,2,JAS
2016,0.11200569526191154,0.08150930498206552,NE001004,2,JAS
2017,0.08456976011150157,0.05172749365628325,NE001004,2,JAS
2018,0.16354659236566105,0.12835844973506955,NE001004,2,JAS
2019,0.24596203814179712,0.20842801933583333,NE001004,2,JAS
2020,0.11990360077326098,0.080023705791924,NE001004,2,JAS
2021,0.021174276352058347,-0.021051494804650933,NE001004,2,JAS
2022,0.06947197211773265,0.024900324785651073,NE001004,2,JAS
2023,0.051857357230855175,0.004939833723400414,NE001004,2,JAS
2024,0.4967824548273944,0.44751905514456736,NE001004,2,JAS
2025,0.08117915309533306,0.02956987723713282,NE001004,2,JAS
2026,0.03284468446010537,-0.02111046757346717,NE001004,2,JAS
1981,0.023873019120287005,0.07171912632754507,NE001004,2,ASO
1982,0.03023471547032669,0.07590599962270972,NE001004,2,ASO
1983,0.00941866627168135,0.05291512736918845,NE001004,2,ASO
1984,0.01581411034498336,0.05713574838761542,NE001004,2,ASO
1985,0.043364305920186696,0.08251112090794371,NE001004,2,ASO
1986,0.03852315462369147,0.07549514655657255,NE001004,2,ASO
1987,0.05013867347353758,0.08493584235154363,NE001004,2,ASO
1988,0.09354016275293442,0.12616250857606542,NE001004,2,ASO
1989,0.05945241197839495,0.08989993474665003,NE001004,2,ASO
1990,0.01741239257900023,0.04568509229238026,NE001004,2,ASO
1991,0.044066891785581416,0.07016476844408552,NE001004,2,ASO
1992,0.04414690932483526,0.06806996292846432,NE001004,2,ASO
1993,0.027065406826775343,0.048813637375529365,NE001004,2,ASO
1994,0.15987726526060766,0.17945067275448576,NE001004,2,ASO
1995,0.0759830804893885,0.09338166492839155,NE001004,2,ASO
1996,0.014596515278551755,0.029820276662679765,NE001004,2,ASO
1997,0.08073541103387301,0.09378434936312509,NE001004,2,ASO
1998,0.12150624963687762,0.13238036491125466,NE001004,2,ASO
1999,0.26022617674043746,0.26892546895993946,NE001004,2,ASO
2000,0.006195864865183878,0.012720334029809946,NE001004,2,ASO
2001,0.02171617998472755,0.026065826094478578,NE001004,2,ASO
2002,0.027531236077556406,0.02970605913243239,NE001004,2,ASO
2003,0.038117883604890726,0.03811788360489078,NE001004,2,ASO
2004,0.01655370390184925,0.014378880846974265,NE001004,2,ASO
2005,0.023444287771779218,0.01909464166202919,NE001004,2,ASO
2006,0.05372861216153524,0.04720414299690928,NE001004,2,ASO
2007,0.0836056094052449,0.0749063171857439,NE001004,2,ASO
2008,0.06550648198785392,0.054632366713477876,NE001004,2,ASO
2009,0.03436261359362782,0.021313675264375852,NE001004,2,ASO
2010,0.06980995884262976,0.05458619745850275,NE001004,2,ASO
2011,0.05000817151108724,0.03260958707208519,NE001004,2,ASO
2012,0.04557520999085454,0.02600180249697656,NE001004,2,ASO
2013,0.05007820270690701,0.028329972158153985,NE001004,2,ASO
2014,0.039747374424448874,0.01582432082082081,NE001004,2,ASO
2015,0.12351333600643116,0.09741545934792717,NE001004,2,ASO
2016,0.06663556668819463,0.0383628669748156,NE001004,2,ASO
2017,0.05637633148099275,0.02592880871273867,NE001004,2,ASO
2018,0.15219506096692242,0.11957271514379242,NE001004,2,ASO
2019,0.23577415335665375,0.2009769844786487,NE001004,2,ASO
2020,0.10806982741240358,0.07109783547952349,NE001004,2,ASO
2021,0.011044916507699343,-0.028101898480056675,NE001004,2,ASO
2022,0.06113605974866293,0.01981442170603187,NE001004,2,ASO
2023,0.05828377405011091,0.014787312952604811,NE001004,2,ASO
2024,0.4829516654327443,0.4372803812803623,NE001004,2,ASO
2025,0.06744730789183147,0.019601200684574396,NE001004,2,ASO
2026,0.062223724387678675,0.012202794125546562,NE001004,2,ASO
1981,-0.002570402649508469,0.0060607055962208015,NE001004,2,SON
1982,0.00830996894058389,0.016548754084234563,NE001004,2,SON
1983,-0.004026196152326538,0.0038202658892455416,NE001004,2,SON
1984,0.009564265425187155,0.01701840436468064,NE001004,2,SON
1985,0.001371731094283929,0.008433546931698817,NE001004,2,SON
1986,0.019660064513283348,0.026329557248619642,NE001004,2,SON
1987,0.013529598154114605,0.019806767787372302,NE001004,2,SON
1988,0.01383825524066414,0.019723101771843242,NE001004,2,SON
1989,0.01442564038623559,0.019918163815336096,NE001004,2,SON
1990,6.964323877198253e-05,0.005169843565793893,NE001004,2,SON
1991,-0.001972602762671886,0.002735274462271429,NE001004,2,SON
1992,0.0041669127195442315,0.008482466842408951,NE001004,2,SON
1993,0.008357706002955233,0.012280937023741357,NE001004,2,SON
1994,0.08433567926991233,0.08786658718861985,NE001004,2,SON
1995,0.012446374671040799,0.015584959487669732,NE001004,2,SON
1996,0.012265929878882725,0.015012191593433062,NE001004,2,SON
1997,0.018521625427123663,0.020875564039595403,NE001004,2,SON
1998,0.05751684354980674,0.059478459060199884,NE001004,2,SON
1999,0.02287781342359544,0.02444710583190999,NE001004,2,SON
2000,-0.00411391486925629,-0.0029369455630203333,NE001004,2,SON
2001,0.0038080772356403683,0.004592723439797728,NE001004,2,SON
2002,0.01021603109750253,0.010608354199581295,NE001004,2,SON
2003,0.006636905812883731,0.006636905812883899,NE001004,2,SON
2004,-0.001839424643905659,-0.0022317477459840845,NE001004,2,SON
2005,0.009311186403703504,0.008526540199546481,NE001004,2,SON
2006,0.005165065559942032,0.0039880962537064135,NE001004,2,SON
2007,0.009508725659926394,0.00793943325161218,NE001004,2,SON
2008,0.02955121991555848,0.02758960440516567,NE001004,2,SON
2009,0.019099303725882935,0.01674536511341153,NE001004,2,SON
2010,0.026949872982143328,0.02420361126759333,NE001004,2,SON
2011,-8.68943996708213e-05,-0.0032254792162994175,NE001004,2,SON
2012,-0.003979342604812442,-0.007510250523519632,NE001004,2,SON
2013,0.0022560901567654137,-0.0016671408640203719,NE001004,2,SON
2014,0.009040234176579606,0.0047246800537152234,NE001004,2,SON
2015,0.03494593237701012,0.030238055152067136,NE001004,2,SON
2016,0.005595871979800746,0.0004956716527791723,NE001004,2,SON
2017,-0.0004457998416979112,-0.005938323270798079,NE001004,2,SON
2018,0.011088348683898758,0.005203502152719993,NE001004,2,SON
2019,0.0036142655632023027,-0.002662904070055058,NE001004,2,SON
2020,0.016020321338096458,0.009350828602760501,NE001004,2,SON
2021,-0.0008745450142339916,-0.007936360851648545,NE001004,2,SON
2022,0.010924376416456156,0.0034702374769630083,NE001004,2,SON
2023,0.010739823709946531,0.0028933616683747884,NE001004,2,SON
2024,0.1410775798194623,0.13283879467581197,NE001004,2,SON
2025,0.03500975042142793,0.026378642175698887,NE001004,2,SON
2026,0.01942855131688493,0.01040511996907729,NE001004,2,SON
1981,0.16206887792712518,0.22602223126460005,NE001005,2,JAS
1982,0.2157401320875711,0.27678651481879696,NE001005,2,JAS
1983,0.14172640773354778,0.19986581985852464,NE001005,2,JAS
1984,0.06021772631873368,0.11545016783746154,NE001005,2,JAS
1985,0.3187855795720017,0.37111105048448056,NE001005,2,JAS
1986,0.3433391681084125,0.3927576684146432,NE001005,2,JAS
1987,0.24209010599147862,0.28860163569146036,NE001005,2,JAS
1988,0.4729645442432505,0.5165691033369832,NE001005,2,JAS
1989,0.430454244530898,0.4711518330183817,NE001005,2,JAS
1990,0.23286096322533234,0.27065158110656795,NE001005,2,JAS
1991,0.4263905801597254,0.461274227434712,NE001005,2,JAS
1992,0.3472194691313621,0.3791961458000997,NE001005,2,JAS
1993,0.2872595473497514,0.31632925341224,NE001005,2,JAS
1994,0.5080389941087572,0.5342017295649977,NE001005,2,JAS
1995,0.27271832792994455,0.295974092779936,NE001005,2,JAS
1996,0.1283010122740223,0.14864980651776477,NE001005,2,JAS
1997,0.31575823856909513,0.3332000622065886,NE001005,2,JAS
1998,0.4390358001172652,0.45357065314850964,NE001005,2,JAS
1999,0.7123547154834041,0.7239825979084005,NE001005,2,JAS
2000,0.2747182332221904,0.28343914504093776,NE001005,2,JAS
2001,0.23848804895459022,0.24430199016708856,NE001005,2,JAS
2002,0.3000235955432525,0.3029305661495018,NE001005,2,JAS
2003,0.2646717040942377,0.2646717040942389,NE001005,2,JAS
2004,0.18973158234077572,0.18682461173452794,NE001005,2,JAS
2005,0.3073283657738243,0.3015144245613275,NE001005,2,JAS
2006,0.19886142500702464,0.19014051318827885,NE001005,2,JAS
2007,0.35171926968769185,0.34009138726269794,NE001005,2,JAS
2008,0.29714604316178267,0.28261119013053976,NE001005,2,JAS
2009,0.17949264073236568,0.16205081709487376,NE001005,2,JAS
2010,0.4941663692306112,0.47381757498687027,NE001005,2,JAS
2011,0.2812572551543377,0.25800149030434777,NE001005,2,JAS
2012,0.31498846997968616,0.2888257345234481,NE001005,2,JAS
2013,0.2454719399628906,0.21640223390040356,NE001005,2,JAS
2014,0.33470444791647397,0.3027277712477379,NE001005,2,JAS
2015,0.4533215791994091,0.418437931924424,NE001005,2,JAS
2016,0.3749957901323138,0.33720517225108065,NE001005,2,JAS
2017,0.3658878639707202,0.32519027548323803,NE001005,2,JAS
2018,0.547550255915758,0.5039456968220268,NE001005,2,JAS
2019,0.6461179942815986,0.5996064645816184,NE001005,2,JAS
2020,0.372940062676826,0.3235215623705977,NE001005,2,JAS
2021,0.2054461080771229,0.1531206371646456,NE001005,2,JAS
2022,0.3351280631535238,0.2798956216347975,NE001005,2,JAS
2023,0.18511004929727543,0.12697063717230012,NE001005,2,JAS
2024,0.5702608530863995,0.5092144703551752,NE001005,2,JAS
2025,0.3460717678135524,0.28211841447608,NE001005,2,JAS
2026,0.15368671431005454,0.0868263903663331,NE001005,2,JAS
1981,0.05606801938738318,0.12312105981800384,NE001005,2,ASO
1982,0.2067482061667413,0.27075338112324243,NE001005,2,ASO
1983,0.06963803768222948,0.13059534716461202,NE001005,2,ASO
1984,0.04466452068675181,0.10257396469501484,NE001005,2,ASO
1985,0.24608566813852895,0.30094724667267336,NE001005,2,ASO
1986,0.2715566162167597,0.3233703292767846,NE001005,2,ASO
1987,0.19001294778215844,0.23877879536806473,NE001005,2,ASO
1988,0.4129431030446074,0.4586610851563942,NE001005,2,ASO
1989,0.337270055388469,0.37994017202613717,NE001005,2,ASO
1990,0.12378400345976923,0.1634062546233179,NE001005,2,ASO
1991,0.3148189265568359,0.35139331224626597,NE001005,2,ASO
1992,0.22823263035565444,0.261759150570965,NE001005,2,ASO
1993,0.2314602305615759,0.2619388853027679,NE001005,2,ASO
1994,0.46711252430512534,0.4945433135721978,NE001005,2,ASO
1995,0.23175026856513142,0.25613319235808435,NE001005,2,ASO
1996,0.10256229660317137,0.12389735492200568,NE001005,2,ASO
1997,0.29264209932542584,0.31092929217014065,NE001005,2,ASO
1998,0.3569877408669949,0.3722270682375911,NE001005,2,ASO
1999,0.618382869058643,0.6305743309551197,NE001005,2,ASO
2000,0.13358646848494982,0.14273006490730789,NE001005,2,ASO
2001,0.15158456575405133,0.1576802967022899,NE001005,2,ASO
2002,0.1709404255159191,0.17398829099003904,NE001005,2,ASO
2003,0.19589883810317216,0.1958988381031726,NE001005,2,ASO
2004,0.11357533542105547,0.1105274699469373,NE001005,2,ASO
2005,0.2431037171298951,0.23700798618165742,NE001005,2,ASO
2006,0.1720906043241946,0.1629470079018383,NE001005,2,ASO
2007,0.2813666533563137,0.2691751914598379,NE001005,2,ASO
2008,0.22526201971731377,0.21002269234671847,NE001005,2,ASO
2009,0.13930098631801435,0.12101379347330044,NE001005,2,ASO
2010,0.25854067618411647,0.23720561786528305,NE001005,2,ASO
2011,0.22318921953658433,0.1988062957436323,NE001005,2,ASO
2012,0.23815735335305516,0.21072656408598361,NE001005,2,ASO
2013,0.19579007368551388,0.16531141894432372,NE001005,2,ASO
2014,0.29592039075440313,0.26239387053909347,NE001005,2,ASO
2015,0.3760306892855031,0.3394563035960748,NE001005,2,ASO
2016,0.24443913056624883,0.20481687940270105,NE001005,2,ASO
2017,0.2904578126744713,0.2477876960368049,NE001005,2,ASO
2018,0.47808874715570066,0.43237076504391475,NE001005,2,ASO
2019,0.6072451070225197,0.5584792594366151,NE001005,2,ASO
2020,0.3167088936108372,0.2648951805508132,NE001005,2,ASO
2021,0.12932752819432827,0.07446594966018563,NE001005,2,ASO
2022,0.2725658572818114,0.21465641327354923,NE001005,2,ASO
2023,0.18007862857528556,0.11912131909290391,NE001005,2,ASO
2024,0.5282573971836483,0.464252222227148,NE001005,2,ASO
2025,0.2929347428067547,0.22588170237613492,NE001005,2,ASO
2026,0.13626178287273544,0.06616087696799705,NE001005,2,ASO
1981,0.003416265608546805,0.013645729591537342,NE001005,2,SON
1982,0.044105551458401046,0.053870039805801136,NE001005,2,SON
1983,0.006996571248918455,0.016296083960728097,NE001005,2,SON
1984,0.03424866449597583,0.04308320157219491,NE001005,2,SON
1985,0.052106720286423935,0.06047628172705257,NE001005,2,SON
1986,0.07039619259689645,0.07830077840193464,NE001005,2,SON
1987,0.06185358219455145,0.0692931923639992,NE001005,2,SON
1988,0.04627508353558822,0.0532497180694454,NE001005,2,SON
1989,0.06512448558848866,0.0716341444867554,NE001005,2,SON
1990,0.02557490819454645,0.031619591457222734,NE001005,2,SON
1991,0.0244497285649401,0.030029436192025936,NE001005,2,SON
1992,0.017772874295570805,0.022887606287066084,NE001005,2,SON
1993,0.13835215421912048,0.14300191057502531,NE001005,2,SON
1994,0.23728465755487047,0.24146943827518486,NE001005,2,SON
1995,0.08797269361809637,0.09169249870282031,NE001005,2,SON
1996,0.049776557323780966,0.05303138677291434,NE001005,2,SON
1997,0.07148182616027568,0.07427167997381862,NE001005,2,SON
1998,0.1891436296523192,0.1914685078302717,NE001005,2,SON
1999,0.07098380604741997,0.07284370858978201,NE001005,2,SON
2000,0.005997586123282439,0.007392513030053914,NE001005,2,SON
2001,0.05451631681767572,0.05544626808885675,NE001005,2,SON
2002,0.04740122337844337,0.04786619901403395,NE001005,2,SON
2003,0.052534881134224665,0.052534881134224685,NE001005,2,SON
2004,0.011159634454833818,0.010694658819243391,NE001005,2,SON
2005,0.062196432537021736,0.06126648126584086,NE001005,2,SON
2006,0.04484518555479018,0.04345025864801886,NE001005,2,SON
2007,0.05621189356747764,0.05435199102511576,NE001005,2,SON
2008,0.05719402081755393,0.054869142639601604,NE001005,2,SON
2009,0.06428016578641636,0.061490311972873586,NE001005,2,SON
2010,0.0788625304591243,0.07560770100999106,NE001005,2,SON
2011,0.016134695372064606,0.012414890287340823,NE001005,2,SON
2012,0.015458303691913734,0.011273522971599503,NE001005,2,SON
2013,0.0219414388295939,0.017291682473689222,NE001005,2,SON
2014,0.04008497496027216,0.034970242968777036,NE001005,2,SON
2015,0.1290746265443386,0.12349491891725292,NE001005,2,SON
2016,0.04696153216645037,0.040916848903774235,NE001005,2,SON
2017,0.011626052084198445,0.005116393185931864,NE001005,2,SON
2018,0.0592963664391168,0.05232173190525977,NE001005,2,SON
2019,0.04739125108263668,0.03995164091318909,NE001005,2,SON
2020,0.08093511911838193,0.07303053331334389,NE001005,2,SON
2021,0.013292796250971788,0.004923234810343305,NE001005,2,SON
2022,0.060485022516075584,0.051650485439856654,NE001005,2,SON
2023,0.04576422366936826,0.03646471095755877,NE001005,2,SON
2024,0.21747264505498257,0.20770815670758264,NE001005,2,SON
2025,0.10969944726282013,0.09946998327982975,NE001005,2,SON
2026,0.04889679493020549,0.03820235531162466,NE001005,2,SON
1981,1.14471707716527,1.2250065950889633,NE008001,2,JAS
1982,1.3666473287327499,1.4432873231144572,NE008001,2,JAS
1983,0.9154644365777218,0.9884549074174431,NE008001,2,JAS
1984,0.66930899261766,0.7386499399153953,NE008001,2,JAS
1985,1.4475162938758872,1.5132077176316356,NE008001,2,JAS
1986,1.4263745737286657,1.4884164739424282,NE008001,2,JAS
1987,0.8894541057948071,0.9478464824665835,NE008001,2,JAS
1988,1.3784448683891104,1.4331877215189008,NE008001,2,JAS
1989,1.387153264936604,1.4382465945244085,NE008001,2,JAS
1990,0.9577345531003563,1.0051783591461747,NE008001,2,JAS
1991,1.1572038660536685,1.200998148557501,NE008001,2,JAS
1992,1.1392343792716424,1.1793791382334888,NE008001,2,JAS
1993,0.946940415558398,0.9834356509782585,NE008001,2,JAS
1994,1.491809566780343,1.5246552786582175,NE008001,2,JAS
1995,1.4206978164195685,1.449894004755456,NE008001,2,JAS
1996,1.0386001168816017,1.0641467816755033,NE008001,2,JAS
1997,1.169429968562267,1.1913271098141827,NE008001,2,JAS
1998,1.3729434529142597,1.3911910706241892,NE008001,2,JAS
1999,1.561598858075656,1.5761969522435995,NE008001,2,JAS
2000,1.0920869821867134,1.103035552812671,NE008001,2,JAS
2001,1.4201296305863509,1.4274286776703224,NE008001,2,JAS
2002,1.2023894158478003,1.206038939389786,NE008001,2,JAS
2003,1.3612221593033156,1.3612221593033151,NE008001,2,JAS
2004,1.0281290175894096,1.0244794940474231,NE008001,2,JAS
2005,1.2155413721121007,1.2082423250281273,NE008001,2,JAS
2006,1.2130806465349715,1.2021320759090122,NE008001,2,JAS
2007,1.3877490203721765,1.3731509262042312,NE008001,2,JAS
2008,1.140453412744502,1.1222057950345707,NE008001,2,JAS
2009,0.8002296058648137,0.7783324646128964,NE008001,2,JAS
2010,1.2974920016695632,1.27194533687566,NE008001,2,JAS
2011,0.8173814810747244,0.7881852927388351,NE008001,2,JAS
2012,1.4508912942634435,1.4180455823855682,NE008001,2,JAS
2013,1.2088542746754256,1.1723590392555643,NE008001,2,JAS
2014,1.459882263680927,1.4197375047190797,NE008001,2,JAS
2015,1.4420089392361564,1.3982146567323221,NE008001,2,JAS
2016,1.3699387127370686,1.3224949066912484,NE008001,2,JAS
2017,1.2604821708298521,1.209388841242046,NE008001,2,JAS
2018,1.2759974476541032,1.221254594524311,NE008001,2,JAS
2019,1.3603001238783976,1.3019077472066194,NE008001,2,JAS
2020,1.526195041600365,1.4641531413866007,NE008001,2,JAS
2021,0.9334426379055436,0.8677512141497934,NE008001,2,JAS
2022,1.2859251712769544,1.2165842239792182,NE008001,2,JAS
2023,1.19573286793388,1.1227423970941577,NE008001,2,JAS
2024,1.5312956829643742,1.4546556885826651,NE008001,2,JAS
2025,1.2814270651086839,1.2011375471849888,NE008001,2,JAS
2026,0.6877527388995207,0.6038136974338396,NE008001,2,JAS
1981,0.766823177831548,0.9057167186660313,NE008001,2,ASO
1982,1.127933623372658,1.260513821441938,NE008001,2,ASO
1983,0.7220164114888384,0.8482832667929151,NE008001,2,ASO
1984,0.5846734112748799,0.7046269238137515,NE008001,2,ASO
1985,1.1995512616524817,1.31319143142615,NE008001,2,ASO
1986,1.0878344322111577,1.1951612592196226,NE008001,2,ASO
1987,0.8089477435705577,0.9099612278138192,NE008001,2,ASO
1988,1.150756775335272,1.2454569168133303,NE008001,2,ASO
1989,1.2519754886355012,1.3403622873483543,NE008001,2,ASO
1990,0.5876205658147665,0.6696940217624162,NE008001,2,ASO
1991,0.7969447398918026,0.8727048530742489,NE008001,2,ASO
1992,0.8326729708205666,0.9021197412378096,NE008001,2,ASO
1993,0.7261283282813551,0.789261755933393,NE008001,2,ASO
1994,1.3386263959491769,1.3954464808360114,NE008001,2,ASO
1995,1.2409943714293925,1.2915011135510237,NE008001,2,ASO
1996,0.8818902215750216,0.9260836209314495,NE008001,2,ASO
1997,1.1523040393637602,1.190184095954983,NE008001,2,ASO
1998,1.0436985787823259,1.0752652926083452,NE008001,2,ASO
1999,1.438430526413323,1.463683897474139,NE008001,2,ASO
2000,0.8048851034220039,0.8238251317176166,NE008001,2,ASO
2001,1.0611270625332019,1.0737537480636112,NE008001,2,ASO
2002,0.914676491898319,0.9209898346635232,NE008001,2,ASO
2003,1.1970324989811185,1.1970324989811194,NE008001,2,ASO
2004,0.7846554411045539,0.7783420983393514,NE008001,2,ASO
2005,0.9934957415918845,0.9808690560614787,NE008001,2,ASO
2006,1.070058322513164,1.051118294217553,NE008001,2,ASO
2007,1.114147962359132,1.0888945912983177,NE008001,2,ASO
2008,1.0403758274479953,1.0088091136219777,NE008001,2,ASO
2009,0.8172321927041435,0.7793521361129225,NE008001,2,ASO
2010,1.083157216163579,1.0389638168071547,NE008001,2,ASO
2011,0.7539948398688129,0.7034880977471835,NE008001,2,ASO
2012,1.1954696036976795,1.1386495188108468,NE008001,2,ASO
2013,1.119263166567259,1.0561297389152229,NE008001,2,ASO
2014,1.3213330066682578,1.2518862362510184,NE008001,2,ASO
2015,1.37633998909406,1.3005798759116154,NE008001,2,ASO
2016,1.0209248456367006,0.9388513896890527,NE008001,2,ASO
2017,1.0471529680417997,0.9587661693289484,NE008001,2,ASO
2018,1.1917033865574858,1.0970032450794311,NE008001,2,ASO
2019,1.2267094577965223,1.1256959735532643,NE008001,2,ASO
2020,1.3831768380653604,1.2758500110568973,NE008001,2,ASO
2021,0.8300688737192985,0.7164287039456321,NE008001,2,ASO
2022,1.1297920071656722,1.0098384946268024,NE008001,2,ASO
2023,1.1291628706476033,1.0028960153435302,NE008001,2,ASO
2024,1.3381535187143332,1.205573320645055,NE008001,2,ASO
2025,1.0795337323697887,0.9406401915353071,NE008001,2,ASO
2026,0.6417164179373195,0.49650953433763456,NE008001,2,ASO
1981,0.30789319093192646,0.354936564025836,NE008001,2,SON
1982,0.7328366696819042,0.7777417076351816,NE008001,2,SON
1983,0.2546460419854741,0.2974127447981194,NE008001,2,SON
1984,0.3628075558348523,0.4034359235068655,NE008001,2,SON
1985,0.5725732912905258,0.611063323821907,NE008001,2,SON
1986,0.6499741793299068,0.6863258767206557,NE008001,2,SON
1987,0.5546926427529689,0.5889060050030859,NE008001,2,SON
1988,0.38120727014814587,0.41328229725762977,NE008001,2,SON
1989,0.6056128049597623,0.6355494969286142,NE008001,2,SON
1990,0.14658142199610535,0.17437977882432504,NE008001,2,SON
1991,-0.08406754178487846,-0.05840752009729083,NE008001,2,SON
1992,0.26375171379737977,0.28727340034433524,NE008001,2,SON
1993,0.31562758013451064,0.337010931540834,NE008001,2,SON
1994,0.7991028264811662,0.8183478427468565,NE008001,2,SON
1995,0.5944586352007604,0.6115653163258186,NE008001,2,SON
1996,0.6503793252239719,0.6653476712083981,NE008001,2,SON
1997,0.4500493384683858,0.46287934931217983,NE008001,2,SON
1998,0.7068220966686474,0.7175137723718092,NE008001,2,SON
1999,0.7365071772582032,0.745060517820733,NE008001,2,SON
2000,0.19938251674977892,0.20579752217167663,NE008001,2,SON
2001,0.589812154918705,0.5940888251999696,NE008001,2,SON
2002,0.40820991940767287,0.4103482545483055,NE008001,2,SON
2003,0.5106186641418189,0.5106186641418193,NE008001,2,SON
2004,0.22151354726774217,0.21937521212711056,NE008001,2,SON
2005,0.40019830685900587,0.39592163657774215,NE008001,2,SON
2006,0.287221871752309,0.2808068663304132,NE008001,2,SON
2007,0.4564533579194194,0.44790001735689056,NE008001,2,SON
2008,0.5047129575817242,0.49402128187856326,NE008001,2,SON
2009,0.25411467460946063,0.2412846637656676,NE008001,2,SON
2010,0.514249559575852,0.4992812135914269,NE008001,2,SON
2011,0.2826691129570367,0.2655624318319794,NE008001,2,SON
2012,0.25441801081727045,0.23517299455158108,NE008001,2,SON
2013,0.31095463583302385,0.2895712844267015,NE008001,2,SON
2014,0.5023966965905216,0.4788750100435671,NE008001,2,SON
2015,0.663513518033829,0.6378534963462423,NE008001,2,SON
2016,0.2539533773518991,0.22615502052368042,NE008001,2,SON
2017,0.3370201195893893,0.30708342762053853,NE008001,2,SON
2018,0.6742729127451438,0.6421978856356609,NE008001,2,SON
2019,0.462136739896571,0.427923377646456,NE008001,2,SON
2020,0.6823393305386711,0.6459876331479231,NE008001,2,SON
2021,0.24838206035110916,0.20989202781972904,NE008001,2,SON
2022,0.6632425840169371,0.6226142163449249,NE008001,2,SON
2023,0.6998755082701044,0.6571088054574601,NE008001,2,SON
2024,0.7962560445344233,0.7513510065811468,NE008001,2,SON
2025,0.5546537957107611,0.5076104226168525,NE008001,2,SON
2026,0.2864319639690759,0.23725025573453434,NE008001,2,SON
1981,0.9461143295787191,1.0529043543188763,NE004003,2,JAS
1982,1.1247862210545674,1.22672215376108,NE004003,2,JAS
1983,0.8548882856488924,0.9519701263217621,NE004003,2,JAS
1984,0.6619190326887359,0.754146781327961,NE004003,2,JAS
1985,1.1953424739313396,1.282716130536922,NE004003,2,JAS
1986,1.0704375710199416,1.152957135591881,NE004003,2,JAS
1987,1.0221085694941903,1.099774042032485,NE004003,2,JAS
1988,1.2322201515832925,1.3050315320879444,NE004003,2,JAS
1989,1.224032661855033,1.2919899503260421,NE004003,2,JAS
1990,1.0094915663147046,1.072594762752069,NE004003,2,JAS
1991,0.9076058149354824,0.9658549193392041,NE004003,2,JAS
1992,1.1655909381397893,1.2189859505098664,NE004003,2,JAS
1993,0.8883776042934869,0.9369185246299211,NE004003,2,JAS
1994,1.3068774313717628,1.3505642596745542,NE004003,2,JAS
1995,0.9699989957404999,1.0088317320096465,NE004003,2,JAS
1996,0.8781064295357569,0.9120850737712608,NE004003,2,JAS
1997,1.0602862321077102,1.0894107843095713,NE004003,2,JAS
1998,1.3763332536241224,1.4006037137923388,NE004003,2,JAS
1999,1.6586737982905086,1.6780901664250822,NE004003,2,JAS
2000,0.8728723261807025,0.8874346022816333,NE004003,2,JAS
2001,1.1090294864949801,1.1187376705622663,NE004003,2,JAS
2002,0.971835727684234,0.9766898197178773,NE004003,2,JAS
2003,1.1049065307251218,1.1049065307251205,NE004003,2,JAS
2004,0.8556858011067794,0.8508317090731352,NE004003,2,JAS
2005,1.0700386674199767,1.0603304833526896,NE004003,2,JAS
2006,1.0283315368359236,1.013769260734992,NE004003,2,JAS
2007,1.1280379604154984,1.108621592280924,NE004003,2,JAS
2008,1.0324725576706701,1.0082020975024528,NE004003,2,JAS
2009,0.7657394652312461,0.7366149130293842,NE004003,2,JAS
2010,1.3253106549901155,1.2913320107546107,NE004003,2,JAS
2011,1.016083963298677,0.9772512270295293,NE004003,2,JAS
2012,1.1208929928711648,1.0772061645683726,NE004003,2,JAS
2013,1.0063493880852195,0.9578084677487844,NE004003,2,JAS
2014,1.2941467460674567,1.240751733697377,NE004003,2,JAS
2015,1.202155596912835,1.1439064925091125,NE004003,2,JAS
2016,1.1588379001043816,1.0957347036670162,NE004003,2,JAS
2017,1.1516053073312955,1.0836480188602855,NE004003,2,JAS
2018,1.1673644473851226,1.0945530668804697,NE004003,2,JAS
2019,1.332168162775989,1.2545026902376932,NE004003,2,JAS
2020,1.4829331447071987,1.4004135801352584,NE004003,2,JAS
2021,0.8657317644782493,0.7783581078726661,NE004003,2,JAS
2022,1.2162826251606385,1.1240548765214124,NE004003,2,JAS
2023,0.8334006976856577,0.7363188570127871,NE004003,2,JAS
2024,1.9031431327068584,1.801207200000345,NE004003,2,JAS
2025,1.0271161699993867,0.9203261452592286,NE004003,2,JAS
2026,0.5645551298302951,0.45291101305649417,NE004003,2,JAS
1981,0.571508905018864,0.7064550388991823,NE004003,2,ASO
1982,1.0120287355571604,1.1408409542610993,NE004003,2,ASO
1983,0.5928169644189001,0.7154952679464616,NE004003,2,ASO
1984,0.4860451527008852,0.6025895410520692,NE004003,2,ASO
1985,1.0135246242158404,1.123935097390647,NE004003,2,ASO
1986,0.8434832602626227,0.9477598182610498,NE004003,2,ASO
1987,0.8831546247151616,0.9812972675372112,NE004003,2,ASO
1988,1.0397523297324058,1.1317610573780779,NE004003,2,ASO
1989,1.027587645316064,1.113462457785357,NE004003,2,ASO
1990,0.5886911604932525,0.6684320577861679,NE004003,2,ASO
1991,0.7107094399107421,0.7843164220272799,NE004003,2,ASO
1992,0.9412072835465455,1.008680350486706,NE004003,2,ASO
1993,0.6892587550817058,0.7505979068454868,NE004003,2,ASO
1994,1.1821088124053425,1.2373140489927459,NE004003,2,ASO
1995,0.8167932828729306,0.8658646042839566,NE004003,2,ASO
1996,0.717402818820602,0.7603402250552487,NE004003,2,ASO
1997,0.9511821601914954,0.9879856512497646,NE004003,2,ASO
1998,1.2182685758571083,1.248938151739,NE004003,2,ASO
1999,1.5358948130570909,1.5604304737626031,NE004003,2,ASO
2000,0.49816632152772244,0.5165680670568573,NE004003,2,ASO
2001,0.7225445758452372,0.7348124061979946,NE004003,2,ASO
2002,0.7017367762350604,0.7078706914114402,NE004003,2,ASO
2003,0.9478246456806441,0.9478246456806446,NE004003,2,ASO
2004,0.7124217685936465,0.7062878534172695,NE004003,2,ASO
2005,0.7784283838399475,0.766160553487193,NE004003,2,ASO
2006,0.8489572939653312,0.8305555484361974,NE004003,2,ASO
2007,0.9517129291415635,0.9271772684360522,NE004003,2,ASO
2008,0.8890776677655178,0.858408091883629,NE004003,2,ASO
2009,0.6414030616980375,0.6045995706397712,NE004003,2,ASO
2010,1.1097879551902092,1.0668505489555637,NE004003,2,ASO
2011,0.8795495234106546,0.8304782019996315,NE004003,2,ASO
2012,0.9640977073426008,0.9088924707552002,NE004003,2,ASO
2013,0.8988379419629903,0.8374987901992104,NE004003,2,ASO
2014,1.065904925970567,0.9984318590304097,NE004003,2,ASO
2015,1.0885677966977614,1.0149608145812263,NE004003,2,ASO
2016,0.8104621489899744,0.7307212516970601,NE004003,2,ASO
2017,0.9108460085916703,0.8249711961223786,NE004003,2,ASO
2018,0.9854386915397354,0.8934299638940661,NE004003,2,ASO
2019,1.2011104617087454,1.1029678188866985,NE004003,2,ASO
2020,1.3312503102365594,1.2269737522381332,NE004003,2,ASO
2021,0.40889783352677667,0.2984873603519731,NE004003,2,ASO
2022,1.0727030069589027,0.9561586186077217,NE004003,2,ASO
2023,0.8222074455946478,0.6995291420670874,NE004003,2,ASO
2024,1.846851722642937,1.718039503938999,NE004003,2,ASO
2025,0.8323705970274217,0.6974244631471063,NE004003,2,ASO
2026,0.5299497970669997,0.38886974801030505,NE004003,2,ASO
1981,0.15756211394134853,0.20083918663741493,NE004003,2,SON
1982,0.5186036498496207,0.5599135828776841,NE004003,2,SON
1983,0.17231018839784484,0.21165298175790526,NE004003,2,SON
1984,0.18846204281937146,0.22583769651142888,NE004003,2,SON
1985,0.5225862788623084,0.5579947928863628,NE004003,2,SON
1986,0.47780040411434244,0.5112417784703939,NE004003,2,SON
1987,0.3614699149419999,0.39294414963004837,NE004003,2,SON
1988,0.2913388194377279,0.32084591445777333,NE004003,2,SON
1989,0.455450495253199,0.48299045060524143,NE004003,2,SON
1990,0.1378482805557137,0.16342109623975315,NE004003,2,SON
1991,-0.02260969038592686,0.0009959856301096082,NE004003,2,SON
1992,0.32167656156724517,0.34331509791527864,NE004003,2,SON
1993,0.14605789595168994,0.16572929263172043,NE004003,2,SON
1994,0.8974351719372606,0.9151394289492881,NE004003,2,SON
1995,0.34865744002986687,0.36439455737389137,NE004003,2,SON
1996,0.4020012925601086,0.4157712702361301,NE004003,2,SON
1997,0.3686344986639936,0.3804373366720121,NE004003,2,SON
1998,0.821712692293235,0.8315483906332505,NE004003,2,SON
1999,0.7413773278811486,0.7492458865531612,NE004003,2,SON
2000,0.041191548426093405,0.04709296743010294,NE004003,2,SON
2001,0.4081794854551643,0.41211376479117084,NE004003,2,SON
2002,0.22525901346776084,0.22722615313576439,NE004003,2,SON
2003,0.39573832159023176,0.3957383215902323,NE004003,2,SON
2004,0.15554368919898112,0.15357654953097868,NE004003,2,SON
2005,0.3108802092463819,0.30694592991037645,NE004003,2,SON
2006,0.40395690480999696,0.39805548580598854,NE004003,2,SON
2007,0.40547366087959696,0.39760510220758555,NE004003,2,SON
2008,0.48476987708030045,0.47493417874028604,NE004003,2,SON
2009,0.2193669164843024,0.207564078476285,NE004003,2,SON
2010,0.5107972296575676,0.4970272519815472,NE004003,2,SON
2011,0.24486465969203758,0.2291275423480142,NE004003,2,SON
2012,0.09752059383088652,0.07981633681886013,NE004003,2,SON
2013,0.23274224569255944,0.21307084901253007,NE004003,2,SON
2014,0.4601789067385238,0.43854037039049143,NE004003,2,SON
2015,0.5831772793536167,0.5595716033375814,NE004003,2,SON
2016,0.2457074876043633,0.22013467192032452,NE004003,2,SON
2017,0.0641218310868451,0.036581875734803315,NE004003,2,SON
2018,0.4612174820860274,0.43171038706598264,NE004003,2,SON
2019,0.3595704972667251,0.3280962625786773,NE004003,2,SON
2020,0.42980875343643,0.3963673790803792,NE004003,2,SON
2021,0.1649436495065082,0.12953513548245443,NE004003,2,SON
2022,0.5075757276080554,0.4702000739159986,NE004003,2,SON
2023,0.31996040467583414,0.2806176113157744,NE004003,2,SON
2024,0.8717281330575912,0.8304182000295285,NE004003,2,SON
2025,0.5220630382791003,0.47878596558303455,NE004003,2,SON
2026,0.25775188956471373,0.212507677200645,NE004003,2,SON
1981,1.3633130855436386,1.5029105118208872,NE003004,2,JAS
1982,1.4289846743164425,1.5622367630356335,NE003004,2,JAS
1983,1.0633162069139461,1.1902229580750814,NE003004,2,JAS
1984,0.9286528704437906,1.0492142840468683,NE003004,2,JAS
1985,1.5167047016176103,1.6309207776626322,NE003004,2,JAS
1986,1.538459909092059,1.6463306475790234,NE003004,2,JAS
1987,1.2306455161195389,1.3321709170484475,NE003004,2,JAS
1988,1.5090652625981096,1.6042453259689606,NE003004,2,JAS
1989,1.6798952877252409,1.7687300135380362,NE003004,2,JAS
1990,1.0629440905732253,1.145433478827963,NE003004,2,JAS
1991,1.4041681424343588,1.4803121931310408,NE003004,2,JAS
1992,1.476895472574948,1.5466941857135723,NE003004,2,JAS
1993,1.229408293109965,1.2928616686905336,NE003004,2,JAS
1994,1.590927324637319,1.64803536265983,NE003004,2,JAS
1995,1.5188391338461043,1.5696018343105596,NE003004,2,JAS
1996,1.3464533948210722,1.39087075772747,NE003004,2,JAS
1997,1.1355873727958392,1.1736593981441812,NE003004,2,JAS
1998,1.631403703835421,1.6631303916257054,NE003004,2,JAS
1999,1.7329794284221416,1.7583607786543702,NE003004,2,JAS
2000,1.228734759678657,1.2477707723528282,NE003004,2,JAS
2001,1.6547978092202604,1.6674884843363758,NE003004,2,JAS
2002,1.4518711260015107,1.4582164635595685,NE003004,2,JAS
2003,1.5291931535502836,1.5291931535502856,NE003004,2,JAS
2004,1.3048242506410328,1.2984789130829772,NE003004,2,JAS
2005,1.3667240371499731,1.3540333620338618,NE003004,2,JAS
2006,1.4291818940746814,1.4101458814005126,NE003004,2,JAS
2007,1.5924206631562876,1.567039312924063,NE003004,2,JAS
2008,1.3983994971974685,1.3666728094071863,NE003004,2,JAS
2009,1.3160109982712513,1.2779389729229134,NE003004,2,JAS
2010,1.5711931156858112,1.5267757527794157,NE003004,2,JAS
2011,1.115433366274258,1.0646706658098066,NE003004,2,JAS
2012,1.6266121270031206,1.5695040889806118,NE003004,2,JAS
2013,1.4599164258474875,1.3964630502669229,NE003004,2,JAS
2014,1.7408773362155108,1.6710786230768886,NE003004,2,JAS
2015,1.6603740125708535,1.5842299618741755,NE003004,2,JAS
2016,1.6726541565184472,1.5901647682637117,NE003004,2,JAS
2017,1.364827414772258,1.2759926889594668,NE003004,2,JAS
2018,1.521039744547226,1.425859681176377,NE003004,2,JAS
2019,1.5662928736036283,1.4647674726747237,NE003004,2,JAS
2020,1.6442223312743374,1.5363515927873752,NE003004,2,JAS
2021,1.3512042515596483,1.2369881755146304,NE003004,2,JAS
2022,1.6743389290915627,1.5537775154884872,NE003004,2,JAS
2023,1.3165452560546307,1.1896385048934994,NE003004,2,JAS
2024,1.8252639593800872,1.6920118706608984,NE003004,2,JAS
2025,1.66051955295691,1.5209221266796653,NE003004,2,JAS
2026,0.8117446033160619,0.6658018394807598,NE003004,2,JAS
1981,1.033164508750271,1.2103524409592976,NE003004,2,ASO
1982,1.1845493116015533,1.3536832468919893,NE003004,2,ASO
1983,0.770694000794137,0.9317739391659805,NE003004,2,ASO
1984,0.8022805071561181,0.9553064486093692,NE003004,2,ASO
1985,1.3062508259008985,1.4512227704355571,NE003004,2,ASO
1986,1.2639851012351149,1.400903048851181,NE003004,2,ASO
1987,1.1400625551627022,1.268926505860176,NE003004,2,ASO
1988,1.2109172304499474,1.3317271842288305,NE003004,2,ASO
1989,1.497671680442643,1.610427637302932,NE003004,2,ASO
1990,0.7830831759891164,0.8877851359308147,NE003004,2,ASO
1991,0.9898607334587652,1.0865086964818693,NE003004,2,ASO
1992,1.268961395922429,1.3575553620269425,NE003004,2,ASO
1993,0.9398779591240447,1.0204179283099675,NE003004,2,ASO
1994,1.452563238395335,1.5250492106626636,NE003004,2,ASO
1995,1.3444428751724493,1.4088748505211872,NE003004,2,ASO
1996,1.199447558481449,1.2558255369115927,NE003004,2,ASO
1997,1.0464351267249778,1.0947591082365309,NE003004,2,ASO
1998,1.3897260860977687,1.4299960706907275,NE003004,2,ASO
1999,1.6275341157798588,1.659750103454227,NE003004,2,ASO
2000,0.9163923782763086,0.9405543690320861,NE003004,2,ASO
2001,1.2244743207438684,1.2405823145810517,NE003004,2,ASO
2002,1.1971397375640973,1.20519373448269,NE003004,2,ASO
2003,1.3892347756508696,1.389234775650868,NE003004,2,ASO
2004,1.0968945791851055,1.0888405822665133,NE003004,2,ASO
2005,1.110000558426153,1.0938925645889666,NE003004,2,ASO
2006,1.1869509101687865,1.1627889194130094,NE003004,2,ASO
2007,1.4040762668037474,1.3718602791293797,NE003004,2,ASO
2008,1.231067842215722,1.19079785762276,NE003004,2,ASO
2009,1.227453481476854,1.1791294999653015,NE003004,2,ASO
2010,1.3329097355445034,1.2765317571143566,NE003004,2,ASO
2011,1.0188427133335458,0.9544107379848084,NE003004,2,ASO
2012,1.405075479892646,1.3325895076253143,NE003004,2,ASO
2013,1.3293831012118251,1.2488431320259028,NE003004,2,ASO
2014,1.6029463133922728,1.5143523472877598,NE003004,2,ASO
2015,1.5862868588892605,1.4896388958661533,NE003004,2,ASO
2016,1.3687928937230829,1.264090933781385,NE003004,2,ASO
2017,1.1142879383283895,1.0015319814680974,NE003004,2,ASO
2018,1.4368282958455512,1.3160183420666685,NE003004,2,ASO
2019,1.455174596429307,1.32631064573183,NE003004,2,ASO
2020,1.5265774120262328,1.3896594644101652,NE003004,2,ASO
2021,1.118325573570455,0.9733536290357967,NE003004,2,ASO
2022,1.4974310656816694,1.344405124228417,NE003004,2,ASO
2023,1.2210278398453112,1.059947901473468,NE003004,2,ASO
2024,1.552252265818328,1.3831183305278907,NE003004,2,ASO
2025,1.3479507039608531,1.1707627717518252,NE003004,2,ASO
2026,0.9131986057569919,0.7279566766293697,NE003004,2,ASO
1981,0.4008430430013926,0.4482328515321411,NE003004,2,SON
1982,0.7188780832786319,0.764113809603437,NE003004,2,SON
1983,0.33503207921118844,0.37811372333005105,NE003004,2,SON
1984,0.5287884917509635,0.5697160536638828,NE003004,2,SON
1985,0.6772607406647843,0.7160342203717601,NE003004,2,SON
1986,0.8915252700708196,0.928144667571853,NE003004,2,SON
1987,0.7597231955456301,0.7941885108407201,NE003004,2,SON
1988,0.46846238563961184,0.5007736187287585,NE003004,2,SON
1989,0.8393109802609968,0.869468131144201,NE003004,2,SON
1990,0.3002142791016496,0.3282173477789104,NE003004,2,SON
1991,0.14260382865021537,0.16845281512153276,NE003004,2,SON
1992,0.4490459795719772,0.47274088383735124,NE003004,2,SON
1993,0.46399415655887855,0.4855349786183101,NE003004,2,SON
1994,0.9262392999481555,0.9456260398016436,NE003004,2,SON
1995,0.7231056974950734,0.7403383551426181,NE003004,2,SON
1996,0.7970313761858628,0.8121099516274651,NE003004,2,SON
1997,0.5832794616988924,0.5962039549345514,NE003004,2,SON
1998,0.835494789825511,0.8462652008552265,NE003004,2,SON
1999,0.8962922257310999,0.904908554554873,NE003004,2,SON
2000,0.3545766519148435,0.3610388985326732,NE003004,2,SON
2001,0.7032533887760031,0.7075615531878894,NE003004,2,SON
2002,0.6474359059693207,0.6495899881752645,NE003004,2,SON
2003,0.5927487509606502,0.5927487509606506,NE003004,2,SON
2004,0.3522085241757233,0.35005444196978036,NE003004,2,SON
2005,0.5283897239662285,0.5240815595543431,NE003004,2,SON
2006,0.417234454171992,0.4107722075541632,NE003004,2,SON
2007,0.6393650325983526,0.6307487037745805,NE003004,2,SON
2008,0.7051392735713371,0.6943688625416216,NE003004,2,SON
2009,0.5927230300642202,0.5797985368285622,NE003004,2,SON
2010,0.6836891244742568,0.6686105490326554,NE003004,2,SON
2011,0.4345839783766735,0.4173513207291287,NE003004,2,SON
2012,0.3642966252176345,0.34490988536414724,NE003004,2,SON
2013,0.4278544421159294,0.40631362005649874,NE003004,2,SON
2014,0.6501295474680511,0.626434643202677,NE003004,2,SON
2015,0.9122406197947649,0.8863916333234484,NE003004,2,SON
2016,0.5697743302178282,0.5417712615405683,NE003004,2,SON
2017,0.4393909966625892,0.40923384577938593,NE003004,2,SON
2018,0.8266345237469193,0.7943232906577735,NE003004,2,SON
2019,0.6204272526847311,0.585961937389642,NE003004,2,SON
2020,0.7810436732249635,0.744424275723931,NE003004,2,SON
2021,0.33120557369957104,0.29243209399259606,NE003004,2,SON
2022,0.7968431611904789,0.7559155992775606,NE003004,2,SON
2023,0.7791214488290675,0.7360398047102058,NE003004,2,SON
2024,0.8565207978465507,0.8112850715217456,NE003004,2,SON
2025,0.6596971037674062,0.6123072952366586,NE003004,2,SON
2026,0.4112421349476928,0.36169824421100183,NE003004,2,SON
1981,1.4759129549136991,1.6042620554695524,NE003002,2,JAS
1982,1.5099943320170557,1.6325093825476413,NE003002,2,JAS
1983,1.1333736448731457,1.2500546453784656,NE003002,2,JAS
1984,1.0446617542028933,1.1555087046829473,NE003002,2,JAS
1985,1.625539339793423,1.7305522402482112,NE003002,2,JAS
1986,1.5657526638078467,1.664931514237369,NE003002,2,JAS
1987,1.3128076859511586,1.4061524863554151,NE003002,2,JAS
1988,1.6408192868130682,1.728330037192059,NE003002,2,JAS
1989,1.7982880681717681,1.879964768525493,NE003002,2,JAS
1990,1.20378769214138,1.2796303424698372,NE003002,2,JAS
1991,1.4777596706027476,1.547768270905939,NE003002,2,JAS
1992,1.6092149394984565,1.6733894897763821,NE003002,2,JAS
1993,1.335714176820902,1.3940546770735618,NE003002,2,JAS
1994,1.6856643659479806,1.7381708161753746,NE003002,2,JAS
1995,1.6919863232869858,1.738658723489114,NE003002,2,JAS
1996,1.5170189807665333,1.5578573309433956,NE003002,2,JAS
1997,1.2431336810185538,1.2781379811701503,NE003002,2,JAS
1998,1.7873772468242914,1.8165474969506203,NE003002,2,JAS
1999,1.833573375771381,1.856909575872444,NE003002,2,JAS
2000,1.4243368320068814,1.4418389820826787,NE003002,2,JAS
2001,1.716235570515883,1.7279036705664144,NE003002,2,JAS
2002,1.5949499507470655,1.600784000772331,NE003002,2,JAS
2003,1.65772160963914,1.6577216096391398,NE003002,2,JAS
2004,1.4857608807766538,1.4799268307513878,NE003002,2,JAS
2005,1.455776801474517,1.444108701423985,NE003002,2,JAS
2006,1.5380769419336902,1.5205747918578907,NE003002,2,JAS
2007,1.6366217343542206,1.6132855342531554,NE003002,2,JAS
2008,1.5009781542630594,1.4718079041367282,NE003002,2,JAS
2009,1.4890274966477124,1.4540231964961154,NE003002,2,JAS
2010,1.6708653227935035,1.6300269726166408,NE003002,2,JAS
2011,1.2334839816625778,1.1868115814604492,NE003002,2,JAS
2012,1.6395389616889455,1.587032511461551,NE003002,2,JAS
2013,1.5837848751266512,1.5254443748739892,NE003002,2,JAS
2014,1.8219381198598703,1.7577635695819425,NE003002,2,JAS
2015,1.7489633190580467,1.678954718754853,NE003002,2,JAS
2016,1.7500698794441656,1.674227229115706,NE003002,2,JAS
2017,1.4338108954620763,1.352134195108351,NE003002,2,JAS
2018,1.6230822795482247,1.5355715291692336,NE003002,2,JAS
2019,1.6860222274103929,1.592677427006136,NE003002,2,JAS
2020,1.731688362908657,1.6325095124791342,NE003002,2,JAS
2021,1.4338159074005974,1.328803006945807,NE003002,2,JAS
2022,1.8603225596675925,1.7494756091875363,NE003002,2,JAS
2023,1.4009745666062785,1.2842935661009565,NE003002,2,JAS
2024,1.8493157458628018,1.726800695332214,NE003002,2,JAS
2025,1.7120633290551346,1.583714228499281,NE003002,2,JAS
2026,0.9940991074226118,0.8599159568414922,NE003002,2,JAS
1981,1.151881627106828,1.3204183291930534,NE003002,2,ASO
1982,1.285312503186517,1.4461884460870045,NE003002,2,ASO
1983,0.7881385378764527,0.9413537215912025,NE003002,2,ASO
1984,0.8942158340918109,1.0397702586208228,NE003002,2,ASO
1985,1.3843097721894968,1.5222034375327727,NE003002,2,ASO
1986,1.323658152430866,1.453891058588404,NE003002,2,ASO
1987,1.227674225811164,1.350246372782964,NE003002,2,ASO
1988,1.2966452436979994,1.4115566314840617,NE003002,2,ASO
1989,1.5842198201108986,1.691470448711223,NE003002,2,ASO
1990,0.9494091342332833,1.0489990036478718,NE003002,2,ASO
1991,1.0925213160715948,1.1844504263004454,NE003002,2,ASO
1992,1.403505466423527,1.4877738174666397,NE003002,2,ASO
1993,1.0439317112618165,1.1205393031191915,NE003002,2,ASO
1994,1.563851271590057,1.6327981042616941,NE003002,2,ASO
1995,1.529020112718267,1.590306186204168,NE003002,2,ASO
1996,1.3739259912318869,1.4275513055320501,NE003002,2,ASO
1997,1.1006943511460232,1.1466589062604486,NE003002,2,ASO
1998,1.555962091628159,1.5942658875568465,NE003002,2,ASO
1999,1.6867287664412594,1.717371803184211,NE003002,2,ASO
2000,1.0734189312672204,1.0964012088244341,NE003002,2,ASO
2001,1.3003001379414407,1.3156216563129166,NE003002,2,ASO
2002,1.3621879228991265,1.3698486820848645,NE003002,2,ASO
2003,1.4905335546929035,1.4905335546929037,NE003002,2,ASO
2004,1.3176294521507088,1.309968692964973,NE003002,2,ASO
2005,1.1625637104402156,1.147242192068742,NE003002,2,ASO
2006,1.2861110949745453,1.2631288174173338,NE003002,2,ASO
2007,1.4698973723048534,1.439254335561904,NE003002,2,ASO
2008,1.2731868911313975,1.2348830952027103,NE003002,2,ASO
2009,1.3885711242386667,1.3426065691242435,NE003002,2,ASO
2010,1.456987146236081,1.40336183193592,NE003002,2,ASO
2011,1.1650941354058444,1.1038080619199455,NE003002,2,ASO
2012,1.4142136200281845,1.3452667873565478,NE003002,2,ASO
2013,1.4434860608521063,1.3668784689947335,NE003002,2,ASO
2014,1.673586686808532,1.5893183357654215,NE003002,2,ASO
2015,1.6614239032653597,1.5694947930365113,NE003002,2,ASO
2016,1.4399536602294392,1.340363790814853,NE003002,2,ASO
2017,1.1737799295969684,1.0665293009966443,NE003002,2,ASO
2018,1.5342795462346501,1.41936815844859,NE003002,2,ASO
2019,1.572083957354553,1.4495118103827551,NE003002,2,ASO
2020,1.598778854573761,1.468545948416225,NE003002,2,ASO
2021,1.2020356462256583,1.0641419808823847,NE003002,2,ASO
2022,1.657755411656359,1.5122009871273476,NE003002,2,ASO
2023,1.3126227395896495,1.159407555874902,NE003002,2,ASO
2024,1.5593916989881877,1.3985157560877024,NE003002,2,ASO
2025,1.4432362281754028,1.2746995260891796,NE003002,2,ASO
2026,1.054663464272372,0.878466003000411,NE003002,2,ASO
1981,0.48048952029783254,0.5423851063665718,NE003002,2,SON
1982,0.7763184334299452,0.8354005837682872,NE003002,2,SON
1983,0.35343819467879567,0.40970690928674036,NE003002,2,SON
1984,0.5699660924222386,0.623421371299786,NE003002,2,SON
1985,0.6872770436901533,0.7379188868373034,NE003002,2,SON
1986,0.9591513130361955,1.0069797204529483,NE003002,2,SON
1987,0.8515883424649637,0.8966033141513193,NE003002,2,SON
1988,0.5351432289728888,0.5773447649288471,NE003002,2,SON
1989,0.9486270861536031,0.9880151863791642,NE003002,2,SON
1990,0.3933994399163974,0.4299741044115612,NE003002,2,SON
1991,0.22264934147633553,0.25641057024110203,NE003002,2,SON
1992,0.5279260677700645,0.5588738608044337,NE003002,2,SON
1993,0.5498119164087333,0.5779462737127052,NE003002,2,SON
1994,1.0238692252567287,1.0491901468303033,NE003002,2,SON
1995,0.8154671404821008,0.8379746263252782,NE003002,2,SON
1996,0.876907342911325,0.8966013930241051,NE003002,2,SON
1997,0.6276719640129718,0.6445525783953546,NE003002,2,SON
1998,0.897357683512334,0.9114248621643196,NE003002,2,SON
1999,1.0029640010461423,1.0142177439677305,NE003002,2,SON
2000,0.43593651798686156,0.4443768251780526,NE003002,2,SON
2001,0.8022892452307204,0.8079161166915142,NE003002,2,SON
2002,0.7780248071907083,0.7808382429211048,NE003002,2,SON
2003,0.6528823915922917,0.6528823915922909,NE003002,2,SON
2004,0.42943235358539855,0.4266189178550005,NE003002,2,SON
2005,0.5790052404825425,0.5733783690217472,NE003002,2,SON
2006,0.48298997088055007,0.47454966368935747,NE003002,2,SON
2007,0.7569435676470857,0.7456898247254958,NE003002,2,SON
2008,0.7829597325688021,0.768892553916815,NE003002,2,SON
2009,0.7693107495337252,0.7524301351513408,NE003002,2,SON
2010,0.8150725283840818,0.7953784782713001,NE003002,2,SON
2011,0.5402461815491806,0.5177386957060016,NE003002,2,SON
2012,0.4197969458569492,0.394476024283373,NE003002,2,SON
2013,0.5249082096347426,0.4967738523307691,NE003002,2,SON
2014,0.7633347766046528,0.732386983570282,NE003002,2,SON
2015,1.023411739982796,0.9896505112180279,NE003002,2,SON
2016,0.6609696130175531,0.6243949485223877,NE003002,2,SON
2017,0.5021673996297569,0.46277929940419427,NE003002,2,SON
2018,0.9143113785530816,0.8721098425971218,NE003002,2,SON
2019,0.7027371824439295,0.6577222107575723,NE003002,2,SON
2020,0.8658839405802188,0.8180555331634644,NE003002,2,SON
2021,0.3652029710346547,0.314561127887503,NE003002,2,SON
2022,0.9262380395932417,0.8727827607156927,NE003002,2,SON
2023,0.853989177191216,0.7977204625832698,NE003002,2,SON
2024,0.9192075599543483,0.8601254096160048,NE003002,2,SON
2025,0.7488536322638684,0.6869580461951276,NE003002,2,SON
2026,0.46908719192911585,0.4043781701299778,NE003002,2,SON
1981,0.9689696196389458,1.0186104136481817,NE007004,2,JAS
1982,1.158851680741512,1.206236075023056,NE007004,2,JAS
1983,0.9852083292125579,1.0303363237664094,NE007004,2,JAS
1984,0.5664036409656801,0.6092752357918387,NE007004,2,JAS
1985,1.2753191165872857,1.3159343116857516,NE007004,2,JAS
1986,1.017912633185024,1.056271428555798,NE007004,2,JAS
1987,1.1644083909372376,1.2005107865803188,NE007004,2,JAS
1988,1.428205345397429,1.4620513413128176,NE007004,2,JAS
1989,1.3282060111210467,1.3597956073087425,NE007004,2,JAS
1990,1.076893325805244,1.1062265222652479,NE007004,2,JAS
1991,1.133612167207867,1.160688963940178,NE007004,2,JAS
1992,1.2286029488572092,1.2534233458618276,NE007004,2,JAS
1993,0.9214456135606276,0.9440096108375532,NE007004,2,JAS
1994,1.5507971643942033,1.571104761943437,NE007004,2,JAS
1995,1.0980442299587172,1.1160954277802582,NE007004,2,JAS
1996,0.8838107302780672,0.8996055283719154,NE007004,2,JAS
1997,0.8889984455501982,0.9025368439163537,NE007004,2,JAS
1998,1.489758027889356,1.5010400265278188,NE007004,2,JAS
1999,1.604147681621867,1.6131732805326378,NE007004,2,JAS
2000,0.9590390061942773,0.9658082053773553,NE007004,2,JAS
2001,1.0769237836956755,1.0814365831510608,NE007004,2,JAS
2002,1.0052743327165978,1.0075307324442904,NE007004,2,JAS
2003,1.0976314911288192,1.0976314911288199,NE007004,2,JAS
2004,0.9530708947942909,0.9508144950665988,NE007004,2,JAS
2005,1.1730445400159755,1.1685317405605906,NE007004,2,JAS
2006,1.0518599926895111,1.0450907935064335,NE007004,2,JAS
2007,1.2038545633899485,1.194828964479179,NE007004,2,JAS
2008,1.1305675391112548,1.1192855404727926,NE007004,2,JAS
2009,0.8153808929639426,0.8018424945977876,NE007004,2,JAS
2010,1.4183863928231695,1.4025915947293217,NE007004,2,JAS
2011,0.9714721639700119,0.9534209661484714,NE007004,2,JAS
2012,0.9652780648667987,0.9449704673175663,NE007004,2,JAS
2013,1.0337277406963377,1.0111637434194125,NE007004,2,JAS
2014,1.1958795621336344,1.1710591651290165,NE007004,2,JAS
2015,1.2273535075556474,1.2002767108233368,NE007004,2,JAS
2016,1.3184383688233303,1.2891051723633278,NE007004,2,JAS
2017,1.1348415455655976,1.1032519493779023,NE007004,2,JAS
2018,1.232371699754865,1.198525703839477,NE007004,2,JAS
2019,1.3563475397016183,1.3202451440585374,NE007004,2,JAS
2020,1.1478766977669232,1.1095179023961506,NE007004,2,JAS
2021,1.0675872929725232,1.0269720978740577,NE007004,2,JAS
2022,1.1310033232993744,1.0881317284732162,NE007004,2,JAS
2023,0.9113620737143537,0.8662340791605028,NE007004,2,JAS
2024,1.6713935211596147,1.624009126878071,NE007004,2,JAS
2025,1.0666193152096142,1.0169785212003786,NE007004,2,JAS
2026,0.6094969747445371,0.5575997810076088,NE007004,2,JAS
1981,0.5526889745313477,0.6465868154619409,NE007004,2,ASO
1982,1.0594749611264707,1.1491047183784002,NE007004,2,ASO
1983,0.628704027910735,0.7140657014840007,NE007004,2,ASO
1984,0.44232907233278174,0.5234226622273838,NE007004,2,ASO
1985,1.0752789865644667,1.152104492780405,NE007004,2,ASO
1986,0.8109462144192342,0.8835036369565106,NE007004,2,ASO
1987,0.9836425462761602,1.0519318851347728,NE007004,2,ASO
1988,1.1872922442097555,1.2513134993897044,NE007004,2,ASO
1989,1.1203456215212462,1.1800987930225313,NE007004,2,ASO
1990,0.7183339696055182,0.7738190574281415,NE007004,2,ASO
1991,0.875137652240376,0.9263546563843356,NE007004,2,ASO
1992,0.9813681010925077,1.0283170215578035,NE007004,2,ASO
1993,0.7570292644149925,0.7997101012016247,NE007004,2,ASO
1994,1.3699494949600723,1.4083622480680424,NE007004,2,ASO
1995,0.9027286122223603,0.9368732816516668,NE007004,2,ASO
1996,0.7268800250316408,0.7567566107822836,NE007004,2,ASO
1997,0.7314173437664373,0.7570258458384164,NE007004,2,ASO
1998,1.210174753928678,1.2315151723219935,NE007004,2,ASO
1999,1.3568424385958884,1.373914773310542,NE007004,2,ASO
2000,0.49498053985637386,0.5077847908923636,NE007004,2,ASO
2001,0.8100775531957696,0.8186137205530956,NE007004,2,ASO
2002,0.7148078462007472,0.7190759298794095,NE007004,2,ASO
2003,0.8768528069532732,0.8768528069532735,NE007004,2,ASO
2004,0.7133098522637022,0.7090417685850389,NE007004,2,ASO
2005,0.9102351521587561,0.901698984801429,NE007004,2,ASO
2006,0.8988364155469926,0.8860321645110018,NE007004,2,ASO
2007,1.0108010601341177,0.993728725419465,NE007004,2,ASO
2008,0.9986337941312258,0.9772933757379093,NE007004,2,ASO
2009,0.7756667180585101,0.7500582159865299,NE007004,2,ASO
2010,1.074693547744257,1.0448169619936132,NE007004,2,ASO
2011,0.8257882284252593,0.7916435589959517,NE007004,2,ASO
2012,0.7535676748723281,0.7151549217643586,NE007004,2,ASO
2013,0.9331499795503752,0.8904691427637419,NE007004,2,ASO
2014,1.0451114822099348,0.9981625617446378,NE007004,2,ASO
2015,1.0925649439444616,1.041347939800501,NE007004,2,ASO
2016,0.9993450055206374,0.9438599176980148,NE007004,2,ASO
2017,0.9310098753960376,0.8712567038947513,NE007004,2,ASO
2018,1.0887107014354693,1.0246894462555192,NE007004,2,ASO
2019,1.2268373843253466,1.1585480454667327,NE007004,2,ASO
2020,0.9919152606478612,0.9193578381105855,NE007004,2,ASO
2021,0.6403426042861279,0.5635170980701885,NE007004,2,ASO
2022,0.977578419716982,0.8964848298223789,NE007004,2,ASO
2023,0.923303196731173,0.8379415231579062,NE007004,2,ASO
2024,1.5579312212330199,1.4683014639810894,NE007004,2,ASO
2025,0.853858914214109,0.7599610732835165,NE007004,2,ASO
2026,0.5805269466844546,0.4823610220751984,NE007004,2,ASO
1981,0.1261915911424098,0.14622668594678123,NE007004,2,SON
1982,0.2553670697195184,0.27449147839641835,NE007004,2,SON
1983,0.1624803874914054,0.1806941100408341,NE007004,2,SON
1984,0.18878676998626617,0.2060898064082234,NE007004,2,SON
1985,0.47732944298031305,0.4937217932747988,NE007004,2,SON
1986,0.3338513644596389,0.34933302862665344,NE007004,2,SON
1987,0.40036680795800095,0.414937785997544,NE007004,2,SON
1988,0.30731658409900464,0.3209768760110762,NE007004,2,SON
1989,0.4130487119827175,0.4257983177673176,NE007004,2,SON
1990,0.27146758796735154,0.2833065076244804,NE007004,2,SON
1991,0.0835176184065422,0.09444585193619959,NE007004,2,SON
1992,0.4436302472745973,0.45364779467678323,NE007004,2,SON
1993,0.20496003536119375,0.2140668966359082,NE007004,2,SON
1994,0.7890571767020209,0.7972533518492642,NE007004,2,SON
1995,0.30227489375424355,0.30956038277401526,NE007004,2,SON
1996,0.3493849085118467,0.35575971140414697,NE007004,2,SON
1997,0.2694381264789489,0.2749022432437779,NE007004,2,SON
1998,0.7089989766592972,0.7135524072966548,NE007004,2,SON
1999,0.5487959527465716,0.5524386972564577,NE007004,2,SON
2000,0.0810125189792287,0.08374457736164329,NE007004,2,SON
2001,0.3824789912087265,0.38430036346366986,NE007004,2,SON
2002,0.21051651641715635,0.2114272025446282,NE007004,2,SON
2003,0.30213716170126426,0.30213716170126464,NE007004,2,SON
2004,0.09589062956362246,0.0949799434361516,NE007004,2,SON
2005,0.26237454741665317,0.26055317516171084,NE007004,2,SON
2006,0.35036800930622714,0.34763595092381333,NE007004,2,SON
2007,0.3582942899666111,0.35465154545672584,NE007004,2,SON
2008,0.40138605975073544,0.3968326291133789,NE007004,2,SON
2009,0.2400918645218917,0.23462774775706371,NE007004,2,SON
2010,0.33002606340479235,0.3236512605124929,NE007004,2,SON
2011,0.20373716145551707,0.19645167243574635,NE007004,2,SON
2012,0.10658832837646229,0.0983921532292201,NE007004,2,SON
2013,0.2124302295151752,0.20332336824046154,NE007004,2,SON
2014,0.33189753508862424,0.3218799876864391,NE007004,2,SON
2015,0.41612991643206587,0.4052016829024095,NE007004,2,SON
2016,0.26899817349796723,0.2571592538408394,NE007004,2,SON
2017,0.1157078064083212,0.10295820062372188,NE007004,2,SON
2018,0.4113227681179269,0.3976624762058563,NE007004,2,SON
2019,0.2951501428908856,0.28057916485134354,NE007004,2,SON
2020,0.3487927241534977,0.3333110599864842,NE007004,2,SON
2021,0.1229929810571738,0.1066006307626888,NE007004,2,SON
2022,0.4788257500813362,0.46152271365937997,NE007004,2,SON
2023,0.28463937940625517,0.26642565685682745,NE007004,2,SON
2024,0.6700525940031039,0.6509281853262048,NE007004,2,SON
2025,0.4418304193394424,0.42179532453507196,NE007004,2,SON
2026,0.23920926687653415,0.21826348594469225,NE007004,2,SON
1981,0.5153475240955052,0.6009055263927735,NE007009,2,JAS
1982,0.6220447276508813,0.7037137298437282,NE007009,2,JAS
1983,0.5354927221154541,0.6132727242038796,NE007009,2,JAS
1984,0.25177467643717943,0.32566567842118355,NE007009,2,JAS
1985,0.8822102002052505,0.9522122020848333,NE007009,2,JAS
1986,0.6207536946993842,0.6868666964745465,NE007009,2,JAS
1987,0.7169710017183566,0.7791950033890974,NE007009,2,JAS
1988,1.0596448061767383,1.1179798077430578,NE007009,2,JAS
1989,0.9087180746174852,0.9631640760793833,NE007009,2,JAS
1990,0.8119757562971512,0.8625327576546279,NE007009,2,JAS
1991,0.8128568895718928,0.8595248908249481,NE007009,2,JAS
1992,0.7687120380429926,0.8114910391916265,NE007009,2,JAS
1993,0.6846428010415426,0.723532802085756,NE007009,2,JAS
1994,1.2551596180939844,1.2901606190337764,NE007009,2,JAS
1995,0.8508402603625018,0.8819522611978724,NE007009,2,JAS
1996,0.46238621112027845,0.48960921185122763,NE007009,2,JAS
1997,0.6711291795294612,0.694463180155989,NE007009,2,JAS
1998,1.2437422518761536,1.26318725239826,NE007009,2,JAS
1999,1.2949959316244783,1.3105519320421632,NE007009,2,JAS
2000,0.6526530212185653,0.6643200215318289,NE007009,2,JAS
2001,0.7319214334216492,0.7396994336304923,NE007009,2,JAS
2002,0.6849452763618498,0.6888342764662715,NE007009,2,JAS
2003,0.7605478249954751,0.7605478249954755,NE007009,2,JAS
2004,0.47155296426872084,0.4676639641642998,NE007009,2,JAS
2005,0.7324501500854838,0.7246721498766413,NE007009,2,JAS
2006,0.6775416494396627,0.6658746491263988,NE007009,2,JAS
2007,0.8884524305582605,0.8728964301405753,NE007009,2,JAS
2008,0.713978265919306,0.6945332653972003,NE007009,2,JAS
2009,0.46404285633245573,0.4407088557059286,NE007009,2,JAS
2010,1.1123363561022273,1.0851133553712788,NE007009,2,JAS
2011,0.7214035435989,0.6902915427635301,NE007009,2,JAS
2012,0.6398090799474886,0.6048080790076973,NE007009,2,JAS
2013,0.7433085286071427,0.70441852756293,NE007009,2,JAS
2014,0.9807555453273568,0.9379765441787227,NE007009,2,JAS
2015,0.8056921755080018,0.7590241742549472,NE007009,2,JAS
2016,0.9684030884208411,0.9178460870633651,NE007009,2,JAS
2017,0.7819534826884132,0.7275074812265159,NE007009,2,JAS
2018,0.9872020374062909,0.9288670358399721,NE007009,2,JAS
2019,1.0269990426641555,0.9647750409934154,NE007009,2,JAS
2020,0.8139677665372799,0.7478547647621183,NE007009,2,JAS
2021,0.5059628920963681,0.4359608902167852,NE007009,2,JAS
2022,0.7977195742112685,0.7238285722272642,NE007009,2,JAS
2023,0.5859939358666413,0.5082139337782164,NE007009,2,JAS
2024,1.4191900746038115,1.3375210724109654,NE007009,2,JAS
2025,0.7696954553329188,0.6841374530356512,NE007009,2,JAS
2026,0.40801674941484006,0.31856974701315105,NE007009,2,JAS
1981,0.22344094195431036,0.32349406374607076,NE007009,2,ASO
1982,0.5703146739328638,0.6658199265522718,NE007009,2,ASO
1983,0.273138598919109,0.36409598236616464,NE007009,2,ASO
1984,0.14913568480129907,0.2355451990760023,NE007009,2,ASO
1985,0.7307169693837045,0.8125786144860535,NE007009,2,ASO
1986,0.46460108431953206,0.5419148602495287,NE007009,2,ASO
1987,0.6575184039678529,0.7302843107254972,NE007009,2,ASO
1988,0.9010147442715105,0.9692327818568024,NE007009,2,ASO
1989,0.7530975157293786,0.816767684142318,NE007009,2,ASO
1990,0.587181197377755,0.6463034966183403,NE007009,2,ASO
1991,0.6096039269032583,0.6641783569714912,NE007009,2,ASO
1992,0.5745288159855372,0.6245553768814177,NE007009,2,ASO
1993,0.5953713555550699,0.6408500472785981,NE007009,2,ASO
1994,1.1546842083286446,1.1956150308798186,NE007009,2,ASO
1995,0.7594431896225722,0.7958261430013938,NE007009,2,ASO
1996,0.3986179996816964,0.4304530838881656,NE007009,2,ASO
1997,0.534310963953502,0.5615981789876188,NE007009,2,ASO
1998,1.071994554617219,1.0947339004789833,NE007009,2,ASO
1999,1.1380451002171292,1.1562365769065395,NE007009,2,ASO
2000,0.2748893403061082,0.288532947823166,NE007009,2,ASO
2001,0.46875087707367413,0.4778466154183796,NE007009,2,ASO
2002,0.41170737458901285,0.4162552437613659,NE007009,2,ASO
2003,0.6429098224321829,0.6429098224321835,NE007009,2,ASO
2004,0.35477818948742945,0.35023032031507595,NE007009,2,ASO
2005,0.5128162695659491,0.5037205312212432,NE007009,2,ASO
2006,0.5918569846671504,0.5782133771500921,NE007009,2,ASO
2007,0.6831749746462432,0.6649834979568325,NE007009,2,ASO
2008,0.6443064629473977,0.6215671170856346,NE007009,2,ASO
2009,0.42272223800347775,0.3954350229693605,NE007009,2,ASO
2010,0.6385654683314155,0.6067303841249458,NE007009,2,ASO
2011,0.6440313552586702,0.6076484018798481,NE007009,2,ASO
2012,0.5185374147775257,0.47760659222635127,NE007009,2,ASO
2013,0.6547223205224217,0.6092436287988932,NE007009,2,ASO
2014,0.8561836369849464,0.8061570760890654,NE007009,2,ASO
2015,0.7076837302788606,0.6531093002106272,NE007009,2,ASO
2016,0.6950563096787176,0.6359340104381318,NE007009,2,ASO
2017,0.6201155751443256,0.5564454067313874,NE007009,2,ASO
2018,0.8856630974194855,0.8174450598341931,NE007009,2,ASO
2019,0.8975482784358544,0.8247823716782097,NE007009,2,ASO
2020,0.7080688996030655,0.6307551236730684,NE007009,2,ASO
2021,0.2345614900373732,0.1526998449350237,NE007009,2,ASO
2022,0.6945836471969221,0.6081741329222202,NE007009,2,ASO
2023,0.5375383628518354,0.44658097940477937,NE007009,2,ASO
2024,1.346057452727599,1.2505522001081906,NE007009,2,ASO
2025,0.5853908185814607,0.48533769678969985,NE007009,2,ASO
2026,0.31255440542242396,0.20795341445831073,NE007009,2,ASO
1981,0.011486357734281999,0.03272070854777598,NE007009,2,SON
1982,0.15129169217757232,0.17156084522681656,NE007009,2,SON
1983,0.05893164178726468,0.07823559707225938,NE007009,2,SON
1984,0.05283324594359018,0.07117200346433514,NE007009,2,SON
1985,0.2539566331042547,0.2713301928607499,NE007009,2,SON
1986,0.1971240221995483,0.21353238419179377,NE007009,2,SON
1987,0.27009540188335274,0.2855385661113484,NE007009,2,SON
1988,0.17206242595068155,0.18654039241442752,NE007009,2,SON
1989,0.22762086465786502,0.24113363335736124,NE007009,2,SON
1990,0.14814223296407475,0.16068980389932122,NE007009,2,SON
1991,0.005814780264827013,0.017397153435823737,NE007009,2,SON
1992,0.1373714564638665,0.14798863187061348,NE007009,2,SON
1993,0.26629343298308394,0.2759454106255812,NE007009,2,SON
1994,0.7306823631356957,0.7393691430139432,NE007009,2,SON
1995,0.21554816828063422,0.22326975039463218,NE007009,2,SON
1996,0.20108035903058863,0.20783674338033684,NE007009,2,SON
1997,0.19549285772334324,0.2012840443088417,NE007009,2,SON
1998,0.6368943045858868,0.6417202934071355,NE007009,2,SON
1999,0.4288251845919375,0.4326859756489365,NE007009,2,SON
2000,-0.013103758460645237,-0.010208165167896022,NE007009,2,SON
2001,0.20939219388049815,0.21132258940899762,NE007009,2,SON
2002,0.0716156152553784,0.07258081301962813,NE007009,2,SON
2003,0.166554312557607,0.16655431255760697,NE007009,2,SON
2004,0.03235031326678675,0.031385115502536975,NE007009,2,SON
2005,0.11483583930623904,0.11290544377773952,NE007009,2,SON
2006,0.1794427642505933,0.17654717095784403,NE007009,2,SON
2007,0.2206452336445583,0.2167844425875595,NE007009,2,SON
2008,0.23456637234389655,0.229740383522648,NE007009,2,SON
2009,0.11674932907091642,0.11095814248541813,NE007009,2,SON
2010,0.21716956093155038,0.21041317658180234,NE007009,2,SON
2011,0.05610695422191783,0.048385372107920044,NE007009,2,SON
2012,-0.02337871676141426,-0.032065496639661795,NE007009,2,SON
2013,0.03891844627152896,0.029266468629031678,NE007009,2,SON
2014,0.19710902989098184,0.1864918544842348,NE007009,2,SON
2015,0.3011534719864005,0.28957109881540377,NE007009,2,SON
2016,0.1275323085757208,0.11498473764047426,NE007009,2,SON
2017,-0.01099298321345718,-0.024505751912953455,NE007009,2,SON
2018,0.2516977187438781,0.23721975228013206,NE007009,2,SON
2019,0.13047766608168743,0.11503450185369188,NE007009,2,SON
2020,0.23209259839492666,0.21568423640268136,NE007009,2,SON
2021,0.009125763399999903,-0.00824779635649514,NE007009,2,SON
2022,0.3036822333262717,0.2853434758055269,NE007009,2,SON
2023,0.1386887356188672,0.11938478033387265,NE007009,2,SON
2024,0.6663180628721601,0.6460489098229159,NE007009,2,SON
2025,0.35689445289838473,0.3356601020848907,NE007009,2,SON
2026,0.12174967336965646,0.09955012479191268,NE007009,2,SON
1981,1.2494304501057387,1.3839890944207192,NE003001,2,JAS
1982,1.3195823171967676,1.4480246594974318,NE003001,2,JAS
1983,0.9010183402348566,1.0233443805212028,NE003001,2,JAS
1984,0.7966067840183854,0.9128165222904135,NE003001,2,JAS
1985,1.4660351793812583,1.5761286156389702,NE003001,2,JAS
1986,1.516813238153963,1.620790372397357,NE003001,2,JAS
1987,1.120782776647518,1.2186436088765957,NE003001,2,JAS
1988,1.448791542105596,1.5405360723203556,NE003001,2,JAS
1989,1.5767778283740854,1.6624060565745271,NE003001,2,JAS
1990,0.9031120721233823,0.9826239983095078,NE003001,2,JAS
1991,1.2687093099933102,1.3421049341651177,NE003001,2,JAS
1992,1.2758725584967652,1.3431518806542564,NE003001,2,JAS
1993,1.136542179112642,1.1977051992558152,NE003001,2,JAS
1994,1.492361204482133,1.5474079226109883,NE003001,2,JAS
1995,1.38246325334317,1.431393669457709,NE003001,2,JAS
1996,1.2417844224920704,1.2845985365922914,NE003001,2,JAS
1997,1.087792299450948,1.1244901115368526,NE003001,2,JAS
1998,1.506161781892383,1.5367432919639696,NE003001,2,JAS
1999,1.605539400250821,1.6300046083080897,NE003001,2,JAS
2000,1.0934370302757537,1.1117859363187061,NE003001,2,JAS
2001,1.5710022043924599,1.5832348084210943,NE003001,2,JAS
2002,1.3216436833779648,1.327759985392283,NE003001,2,JAS
2003,1.3536259416200698,1.35362594162007,NE003001,2,JAS
2004,1.1234067762722502,1.1172904742579324,NE003001,2,JAS
2005,1.2654150073875,1.2531824033588659,NE003001,2,JAS
2006,1.3543871158818543,1.3360382098389023,NE003001,2,JAS
2007,1.4708080359945706,1.4463428279373023,NE003001,2,JAS
2008,1.2919538583239396,1.2613723482523533,NE003001,2,JAS
2009,1.2141622960047052,1.1774644839188009,NE003001,2,JAS
2010,1.4153132519979907,1.3724991378977702,NE003001,2,JAS
2011,1.0049957259223488,0.9560653098078102,NE003001,2,JAS
2012,1.5513788571764393,1.4963321390475846,NE003001,2,JAS
2013,1.3344672826526678,1.273304262509495,NE003001,2,JAS
2014,1.6175858665846987,1.550306544427208,NE003001,2,JAS
2015,1.5541499451815086,1.4807543210097016,NE003001,2,JAS
2016,1.5324857003484564,1.4529737741623314,NE003001,2,JAS
2017,1.262527181289643,1.1768989530892018,NE003001,2,JAS
2018,1.3481196629944867,1.2563751327797275,NE003001,2,JAS
2019,1.4473721897431853,1.349511357514108,NE003001,2,JAS
2020,1.6058086939647294,1.5018315597213359,NE003001,2,JAS
2021,1.1963421281246132,1.0862486918669017,NE003001,2,JAS
2022,1.5354005867819014,1.4191908485098736,NE003001,2,JAS
2023,1.2168081425286486,1.0944821022423028,NE003001,2,JAS
2024,1.7233247817124235,1.5948824394117598,NE003001,2,JAS
2025,1.5414265642183675,1.4068679199033876,NE003001,2,JAS
2026,0.7239308364595048,0.5832558901302068,NE003001,2,JAS
1981,0.9151878857405522,1.0851125025572448,NE003001,2,ASO
1982,1.0905004138425376,1.2527011844402896,NE003001,2,ASO
1983,0.699078937045549,0.8535558614243604,NE003001,2,ASO
1984,0.7049771531659108,0.8517302313257815,NE003001,2,ASO
1985,1.2653230990984048,1.4043523310393349,NE003001,2,ASO
1986,1.1527030037207873,1.2840083894427767,NE003001,2,ASO
1987,1.0111835629404693,1.1347651024435181,NE003001,2,ASO
1988,1.2196315923463399,1.335489285630448,NE003001,2,ASO
1989,1.417602610542293,1.5257364576074606,NE003001,2,ASO
1990,0.6539773491452705,0.7543873499914975,NE003001,2,ASO
1991,0.8510553306642556,0.943741485291542,NE003001,2,ASO
1992,1.0306129190958715,1.1155752275042172,NE003001,2,ASO
1993,0.8970749248734393,0.9743133870628462,NE003001,2,ASO
1994,1.3118166520569976,1.3813312680274639,NE003001,2,ASO
1995,1.2085856047359083,1.270376374487434,NE003001,2,ASO
1996,1.0876549747396376,1.1417218982722226,NE003001,2,ASO
1997,1.010054578608009,1.0563976559216535,NE003001,2,ASO
1998,1.259831738669965,1.2984509697646687,NE003001,2,ASO
1999,1.5295833466567648,1.560478731532528,NE003001,2,ASO
2000,0.8225978250000923,0.8457693636569148,NE003001,2,ASO
2001,1.1239098657015332,1.139357558139415,NE003001,2,ASO
2002,1.0515567773705758,1.0592806235895171,NE003001,2,ASO
2003,1.2184743471502,1.2184743471502006,NE003001,2,ASO
2004,0.9178761640793488,0.9101523178604088,NE003001,2,ASO
2005,1.0483812541363178,1.0329335616984372,NE003001,2,ASO
2006,1.1526339502365408,1.1294624115797214,NE003001,2,ASO
2007,1.278767266956278,1.247871882080518,NE003001,2,ASO
2008,1.1756766180090021,1.1370573869143015,NE003001,2,ASO
2009,1.126142085947286,1.0797990086336446,NE003001,2,ASO
2010,1.1967427306374163,1.1426758071048344,NE003001,2,ASO
2011,0.9062677237910753,0.8444769540395528,NE003001,2,ASO
2012,1.3106570476119084,1.2411424316414452,NE003001,2,ASO
2013,1.2105801452941423,1.1333416831047385,NE003001,2,ASO
2014,1.4843861439954562,1.3994238355871118,NE003001,2,ASO
2015,1.4917854122037866,1.3990992575765016,NE003001,2,ASO
2016,1.203796178149489,1.1033861773032634,NE003001,2,ASO
2017,1.0510294424727984,0.9428955954076321,NE003001,2,ASO
2018,1.2748907643205798,1.1590330710364747,NE003001,2,ASO
2019,1.3341427768018368,1.210561237298791,NE003001,2,ASO
2020,1.4954153483503645,1.3641099626283781,NE003001,2,ASO
2021,1.0476252910006523,0.9085960590597253,NE003001,2,ASO
2022,1.3375870868031974,1.1908340086433298,NE003001,2,ASO
2023,1.1277440987878904,0.9732671744090822,NE003001,2,ASO
2024,1.425011928815927,1.2628111582181782,NE003001,2,ASO
2025,1.2315126654418065,1.061588048625117,NE003001,2,ASO
2026,0.7859397081565456,0.6082912451209155,NE003001,2,ASO
1981,0.3166536037700769,0.3619274371598261,NE003001,2,SON
1982,0.6494211380702972,0.6926370699423311,NE003001,2,SON
1983,0.30719766500088364,0.3483556953552013,NE003001,2,SON
1984,0.4295363230221122,0.4686364518587136,NE003001,2,SON
1985,0.6373070175668338,0.6743492448857199,NE003001,2,SON
1986,0.7551474547276286,0.7901317805287984,NE003001,2,SON
1987,0.6593149940504603,0.692241418333914,NE003001,2,SON
1988,0.432894616099234,0.4637631388649723,NE003001,2,SON
1989,0.7448502443907526,0.7736608656387747,NE003001,2,SON
1990,0.21296594010600134,0.23971865983630802,NE003001,2,SON
1991,0.04099557323054326,0.06569039144313371,NE003001,2,SON
1992,0.36423614207214555,0.3868730587670198,NE003001,2,SON
1993,0.4003790829415052,0.4209580981186641,NE003001,2,SON
1994,0.8290301321091273,0.84755124576857,NE003001,2,SON
1995,0.6359081846596475,0.6523713968013739,NE003001,2,SON
1996,0.7027245999649967,0.7171299105890078,NE003001,2,SON
1997,0.4928038091472965,0.5051512182535913,NE003001,2,SON
1998,0.7657513194816883,0.7760408270702669,NE003001,2,SON
1999,0.8052174009580986,0.8134490070289618,NE003001,2,SON
2000,0.25250443599262085,0.2586781405457679,NE003001,2,SON
2001,0.6467819123412435,0.6508977153766752,NE003001,2,SON
2002,0.5258736604471099,0.5279315619648254,NE003001,2,SON
2003,0.5372947861427503,0.5372947861427495,NE003001,2,SON
2004,0.27374988355613156,0.27169198203841544,NE003001,2,SON
2005,0.44693187056935724,0.4428160675339249,NE003001,2,SON
2006,0.3437262720075188,0.33755256745437023,NE003001,2,SON
2007,0.5342130008100074,0.5259813947391435,NE003001,2,SON
2008,0.6374483843062027,0.6271588767176225,NE003001,2,SON
2009,0.4800951786606206,0.4677477695543251,NE003001,2,SON
2010,0.5545828831015587,0.5401775724775469,NE003001,2,SON
2011,0.36092203484949603,0.34445882270776806,NE003001,2,SON
2012,0.347156359546864,0.3286352458874207,NE003001,2,SON
2013,0.37294189806512734,0.3523628828879678,NE003001,2,SON
2014,0.5604010938508764,0.5377641771560007,NE003001,2,SON
2015,0.783550224657499,0.7588554064449079,NE003001,2,SON
2016,0.4286661006593382,0.40191338092903084,NE003001,2,SON
2017,0.3601235008311879,0.3313128795831652,NE003001,2,SON
2018,0.7266972807940804,0.6958287580283414,NE003001,2,SON
2019,0.5282116863367224,0.4952852620532673,NE003001,2,SON
2020,0.680907172178526,0.6459228463773555,NE003001,2,SON
2021,0.2571766720518511,0.22013444473296434,NE003001,2,SON
2022,0.7106682463307598,0.6715681174941568,NE003001,2,SON
2023,0.7296755667882019,0.6885175364338836,NE003001,2,SON
2024,0.8165871606008177,0.7733712287287832,NE003001,2,SON
2025,0.5736820996516435,0.5284082662618927,NE003001,2,SON
2026,0.3365914106037998,0.2892596756963337,NE003001,2,SON
1981,0.960928577604619,1.0629666274172127,NE004008,2,JAS
1982,1.1293161523184634,1.2267161089577587,NE004008,2,JAS
1983,0.9326725664748597,1.025434429940855,NE004008,2,JAS
1984,0.6758389478481974,0.7639627181408926,NE004008,2,JAS
1985,1.2848703142458324,1.3683559913652275,NE004008,2,JAS
1986,1.1358822096203989,1.2147297935664938,NE004008,2,JAS
1987,1.1491229815997586,1.2233324723725552,NE004008,2,JAS
1988,1.28273651919632,1.3523079167958165,NE004008,2,JAS
1989,1.2406988147789633,1.3056321192051596,NE004008,2,JAS
1990,1.0688987380788044,1.1291939493317007,NE004008,2,JAS
1991,1.0581645886687683,1.1138217067483644,NE004008,2,JAS
1992,1.2407675377937795,1.2917865627000773,NE004008,2,JAS
1993,0.9320543150619018,0.9784352467948996,NE004008,2,JAS
1994,1.3977710529546836,1.4395138915143812,NE004008,2,JAS
1995,1.055571976250794,1.0926767216371915,NE004008,2,JAS
1996,0.9060405765048261,0.9385072287179235,NE004008,2,JAS
1997,1.1488364540780898,1.1766650131178888,NE004008,2,JAS
1998,1.5315636842122824,1.5547541500787814,NE004008,2,JAS
1999,1.6214295849153306,1.6399819576085295,NE004008,2,JAS
2000,0.8450106695804657,0.8589249491003644,NE004008,2,JAS
2001,1.1569720968696837,1.1662482832162824,NE004008,2,JAS
2002,0.9585627626334229,0.9632008558067232,NE004008,2,JAS
2003,1.1165194629834885,1.1165194629834887,NE004008,2,JAS
2004,0.8350095372561939,0.830371444082894,NE004008,2,JAS
2005,1.15536932807057,1.14609314172397,NE004008,2,JAS
2006,1.0783049479778413,1.064390668457943,NE004008,2,JAS
2007,1.1848192870041283,1.1662669143109299,NE004008,2,JAS
2008,1.0972826113997254,1.0740921455332268,NE004008,2,JAS
2009,0.7943778115266635,0.7665492524868649,NE004008,2,JAS
2010,1.4143734734430093,1.3819068212299106,NE004008,2,JAS
2011,1.0174492794234489,0.9803445340370518,NE004008,2,JAS
2012,1.1814734952030312,1.139730656643334,NE004008,2,JAS
2013,1.0157063090202083,0.969325377287211,NE004008,2,JAS
2014,1.3887127979974427,1.3376937730911453,NE004008,2,JAS
2015,1.3277634481666978,1.2721063300871003,NE004008,2,JAS
2016,1.1605233579568994,1.1002281467040036,NE004008,2,JAS
2017,1.3232450632839978,1.2583117588578019,NE004008,2,JAS
2018,1.1674861703667037,1.0979147727672076,NE004008,2,JAS
2019,1.3590893344790695,1.2848798437062734,NE004008,2,JAS
2020,1.4934401846219734,1.414592600675877,NE004008,2,JAS
2021,0.9528001494702811,0.8693144723508865,NE004008,2,JAS
2022,1.2488768254488187,1.160753055156124,NE004008,2,JAS
2023,0.9437124589640453,0.8509505954980505,NE004008,2,JAS
2024,1.8805060098398596,1.7831060532005647,NE004008,2,JAS
2025,1.0839570154155502,0.9819189656029552,NE004008,2,JAS
2026,0.62852505484364,0.5218489118577466,NE004008,2,JAS
1981,0.5845619137079883,0.720834335883276,NE004008,2,ASO
1982,1.0166884311967752,1.1467666523640947,NE004008,2,ASO
1983,0.6149241615940995,0.7388081817534523,NE004008,2,ASO
1984,0.3971704108165366,0.5148602299679211,NE004008,2,ASO
1985,1.1069294854664369,1.218425103609853,NE004008,2,ASO
1986,0.9234738769629179,1.0287752940983677,NE004008,2,ASO
1987,0.9965168188671756,1.0956240349946569,NE004008,2,ASO
1988,1.1059428387231471,1.198855853842662,NE004008,2,ASO
1989,1.0597036979609826,1.146422512072529,NE004008,2,ASO
1990,0.6630777572028742,0.7436023703064525,NE004008,2,ASO
1991,0.8138970522054574,0.8882274643010691,NE004008,2,ASO
1992,1.0072053263844927,1.075341537472136,NE004008,2,ASO
1993,0.7453401935406471,0.807282203620324,NE004008,2,ASO
1994,1.2518200726501874,1.307567881721896,NE004008,2,ASO
1995,0.9000756679968156,0.9496292760605559,NE004008,2,ASO
1996,0.7367655609145425,0.7801249679703163,NE004008,2,ASO
1997,1.003374814188545,1.0405400202363504,NE004008,2,ASO
1998,1.3738641125662483,1.4048351176060874,NE004008,2,ASO
1999,1.4811320209410093,1.50590882497288,NE004008,2,ASO
2000,0.4530195698138133,0.47160217283771566,NE004008,2,ASO
2001,0.7191319231595957,0.7315203251755316,NE004008,2,ASO
2002,0.6729509647580227,0.6791451657659903,NE004008,2,ASO
2003,0.9371368790576071,0.9371368790576081,NE004008,2,ASO
2004,0.6671131809571855,0.6609189799492182,NE004008,2,ASO
2005,0.8420595515851833,0.8296711495692477,NE004008,2,ASO
2006,0.9021160995190922,0.8835334964951901,NE004008,2,ASO
2007,0.9893816652964126,0.9646048612645421,NE004008,2,ASO
2008,0.9687552422968931,0.9377842372570562,NE004008,2,ASO
2009,0.6714118253469261,0.6342466192991209,NE004008,2,ASO
2010,1.1616755464484811,1.1183161393927095,NE004008,2,ASO
2011,0.8546409209258943,0.8050873128621542,NE004008,2,ASO
2012,0.9943995186460663,0.938651709574358,NE004008,2,ASO
2013,0.9133056434932861,0.8513636334136112,NE004008,2,ASO
2014,1.1483147831081781,1.080178572020535,NE004008,2,ASO
2015,1.226822694982065,1.1524922828864552,NE004008,2,ASO
2016,0.8133028356859034,0.7327782225823254,NE004008,2,ASO
2017,1.1287960075266001,1.0420771934150537,NE004008,2,ASO
2018,0.9963837785817322,0.9034707634622193,NE004008,2,ASO
2019,1.1916694476829346,1.0925622315554535,NE004008,2,ASO
2020,1.319723223919628,1.21442180678418,NE004008,2,ASO
2021,0.4932040851601925,0.3817084670167764,NE004008,2,ASO
2022,1.1254181732634763,1.0077283541120918,NE004008,2,ASO
2023,0.9043127957970908,0.7804287756377399,NE004008,2,ASO
2024,1.8042403750456804,1.674162153878361,NE004008,2,ASO
2025,0.8881256375754528,0.7518532154001671,NE004008,2,ASO
2026,0.5940753637006398,0.45160874051738586,NE004008,2,ASO
1981,0.124641931200484,0.16107627821797527,NE004008,2,SON
1982,0.5061493083046583,0.5409275486395365,NE004008,2,SON
1983,0.201071939961699,0.23419407361396413,NE004008,2,SON
1984,0.16907579089233413,0.20054181786198574,NE004008,2,SON
1985,0.5370550880045641,0.5668650082916027,NE004008,2,SON
1986,0.5017847205790557,0.5299385341834811,NE004008,2,SON
1987,0.4137567142247306,0.44025442114654256,NE004008,2,SON
1988,0.3341719407449202,0.3590135409841191,NE004008,2,SON
1989,0.5300949328104769,0.5532804263670623,NE004008,2,SON
1990,0.24603671745092273,0.267566104324895,NE004008,2,SON
1991,-0.010629137328634908,0.009244142862724347,NE004008,2,SON
1992,0.4002708871331267,0.41848806064187244,NE004008,2,SON
1993,0.11757090099630568,0.13413196782243836,NE004008,2,SON
1994,0.9388523815368459,0.9537573416803651,NE004008,2,SON
1995,0.3433431359328163,0.3565919893937224,NE004008,2,SON
1996,0.44085345801992504,0.45244620479821807,NE004008,2,SON
1997,0.414616727261193,0.4245533673568725,NE004008,2,SON
1998,0.8368947469940826,0.8451752804071491,NE004008,2,SON
1999,0.8101018199381069,0.8167262466685599,NE004008,2,SON
2000,0.031087157604776705,0.036055477652616574,NE004008,2,SON
2001,0.4401590917378589,0.4434713051030857,NE004008,2,SON
2002,0.2572855631394099,0.2589416698220232,NE004008,2,SON
2003,0.4070121723656291,0.4070121723656293,NE004008,2,SON
2004,0.18359249375950115,0.18193638707688786,NE004008,2,SON
2005,0.3466306564747855,0.34331844310955917,NE004008,2,SON
2006,0.40698421118790873,0.4020158911400693,NE004008,2,SON
2007,0.45364483132046785,0.4470204045900149,NE004008,2,SON
2008,0.540924517077879,0.532643983664813,NE004008,2,SON
2009,0.24153268756594526,0.23159604747026574,NE004008,2,SON
2010,0.48005033027947797,0.4684575835011854,NE004008,2,SON
2011,0.25633995918522945,0.2430911057243238,NE004008,2,SON
2012,0.08605594421263518,0.07115098406911602,NE004008,2,SON
2013,0.24286498125502692,0.2263039144288947,NE004008,2,SON
2014,0.48945622385964627,0.4712390503509005,NE004008,2,SON
2015,0.5957699396548388,0.57589665946348,NE004008,2,SON
2016,0.23704724555689105,0.21551785868291917,NE004008,2,SON
2017,0.046226221692239944,0.023040728135654553,NE004008,2,SON
2018,0.4582914536836702,0.43344985344447173,NE004008,2,SON
2019,0.3357185753807027,0.30922086845889074,NE004008,2,SON
2020,0.45500775405615834,0.4268539404517333,NE004008,2,SON
2021,0.1802404473934205,0.15043052710638238,NE004008,2,SON
2022,0.556600801869188,0.5251347748995364,NE004008,2,SON
2023,0.36450771511798263,0.33138558146571795,NE004008,2,SON
2024,0.8712911945518231,0.8365129542169449,NE004008,2,SON
2025,0.5532411545109518,0.5168068074934605,NE004008,2,SON
2026,0.3122492733000784,0.27415881959997407,NE004008,2,SON
1981,1.2304805444641431,1.366226500337853,NE003007,2,JAS
1982,1.330367497559546,1.4599431827117229,NE003007,2,JAS
1983,0.9127045074600648,1.0361099218907102,NE003007,2,JAS
1984,0.6601406517618581,0.7773757954709702,NE003007,2,JAS
1985,1.2961401220725766,1.4072049950601573,NE003007,2,JAS
1986,1.278596743210823,1.3834913454768705,NE003007,2,JAS
1987,1.0261776337061521,1.1249019652506682,NE003007,2,JAS
1988,1.1982532713435723,1.290807332166557,NE003007,2,JAS
1989,1.3307042249702583,1.4170880150717098,NE003007,2,JAS
1990,0.8969225505696141,0.9771360699495342,NE003007,2,JAS
1991,1.013202414531808,1.0872456631901948,NE003007,2,JAS
1992,1.3499006236062925,1.417773601543148,NE003007,2,JAS
1993,0.9745176474324535,1.0362203546477757,NE003007,2,JAS
1994,1.3767841561143146,1.4323165926081054,NE003007,2,JAS
1995,1.2118614385324644,1.261223604304722,NE003007,2,JAS
1996,1.015727657828147,1.058919552878873,NE003007,2,JAS
1997,1.0589581372409838,1.0959797615701767,NE003007,2,JAS
1998,1.3947646815193462,1.4256160351270077,NE003007,2,JAS
1999,1.6161694655234458,1.6408505484095741,NE003007,2,JAS
2000,0.9824469993876361,1.000957811552233,NE003007,2,JAS
2001,1.4812850574517844,1.49362559889485,NE003007,2,JAS
2002,1.1716270507179962,1.1777973214395285,NE003007,2,JAS
2003,1.2310391824098927,1.2310391824098936,NE003007,2,JAS
2004,1.023135186108746,1.0169649153872138,NE003007,2,JAS
2005,1.1851791558576787,1.172838614414615,NE003007,2,JAS
2006,1.1940918948814527,1.1755810827168558,NE003007,2,JAS
2007,1.4990142336875576,1.4743331508014292,NE003007,2,JAS
2008,1.1976420703212036,1.166790716713542,NE003007,2,JAS
2009,0.8540714484056355,0.8170498240764426,NE003007,2,JAS
2010,1.4387434458809165,1.3955515508301903,NE003007,2,JAS
2011,0.9436378409173725,0.8942756751451149,NE003007,2,JAS
2012,1.6254145792928751,1.5698821427990861,NE003007,2,JAS
2013,1.3263974983135682,1.264694791098246,NE003007,2,JAS
2014,1.5821148484740113,1.5142418705371576,NE003007,2,JAS
2015,1.492041095173525,1.4179978465151382,NE003007,2,JAS
2016,1.418351700348399,1.3381381809684807,NE003007,2,JAS
2017,1.174436192221883,1.0880524021204314,NE003007,2,JAS
2018,1.402514311545842,1.3099602507228592,NE003007,2,JAS
2019,1.3975753578460695,1.2988510263015534,NE003007,2,JAS
2020,1.3732843826632553,1.2683897803972077,NE003007,2,JAS
2021,0.8307717897748523,0.7197069167872716,NE003007,2,JAS
2022,1.2758860222626927,1.1586508785535805,NE003007,2,JAS
2023,0.9971072170094895,0.8737018025788441,NE003007,2,JAS
2024,1.8123165241189922,1.6827408389668155,NE003007,2,JAS
2025,1.4309874455766225,1.2952414897029143,NE003007,2,JAS
2026,0.5314828702825535,0.3895666436873121,NE003007,2,JAS
1981,0.8891041539045634,1.0663839831103925,NE003007,2,ASO
1982,1.0608194734452066,1.2300411285962258,NE003007,2,ASO
1983,0.6273346977271501,0.7884981788233596,NE003007,2,ASO
1984,0.5435868611592904,0.6966921682006884,NE003007,2,ASO
1985,1.1194223243512216,1.2644694573378097,NE003007,2,ASO
1986,1.0940085630154743,1.2309975219472509,NE003007,2,ASO
1987,0.9432166883030252,1.0721474731799918,NE003007,2,ASO
1988,0.9637314788714151,1.084604089693572,NE003007,2,ASO
1989,1.2458664755592364,1.3586809123265835,NE003007,2,ASO
1990,0.5532885056399275,0.6580447683524648,NE003007,2,ASO
1991,0.7570986860270088,0.8537967746847364,NE003007,2,ASO
1992,1.1937670065389654,1.2824069211418831,NE003007,2,ASO
1993,0.6637714720012764,0.7443532125493808,NE003007,2,ASO
1994,1.2124193721506922,1.2849429386439868,NE003007,2,ASO
1995,0.9729498834593587,1.0374152758978434,NE003007,2,ASO
1996,0.8768482769919528,0.9332554953756278,NE003007,2,ASO
1997,1.0016012058856687,1.049950250214534,NE003007,2,ASO
1998,1.1230993980571407,1.163390268331196,NE003007,2,ASO
1999,1.5347321700736463,1.5669648662928883,NE003007,2,ASO
2000,0.6442447354699499,0.6684192576343821,NE003007,2,ASO
2001,1.0586259369910513,1.0747422851006738,NE003007,2,ASO
2002,0.8461904302911661,0.8542486043459788,NE003007,2,ASO
2003,1.113465699929765,1.1134656999297678,NE003007,2,ASO
2004,0.8464764632994635,0.8384182892446566,NE003007,2,ASO
2005,1.0265320363278254,1.0104156882182087,NE003007,2,ASO
2006,1.017368348219521,0.993193826055091,NE003007,2,ASO
2007,1.3021919575679433,1.2699592613487034,NE003007,2,ASO
2008,1.0944321514795254,1.0541412812054758,NE003007,2,ASO
2009,0.8331652213002632,0.7848161769714037,NE003007,2,ASO
2010,1.1448130334799989,1.0884058150963296,NE003007,2,ASO
2011,0.7901170861880884,0.7256516937496094,NE003007,2,ASO
2012,1.4661400202363613,1.3936164537430689,NE003007,2,ASO
2013,1.184025272763539,1.1034435322154368,NE003007,2,ASO
2014,1.462425109843931,1.373785195241019,NE003007,2,ASO
2015,1.4050447951232874,1.3083467064655656,NE003007,2,ASO
2016,1.2017531373742785,1.096996874661747,NE003007,2,ASO
2017,0.9308484347800945,0.8180339980127531,NE003007,2,ASO
2018,1.2833732491820897,1.1625006383599386,NE003007,2,ASO
2019,1.301517014106104,1.1725862292291396,NE003007,2,ASO
2020,1.238867774375493,1.1018788154437187,NE003007,2,ASO
2021,0.6462731448860152,0.5012260118994311,NE003007,2,ASO
2022,1.1120942473216864,0.9589889402802925,NE003007,2,ASO
2023,0.9409742519694223,0.7798107708732186,NE003007,2,ASO
2024,1.671962900349764,1.5027412451987505,NE003007,2,ASO
2025,1.1235993191105536,0.9463194899047267,NE003007,2,ASO
2026,0.6306650924311736,0.445327089170537,NE003007,2,ASO
1981,0.28524943213221193,0.30764303633722784,NE003007,2,SON
1982,0.6557966337167539,0.6771723468215419,NE003007,2,SON
1983,0.2674485915201139,0.28780641352467407,NE003007,2,SON
1984,0.3555729341070991,0.37491286501143095,NE003007,2,SON
1985,0.6123494159493283,0.6306714557534323,NE003007,2,SON
1986,0.7096547532049808,0.7269589019088569,NE003007,2,SON
1987,0.5561617955885504,0.5724480531921986,NE003007,2,SON
1988,0.3475582326846794,0.3628265991880993,NE003007,2,SON
1989,0.6020543242772809,0.6163047996804729,NE003007,2,SON
1990,0.15017562263526368,0.16340820693822783,NE003007,2,SON
1991,-0.00532426951710685,0.006890423685628977,NE003007,2,SON
1992,0.2834280806553209,0.29462488275782883,NE003007,2,SON
1993,0.27963916027838154,0.2898180712806616,NE003007,2,SON
1994,0.7735528874433029,0.7827139073453551,NE003007,2,SON
1995,0.5302845746943805,0.5384277034962044,NE003007,2,SON
1996,0.6673699399641252,0.6744951776657212,NE003007,2,SON
1997,0.4866290580350331,0.4927364046364012,NE003007,2,SON
1998,0.7096896308782197,0.7147790863793595,NE003007,2,SON
1999,0.7245886724059525,0.7286602368068644,NE003007,2,SON
2000,0.24354363247694885,0.24659730577763292,NE003007,2,SON
2001,0.5587652452986976,0.5608010274991538,NE003007,2,SON
2002,0.4022089026218199,0.4032267937220478,NE003007,2,SON
2003,0.48089745729172956,0.48089745729172956,NE003007,2,SON
2004,0.24709515939882906,0.2460772682986012,NE003007,2,SON
2005,0.42237181503839394,0.42033603283793775,NE003007,2,SON
2006,0.3149942542197013,0.3119405809190172,NE003007,2,SON
2007,0.4292982478967957,0.4252266834958838,NE003007,2,SON
2008,0.5266138821957513,0.5215244266946115,NE003007,2,SON
2009,0.2336078720580416,0.22750052545667346,NE003007,2,SON
2010,0.5022652091515323,0.49513997144993627,NE003007,2,SON
2011,0.3138011048678937,0.3056579760660698,NE003007,2,SON
2012,0.23144931971803648,0.22228829981598427,NE003007,2,SON
2013,0.262247791989999,0.2520688809877189,NE003007,2,SON
2014,0.45556710188165783,0.4443702997791499,NE003007,2,SON
2015,0.6871170823498277,0.6749023891470919,NE003007,2,SON
2016,0.3438287367045231,0.33059615240155893,NE003007,2,SON
2017,0.2795860937278018,0.2653356183246098,NE003007,2,SON
2018,0.6505155073398632,0.6352471408364433,NE003007,2,SON
2019,0.43162505955525404,0.41533880195160583,NE003007,2,SON
2020,0.6194799176644048,0.6021757689605287,NE003007,2,SON
2021,0.2559780896249222,0.23765604982081823,NE003007,2,SON
2022,0.5654317637620888,0.546091832857757,NE003007,2,SON
2023,0.5770789680234697,0.5567211460189095,NE003007,2,SON
2024,0.7418631018799378,0.7204873887751497,NE003007,2,SON
2025,0.4987612190396348,0.47636761483461887,NE003007,2,SON
2026,0.3130364328103834,0.2896249375051392,NE003007,2,SON
1981,0.9372627358853042,0.9656862140650145,NE002003,2,JAS
1982,1.1776258626370621,1.2047573645358767,NE002003,2,JAS
1983,0.9146723970344434,0.940511922652362,NE002003,2,JAS
1984,0.46529680249437355,0.48984435183139596,NE002003,2,JAS
1985,1.2261642253957974,1.249419798451924,NE002003,2,JAS
1986,0.9396862006137603,0.961649797388991,NE002003,2,JAS
1987,1.0451906811450706,1.065862301639405,NE002003,2,JAS
1988,1.4626422449369083,1.482021889150347,NE002003,2,JAS
1989,1.2463186204163428,1.2644062883488856,NE002003,2,JAS
1990,1.090555469409358,1.107351161061005,NE002003,2,JAS
1991,1.0832711166221385,1.0987748319928892,NE002003,2,JAS
1992,1.2700526772395475,1.2842644163294024,NE002003,2,JAS
1993,0.7944260338521105,0.8073457966610695,NE002003,2,JAS
1994,1.6588828283252763,1.6705106148533395,NE002003,2,JAS
1995,1.10522904060247,1.115564850849637,NE002003,2,JAS
1996,0.8118946473555604,0.8209384813218314,NE002003,2,JAS
1997,0.7980840568722758,0.805835914557651,NE002003,2,JAS
1998,1.4329766057331816,1.439436487137661,NE002003,2,JAS
1999,1.5429844876599172,1.5481523927835004,NE002003,2,JAS
2000,0.9764998869708146,0.9803758158135019,NE002003,2,JAS
2001,0.9302046574457133,0.9327886100075048,NE002003,2,JAS
2002,0.9156281040846967,0.9169200803655919,NE002003,2,JAS
2003,1.0327818107168822,1.0327818107168816,NE002003,2,JAS
2004,0.9128188957313579,0.9115269194504614,NE002003,2,JAS
2005,1.189958996965339,1.1873750444035467,NE002003,2,JAS
2006,0.8566635665553544,0.8527876377126657,NE002003,2,JAS
2007,1.106048244221697,1.1008803390981126,NE002003,2,JAS
2008,1.0130463445624935,1.0065864631580133,NE002003,2,JAS
2009,0.721243348606871,0.7134914909214949,NE002003,2,JAS
2010,1.5076623558838729,1.4986185219176005,NE002003,2,JAS
2011,0.9437159590203059,0.9333801487731377,NE002003,2,JAS
2012,0.9220462449307291,0.910418458402665,NE002003,2,JAS
2013,0.9437615583720561,0.9308417955630958,NE002003,2,JAS
2014,1.115203719290803,1.100991980200947,NE002003,2,JAS
2015,1.211756697097433,1.196252981726681,NE002003,2,JAS
2016,1.2058136032133722,1.1890179115617243,NE002003,2,JAS
2017,1.0582884907767174,1.0402008228441733,NE002003,2,JAS
2018,1.1192318293647308,1.0998521851512908,NE002003,2,JAS
2019,1.3935965227032803,1.3729249022089445,NE002003,2,JAS
2020,1.023172810158518,1.0012092133832864,NE002003,2,JAS
2021,1.0136938252209495,0.9904382521648216,NE002003,2,JAS
2022,1.1055692262006314,1.0810216768636076,NE002003,2,JAS
2023,0.8193165984138047,0.7934770727958851,NE002003,2,JAS
2024,1.6068503276326165,1.5797188257338006,NE002003,2,JAS
2025,0.9155771042457899,0.8871536260660782,NE002003,2,JAS
2026,0.45050533105873813,0.4207898765981306,NE002003,2,JAS
1981,0.5399143259391229,0.6244584236707977,NE002003,2,ASO
1982,1.0798610571692793,1.1605622413676966,NE002003,2,ASO
1983,0.649370003956339,0.7262282746214986,NE002003,2,ASO
1984,0.3378496630972482,0.4108650202291493,NE002003,2,ASO
1985,1.0141528734117957,1.083325317010439,NE002003,2,ASO
1986,0.7034993080588314,0.7688288381242173,NE002003,2,ASO
1987,0.859324860323987,0.9208114768561144,NE002003,2,ASO
1988,1.2620733937415616,1.3197170967404315,NE002003,2,ASO
1989,1.060850381254723,1.114651170720335,NE002003,2,ASO
1990,0.7114976265719211,0.7614555025042747,NE002003,2,ASO
1991,0.8437853910431351,0.8899003534422312,NE002003,2,ASO
1992,1.0820848669164125,1.124356915782251,NE002003,2,ASO
1993,0.6390953054923516,0.6775244408249316,NE002003,2,ASO
1994,1.5064096884298517,1.540995910229174,NE002003,2,ASO
1995,0.8918224728313471,0.9225657810974118,NE002003,2,ASO
1996,0.6407516684933927,0.667652063226199,NE002003,2,ASO
1997,0.6926530369060225,0.7157105181055712,NE002003,2,ASO
1998,1.1435233152713806,1.1627378829376718,NE002003,2,ASO
1999,1.278843652941081,1.2942153070741136,NE002003,2,ASO
2000,0.4365784472365421,0.44810718783631703,NE002003,2,ASO
2001,0.7139321321263148,0.7216179591928312,NE002003,2,ASO
2002,0.7111097852427017,0.7149526987759606,NE002003,2,ASO
2003,0.8377775070960383,0.8377775070960395,NE002003,2,ASO
2004,0.6841924659475642,0.680349552414307,NE002003,2,ASO
2005,0.9248326517131789,0.917146824646664,NE002003,2,ASO
2006,0.7429160190450157,0.7313872784452432,NE002003,2,ASO
2007,0.9212716748159684,0.9059000206829374,NE002003,2,ASO
2008,0.897032177658523,0.8778176099922343,NE002003,2,ASO
2009,0.7100771547315007,0.6870196735319545,NE002003,2,ASO
2010,1.2346004682670906,1.2077000735342858,NE002003,2,ASO
2011,0.8426217349430808,0.8118784266770185,NE002003,2,ASO
2012,0.7237288116513656,0.6891425898520457,NE002003,2,ASO
2013,0.8703749147462455,0.8319457794136671,NE002003,2,ASO
2014,0.9940818314804977,0.9518097826146616,NE002003,2,ASO
2015,1.1126500644421118,1.066535102043018,NE002003,2,ASO
2016,0.8542392447764012,0.8042813688440491,NE002003,2,ASO
2017,0.8512057393352738,0.797404949869664,NE002003,2,ASO
2018,1.0243679424329013,0.966724239434034,NE002003,2,ASO
2019,1.318155913968482,1.256669297436356,NE002003,2,ASO
2020,0.9232074818889274,0.857877951823544,NE002003,2,ASO
2021,0.6601963437535381,0.5910239001548961,NE002003,2,ASO
2022,0.9257956611549498,0.8527803040230503,NE002003,2,ASO
2023,0.8549535937629977,0.7780953230978406,NE002003,2,ASO
2024,1.5403273212308168,1.459626137032401,NE002003,2,ASO
2025,0.7266906770140441,0.6421465792823708,NE002003,2,ASO
2026,0.46812170208485826,0.3797346908199274,NE002003,2,ASO
1981,0.15628726084778866,0.16926615016385593,NE002003,2,SON
1982,0.20514132837197901,0.21753026817367943,NE002003,2,SON
1983,0.1164860538735997,0.12828504416093348,NE002003,2,SON
1984,0.15420780876731857,0.1654168495402857,NE002003,2,SON
1985,0.5071847738774667,0.5178038651360672,NE002003,2,SON
1986,0.3200588773771098,0.33008801912134345,NE002003,2,SON
1987,0.33986814050239034,0.34930733273225734,NE002003,2,SON
1988,0.2777044105950399,0.2865536533105403,NE002003,2,SON
1989,0.4471448833062681,0.45540417650740184,NE002003,2,SON
1990,0.19552661082544615,0.203195954512213,NE002003,2,SON
1991,0.0848039683365309,0.09188336250893112,NE002003,2,SON
1992,0.5369916409244795,0.5434810855825131,NE002003,2,SON
1993,0.2049581528818551,0.21085764802552204,NE002003,2,SON
1994,0.7972307617324783,0.8025403073617784,NE002003,2,SON
1995,0.2717064190858286,0.27642601520076204,NE002003,2,SON
1996,0.34931151338276095,0.35344115998332776,NE002003,2,SON
1997,0.19481839635785153,0.1983580934440517,NE002003,2,SON
1998,0.6990491964025496,0.7019989439743831,NE002003,2,SON
1999,0.48326462930453756,0.48562442736200423,NE002003,2,SON
2000,0.06271325262063793,0.06448310116373795,NE002003,2,SON
2001,0.38990989055924896,0.39108978958798235,NE002003,2,SON
2002,0.21972055366941512,0.22031050318378187,NE002003,2,SON
2003,0.30142837313403115,0.30142837313403104,NE002003,2,SON
2004,0.10202393093058756,0.10143398141622081,NE002003,2,SON
2005,0.2622378920469409,0.26105799301820753,NE002003,2,SON
2006,0.29115902283353645,0.2893891742904364,NE002003,2,SON
2007,0.37810999272266665,0.37575019466519977,NE002003,2,SON
2008,0.352633457729676,0.3496837101578425,NE002003,2,SON
2009,0.236614410292467,0.23307471320626683,NE002003,2,SON
2010,0.3210248532383113,0.3168952066377445,NE002003,2,SON
2011,0.18321955176168797,0.17849995564675453,NE002003,2,SON
2012,0.08041067679585959,0.07510113116655928,NE002003,2,SON
2013,0.23614634055516925,0.2302468454115023,NE002003,2,SON
2014,0.35420648604762056,0.347717041389587,NE002003,2,SON
2015,0.37409850662654254,0.3670191124541423,NE002003,2,SON
2016,0.2319389067832116,0.22426956309644452,NE002003,2,SON
2017,0.1212285710402205,0.11296927783908678,NE002003,2,SON
2018,0.3907191729406623,0.3818699302251619,NE002003,2,SON
2019,0.3230413681844862,0.3136021759546192,NE002003,2,SON
2020,0.2725291175672902,0.26249997582305634,NE002003,2,SON
2021,0.1138134192741054,0.1031943280155049,NE002003,2,SON
2022,0.4032102238182676,0.39200118304530046,NE002003,2,SON
2023,0.24789350521062864,0.23609451492329486,NE002003,2,SON
2024,0.6554933898921744,0.643104450090474,NE002003,2,SON
2025,0.40117005684274554,0.38819116752667826,NE002003,2,SON
2026,0.23554783358167797,0.22197899475124405,NE002003,2,SON
1981,0.17882949540014154,0.24547587511582203,NE005010,2,JAS
1982,0.2462236649454683,0.3098406637649811,NE005010,2,JAS
1983,0.18405896578517222,0.24464658370851827,NE005010,2,JAS
1984,0.07300766741792747,0.13056590444510585,NE005010,2,JAS
1985,0.371847695000371,0.4263765511313826,NE005010,2,JAS
1986,0.3290345376297868,0.38053401286463073,NE005010,2,JAS
1987,0.26283950702814063,0.3113096013668169,NE005010,2,JAS
1988,0.43033855370126506,0.47577926714377455,NE005010,2,JAS
1989,0.39739529742904656,0.4398066299753884,NE005010,2,JAS
1990,0.21861108599053436,0.2579930376407094,NE005010,2,JAS
1991,0.4366004813129495,0.47295305206695687,NE005010,2,JAS
1992,0.3114079659061512,0.34473115576399094,NE005010,2,JAS
1993,0.3364355127885434,0.36672932175021633,NE005010,2,JAS
1994,0.5554666219890211,0.5827310500545264,NE005010,2,JAS
1995,0.23223044835569312,0.2564654955250316,NE005010,2,JAS
1996,0.16209173259119009,0.18329739886436092,NE005010,2,JAS
1997,0.2861239074344036,0.30430019281140674,NE005010,2,JAS
1998,0.449788499042281,0.4649354035231174,NE005010,2,JAS
1999,0.6714567727748983,0.683574296359567,NE005010,2,JAS
2000,0.3227825904245968,0.3318707331130987,NE005010,2,JAS
2001,0.2831432441709351,0.2892020059632694,NE005010,2,JAS
2002,0.3221953625454018,0.32522474344156843,NE005010,2,JAS
2003,0.27640642761881873,0.27640642761881856,NE005010,2,JAS
2004,0.18111553182716245,0.1780861509309946,NE005010,2,JAS
2005,0.3570865701740758,0.3510278083817412,NE005010,2,JAS
2006,0.21044017083464545,0.20135202814614317,NE005010,2,JAS
2007,0.34093413993862376,0.3288166163539538,NE005010,2,JAS
2008,0.29643300468039757,0.28128610019956085,NE005010,2,JAS
2009,0.15860867086919825,0.14043238549219386,NE005010,2,JAS
2010,0.734407356205125,0.7132016899319538,NE005010,2,JAS
2011,0.3377545815859438,0.31351953441660496,NE005010,2,JAS
2012,0.2885175655286055,0.261253137463099,NE005010,2,JAS
2013,0.23993818447954302,0.20964437551786974,NE005010,2,JAS
2014,0.3136065973886571,0.28028340753081615,NE005010,2,JAS
2015,0.4777275322579544,0.4413749615039467,NE005010,2,JAS
2016,0.3588288006328313,0.3194468489826559,NE005010,2,JAS
2017,0.40360846045616816,0.3611971279098251,NE005010,2,JAS
2018,0.4921353667090859,0.4466946532665761,NE005010,2,JAS
2019,0.7509537388719196,0.7024836445332421,NE005010,2,JAS
2020,0.34035904290303215,0.2888595676681879,NE005010,2,JAS
2021,0.19838744355455692,0.143858587423545,NE005010,2,JAS
2022,0.29892326299542976,0.24136502596825105,NE005010,2,JAS
2023,0.19636712027419737,0.13577950235085098,NE005010,2,JAS
2024,0.6633878413325683,0.5997708425130543,NE005010,2,JAS
2025,0.3224999505607933,0.25585357084511245,NE005010,2,JAS
2026,0.1526285430427813,0.08295278243093279,NE005010,2,JAS
1981,0.061223454985154996,0.13646722395527164,NE005010,2,ASO
1982,0.2263173123254375,0.2981409099787301,NE005010,2,ASO
1983,0.08502700673256192,0.15343043306903137,NE005010,2,ASO
1984,0.0642656221706453,0.1292488771902916,NE005010,2,ASO
1985,0.2881661325904848,0.34972921629330705,NE005010,2,ASO
1986,0.2553495019755054,0.3134924143615045,NE005010,2,ASO
1987,0.22128273464488754,0.27600547571406264,NE005010,2,ASO
1988,0.3397652082371585,0.3910677779895104,NE005010,2,ASO
1989,0.3144409307541039,0.36232332918963267,NE005010,2,ASO
1990,0.1161834013022468,0.16064562842095154,NE005010,2,ASO
1991,0.32380900585150874,0.3648510616533903,NE005010,2,ASO
1992,0.18953154487291973,0.22715342935797816,NE005010,2,ASO
1993,0.2723992200662559,0.3066009332344903,NE005010,2,ASO
1994,0.5541963181980005,0.5849778600494118,NE005010,2,ASO
1995,0.1675900222728159,0.1949513928074031,NE005010,2,ASO
1996,0.12561166436134819,0.14955286357911224,NE005010,2,ASO
1997,0.26783430466043084,0.28835533256137175,NE005010,2,ASO
1998,0.3835255053292816,0.40062636191339845,NE005010,2,ASO
1999,0.5895957619281612,0.6032764471954549,NE005010,2,ASO
2000,0.17578617000307578,0.18604668395354546,NE005010,2,ASO
2001,0.1982849402605869,0.20512528289423343,NE005010,2,ASO
2002,0.17153472605984466,0.17495489737666803,NE005010,2,ASO
2003,0.22832100285000362,0.22832100285000295,NE005010,2,ASO
2004,0.110816535476321,0.10739636415949719,NE005010,2,ASO
2005,0.2739920293131454,0.26715168667949846,NE005010,2,ASO
2006,0.17973678556584932,0.16947627161537832,NE005010,2,ASO
2007,0.27470688214618133,0.2610261968788872,NE005010,2,ASO
2008,0.23930091708089965,0.22220006049678145,NE005010,2,ASO
2009,0.14317994874055062,0.12265892083960928,NE005010,2,ASO
2010,0.3127294569105563,0.2887882576927918,NE005010,2,ASO
2011,0.28720336903589716,0.2598419985013086,NE005010,2,ASO
2012,0.20261676959649205,0.17183522774508037,NE005010,2,ASO
2013,0.19969498086628962,0.1654932676980539,NE005010,2,ASO
2014,0.28548498657475685,0.24786310208969797,NE005010,2,ASO
2015,0.4221689255596011,0.3811268697577191,NE005010,2,ASO
2016,0.24511278767446987,0.2006505605557638,NE005010,2,ASO
2017,0.3441297245322423,0.29624732609671306,NE005010,2,ASO
2018,0.42269792631091924,0.37139535655856687,NE005010,2,ASO
2019,0.7254182205008133,0.6706954794316369,NE005010,2,ASO
2020,0.28596684685270496,0.2278239344667054,NE005010,2,ASO
2021,0.13390631699650019,0.07234323329367659,NE005010,2,ASO
2022,0.24493566249341714,0.1799524074737704,NE005010,2,ASO
2023,0.18948166255479942,0.12107823621832953,NE005010,2,ASO
2024,0.6369752105098812,0.5651516128565872,NE005010,2,ASO
2025,0.2740659805038453,0.1988222115337282,NE005010,2,ASO
2026,0.16215325763443672,0.0834893173474956,NE005010,2,ASO
1981,-0.006557586897718709,0.011473524158392728,NE005010,2,SON
1982,0.07270551097229314,0.08991702607130855,NE005010,2,SON
1983,-0.008918347729752127,0.007473571412167271,NE005010,2,SON
1984,0.04200574632373678,0.057578069508560155,NE005010,2,SON
1985,0.07334405563247183,0.08809678286019941,NE005010,2,SON
1986,0.07130471845564883,0.08523784972628039,NE005010,2,SON
1987,0.08936838084622784,0.10248191615976338,NE005010,2,SON
1988,0.057793141740976786,0.0700870810974163,NE005010,2,SON
1989,0.09189144430140687,0.10336578770075038,NE005010,2,SON
1990,0.02259503844167391,0.03324978588392161,NE005010,2,SON
1991,-0.0005145982215315065,0.009320553263620177,NE005010,2,SON
1992,0.006875809502647864,0.015891365030703528,NE005010,2,SON
1993,0.1874513596310281,0.19564731920198775,NE005010,2,SON
1994,0.3358988533602273,0.3432752169740909,NE005010,2,SON
1995,0.08454987138176838,0.0911066390385362,NE005010,2,SON
1996,0.05682964214903578,0.06256681384870759,NE005010,2,SON
1997,0.09374233990824267,0.09865991565081846,NE005010,2,SON
1998,0.2546151817373625,0.25871316152284224,NE005010,2,SON
1999,0.0999018156362244,0.10318019946460814,NE005010,2,SON
2000,-0.01063005971792104,-0.00817127184663309,NE005010,2,SON
2001,0.06262227439305637,0.0642614663072483,NE005010,2,SON
2002,0.04847344444280535,0.04929304039990126,NE005010,2,SON
2003,0.06702026346137949,0.06702026346137938,NE005010,2,SON
2004,0.0015624417518572548,0.0007428457947611239,NE005010,2,SON
2005,0.10364152895728787,0.10200233704309594,NE005010,2,SON
2006,0.05078962767182649,0.04833083980053854,NE005010,2,SON
2007,0.04237729685646,0.039098913028076034,NE005010,2,SON
2008,0.0843199174421828,0.08022193765670281,NE005010,2,SON
2009,0.07607502826870162,0.07115745252612561,NE005010,2,SON
2010,0.12766641185553468,0.12192924015586287,NE005010,2,SON
2011,0.006594390746207324,3.762308943949799e-05,NE005010,2,SON
2012,0.009830681397826543,0.002454317783962698,NE005010,2,SON
2013,0.01781043379136161,0.009614474220401736,NE005010,2,SON
2014,0.03831191729820683,0.029296361770150943,NE005010,2,SON
2015,0.18753512489431207,0.17769997340916038,NE005010,2,SON
2016,0.043682353217023635,0.03302760577477593,NE005010,2,SON
2017,0.008690129926518464,-0.0027842134728252588,NE005010,2,SON
2018,0.09224930007006013,0.07995536071362039,NE005010,2,SON
2019,0.07949164985925355,0.06637811454571779,NE005010,2,SON
2020,0.11648473736926158,0.10255160609863002,NE005010,2,SON
2021,-0.005858781163447596,-0.020611508391175176,NE005010,2,SON
2022,0.06901346695949433,0.05344114377467073,NE005010,2,SON
2023,0.050571511524209384,0.034179592382289764,NE005010,2,SON
2024,0.34368091075433044,0.3264693956553148,NE005010,2,SON
2025,0.13623207266946472,0.11820096161335306,NE005010,2,SON
2026,0.05343911747924769,0.034588410466040234,NE005010,2,SON
1981,1.3563084622822534,1.4859385410956067,NE005008,2,JAS
1982,1.346262078233881,1.4699998807375363,NE005008,2,JAS
1983,1.119913640073369,1.2377591662673262,NE005008,2,JAS
1984,0.8331453384786505,0.9450985883629115,NE005008,2,JAS
1985,1.2237296412904022,1.3297906148649652,NE005008,2,JAS
1986,1.2953357941917403,1.3955044914566053,NE005008,2,JAS
1987,1.2409823062273806,1.3352587271825476,NE005008,2,JAS
1988,1.2994155708896462,1.3877997155351152,NE005008,2,JAS
1989,1.3266211185141719,1.4091129868499428,NE005008,2,JAS
1990,0.9461047122828616,1.0227043043089346,NE005008,2,JAS
1991,0.8612086837326807,0.9319159994490556,NE005008,2,JAS
1992,1.1695948407494936,1.2344098801561705,NE005008,2,JAS
1993,1.0921519088727596,1.1510746719697384,NE005008,2,JAS
1994,1.4231272648860576,1.4761577516733384,NE005008,2,JAS
1995,1.1227819458294321,1.169920156307015,NE005008,2,JAS
1996,1.0960953141391752,1.13734124830706,NE005008,2,JAS
1997,1.1144481302779672,1.149801788136154,NE005008,2,JAS
1998,1.4842057219879394,1.51366710353643,NE005008,2,JAS
1999,1.8269178647149147,1.8504869699537072,NE005008,2,JAS
2000,1.1441532083763437,1.1618300373054382,NE005008,2,JAS
2001,1.372490923864707,1.3842754764841034,NE005008,2,JAS
2002,1.2084061634672907,1.2142984397769891,NE005008,2,JAS
2003,1.2112634115502918,1.2112634115502923,NE005008,2,JAS
2004,1.0488663694657359,1.0429740931560383,NE005008,2,JAS
2005,1.2360784118618477,1.2242938592424522,NE005008,2,JAS
2006,1.2255697674543597,1.2078929385252661,NE005008,2,JAS
2007,1.2894802480602328,1.2659111428214411,NE005008,2,JAS
2008,1.1515304439432643,1.1220690623947747,NE005008,2,JAS
2009,0.859528046159035,0.8241743883008473,NE005008,2,JAS
2010,1.561629539902696,1.5203836057348104,NE005008,2,JAS
2011,1.2391163803565821,1.1919781698789984,NE005008,2,JAS
2012,1.2317180808627244,1.1786875940754444,NE005008,2,JAS
2013,1.3001585417526866,1.2412357786557087,NE005008,2,JAS
2014,1.474340331040086,1.40952529163341,NE005008,2,JAS
2015,1.407599360420549,1.336892044704175,NE005008,2,JAS
2016,1.4654186477908477,1.3888190557647757,NE005008,2,JAS
2017,1.138907737287127,1.056415868951357,NE005008,2,JAS
2018,1.3143618597750961,1.225977715129628,NE005008,2,JAS
2019,1.5508953560192982,1.456618935064132,NE005008,2,JAS
2020,1.8230025633235853,1.7228338660587212,NE005008,2,JAS
2021,0.9612915284220072,0.855230554847445,NE005008,2,JAS
2022,1.470052714195838,1.3580994643115778,NE005008,2,JAS
2023,0.9965080194922387,0.8786624932982805,NE005008,2,JAS
2024,2.172808255042636,2.04907045253898,NE005008,2,JAS
2025,1.1406043264803423,1.010974247666988,NE005008,2,JAS
2026,0.5764264949766517,0.44090413985359944,NE005008,2,JAS
1981,0.8351942041833667,1.0153706485740541,NE005008,2,ASO
1982,1.124255233007684,1.2962418390169772,NE005008,2,ASO
1983,0.7705681371270509,0.9343649047549497,NE005008,2,ASO
1984,0.7231557142819244,0.8787626435284254,NE005008,2,ASO
1985,0.9970657768102206,1.1444828676753271,NE005008,2,ASO
1986,1.0140504505326362,1.1532777030163486,NE005008,2,ASO
1987,1.050559045951683,1.181596460054001,NE005008,2,ASO
1988,1.1190032256371016,1.2418508013580254,NE005008,2,ASO
1989,1.1806095676586035,1.295267304998133,NE005008,2,ASO
1990,0.620770259664795,0.7272381586229302,NE005008,2,ASO
1991,0.6682732357227273,0.7665512962994646,NE005008,2,ASO
1992,0.8675124845698682,0.9576007067652111,NE005008,2,ASO
1993,0.8159200122987365,0.8978183961126851,NE005008,2,ASO
1994,1.2880338867531855,1.3617424321857399,NE005008,2,ASO
1995,0.9388386037395356,1.0043573107906956,NE005008,2,ASO
1996,0.9254681115763652,0.9827969802461309,NE005008,2,ASO
1997,1.014079024883992,1.0632180551723633,NE005008,2,ASO
1998,1.2791854155389175,1.3201346074458946,NE005008,2,ASO
1999,1.6856914845455213,1.7184508380711006,NE005008,2,ASO
2000,0.7526187415617658,0.7771882567059507,NE005008,2,ASO
2001,0.9787896212096296,0.9951692979724203,NE005008,2,ASO
2002,0.857203765009982,0.8653936033913783,NE005008,2,ASO
2003,1.0403872916135974,1.0403872916135994,NE005008,2,ASO
2004,0.8608652744699528,0.8526754360885604,NE005008,2,ASO
2005,0.9713792439745729,0.9549995672117862,NE005008,2,ASO
2006,1.0328970297656384,1.0083275146214574,NE005008,2,ASO
2007,1.048038626720874,1.015279273195295,NE005008,2,ASO
2008,1.0155720554541847,0.9746228635472116,NE005008,2,ASO
2009,0.7586842515841562,0.7095452212957888,NE005008,2,ASO
2010,1.3306094479646327,1.273280579294871,NE005008,2,ASO
2011,1.075863716958459,1.010345009907303,NE005008,2,ASO
2012,1.036092324420063,0.9623837789875127,NE005008,2,ASO
2013,1.179985036113539,1.0980866522995945,NE005008,2,ASO
2014,1.3426867579406132,1.2525985357452707,NE005008,2,ASO
2015,1.2437348895175795,1.1454568289408427,NE005008,2,ASO
2016,1.1618284701202672,1.055360571162136,NE005008,2,ASO
2017,0.9127247695974197,0.7980670322578942,NE005008,2,ASO
2018,1.1834582039590267,1.060610628238107,NE005008,2,ASO
2019,1.423232127478109,1.292194713375795,NE005008,2,ASO
2020,1.6478039917973812,1.5085767393136729,NE005008,2,ASO
2021,0.6033459513636966,0.45592886049859394,NE005008,2,ASO
2022,1.224997106639265,1.0693901773927645,NE005008,2,ASO
2023,0.9747338772482491,0.8109371096203543,NE005008,2,ASO
2024,2.0808138589718266,1.9088272529625374,NE005008,2,ASO
2025,0.9119474763756646,0.7317710319849812,NE005008,2,ASO
2026,0.6234737347160073,0.4351074519439295,NE005008,2,ASO
1981,0.3312123194444288,0.353060214712646,NE005008,2,SON
1982,0.808480222740025,0.8293350318596867,NE005008,2,SON
1983,0.30685680997154774,0.3267185329426543,NE005008,2,SON
1984,0.3683801015538118,0.3872487383763629,NE005008,2,SON
1985,0.5932286748175273,0.611104225491523,NE005008,2,SON
1986,0.6807276661033317,0.6976101306287722,NE005008,2,SON
1987,0.4472185718012775,0.4631079501781626,NE005008,2,SON
1988,0.3644391368601759,0.3793354290885058,NE005008,2,SON
1989,0.5991973594817434,0.6131005655615178,NE005008,2,SON
1990,0.22134095875213977,0.23425107868335882,NE005008,2,SON
1991,0.014339932737592431,0.026256966520256275,NE005008,2,SON
1992,0.36210661951690815,0.37303056715101657,NE005008,2,SON
1993,0.3493534733727297,0.3592843348582829,NE005008,2,SON
1994,0.9398128516776371,0.9487506270146349,NE005008,2,SON
1995,0.430063810192773,0.4380084993812154,NE005008,2,SON
1996,0.5946172588112729,0.6015688618511601,NE005008,2,SON
1997,0.4724893640424245,0.47844788093375623,NE005008,2,SON
1998,0.8560741890008615,0.8610396197436381,NE005008,2,SON
1999,0.8289367788798034,0.8329091234740246,NE005008,2,SON
2000,0.17482996713058824,0.17780922557625395,NE005008,2,SON
2001,0.5450940041674268,0.5470801764645373,NE005008,2,SON
2002,0.4135918788713333,0.4145849650198884,NE005008,2,SON
2003,0.5431036814636971,0.5431036814636968,NE005008,2,SON
2004,0.31855445633270874,0.3175613701841532,NE005008,2,SON
2005,0.4437324699578636,0.44174629766075263,NE005008,2,SON
2006,0.5258009377289827,0.5228216792833166,NE005008,2,SON
2007,0.4782520017574978,0.47427965716327625,NE005008,2,SON
2008,0.5762892212558277,0.5713237905130507,NE005008,2,SON
2009,0.29768030204477264,0.29172178515344044,NE005008,2,SON
2010,0.697640491433533,0.6906888883936454,NE005008,2,SON
2011,0.3610595320367521,0.3531148428483093,NE005008,2,SON
2012,0.22599837438872755,0.2170605990517293,NE005008,2,SON
2013,0.33684584888183844,0.3269149873962848,NE005008,2,SON
2014,0.5372587894493118,0.5263348418152027,NE005008,2,SON
2015,0.641860645282292,0.6299436114996277,NE005008,2,SON
2016,0.4097873897900108,0.3968772698587913,NE005008,2,SON
2017,0.1726513462460324,0.15874814016625727,NE005008,2,SON
2018,0.6474662592488477,0.6325699670205174,NE005008,2,SON
2019,0.486474526595532,0.47058514821864644,NE005008,2,SON
2020,0.5746548784373722,0.5577724139119314,NE005008,2,SON
2021,0.24974253536643973,0.23186698469244338,NE005008,2,SON
2022,0.5763491537518528,0.5574805169293012,NE005008,2,SON
2023,0.5053321924824424,0.48547046951133566,NE005008,2,SON
2024,0.895148328005918,0.8742935188862556,NE005008,2,SON
2025,0.5334678649286528,0.5116199696604352,NE005008,2,SON
2026,0.3180587746412026,0.29521779322442976,NE005008,2,SON
1981,0.09263332404526248,0.15661848217881985,NE001002,2,JAS
1982,0.07091534580521063,0.13199208765997023,NE001002,2,JAS
1983,0.03448871486236246,0.09265704043832337,NE001002,2,JAS
1984,0.0010641024142697408,0.056324011711432864,NE001002,2,JAS
1985,0.11762099426524156,0.1699724872836069,NE001002,2,JAS
1986,0.13279771994953382,0.18224079668910137,NE001002,2,JAS
1987,0.15680772142855215,0.20334238188932102,NE001002,2,JAS
1988,0.17144940911440515,0.21507565329637623,NE001002,2,JAS
1989,0.19353580977787493,0.23425363768104823,NE001002,2,JAS
1990,0.09351302430814036,0.13132243593251586,NE001002,2,JAS
1991,0.1442296036193128,0.17913059896488964,NE001002,2,JAS
1992,0.16196883852039945,0.1939614175871785,NE001002,2,JAS
1993,0.08505020332199495,0.11413436610997621,NE001002,2,JAS
1994,0.2535024391521544,0.2796781856613379,NE001002,2,JAS
1995,0.18244505721830934,0.20571238744869413,NE001002,2,JAS
1996,0.04048912204475269,0.0608480359963397,NE001002,2,JAS
1997,0.20532687341715977,0.222777371089949,NE001002,2,JAS
1998,0.2586394965602035,0.27318157795419495,NE001002,2,JAS
1999,0.48148051719636775,0.4931141823115605,NE001002,2,JAS
2000,0.12780565998924534,0.1365309088256403,NE001002,2,JAS
2001,0.11714605732829453,0.12296288988589171,NE001002,2,JAS
2002,0.14217501232433133,0.14508342860313073,NE001002,2,JAS
2003,0.10414673485741285,0.10414673485741358,NE001002,2,JAS
2004,0.09368259428136143,0.09077417800256436,NE001002,2,JAS
2005,0.09470341828724999,0.08888658572965513,NE001002,2,JAS
2006,0.10353135741359136,0.09480610857719872,NE001002,2,JAS
2007,0.20240283587704244,0.19076917076185113,NE001002,2,JAS
2008,0.16152801383605095,0.14698593244206185,NE001002,2,JAS
2009,0.0701309896958116,0.0526804920230247,NE001002,2,JAS
2010,0.25296365458356534,0.23260474063198067,NE001002,2,JAS
2011,0.1657260608926246,0.14245873066224124,NE001002,2,JAS
2012,0.18562831897398968,0.15945257246480854,NE001002,2,JAS
2013,0.12305624817273861,0.09397208538475968,NE001002,2,JAS
2014,0.15402240395559247,0.12202982488881575,NE001002,2,JAS
2015,0.24224621489028328,0.2073452195447079,NE001002,2,JAS
2016,0.2122437535977804,0.1744343419734072,NE001002,2,JAS
2017,0.1689149015406478,0.12819707363747684,NE001002,2,JAS
2018,0.35300250718993015,0.3093762630079614,NE001002,2,JAS
2019,0.4058200730150697,0.3592854125543023,NE001002,2,JAS
2020,0.20222509635507518,0.15278201961550997,NE001002,2,JAS
2021,0.09421904419653353,0.04186755117817054,NE001002,2,JAS
2022,0.1415099876731809,0.08625007837602011,NE001002,2,JAS
2023,0.13498878421233862,0.07682045863637915,NE001002,2,JAS
2024,0.4107524986075973,0.3496757567528401,NE001002,2,JAS
2025,0.18182365798428396,0.11783849985072892,NE001002,2,JAS
2026,0.058814632997060384,-0.008078941415292445,NE001002,2,JAS
1981,0.04320085244402347,0.10186397921240767,NE001002,2,ASO
1982,0.07049219792912892,0.12648881893531339,NE001002,2,ASO
1983,0.02493790586115746,0.07826802110514308,NE001002,2,ASO
1984,0.010575381691578706,0.06123899117336548,NE001002,2,ASO
1985,0.09074388967740227,0.1387409933969893,NE001002,2,ASO
1986,0.11009168824473212,0.1554222862021203,NE001002,2,ASO
1987,0.13783936131731572,0.1805034535125042,NE001002,2,ASO
1988,0.1510313268084902,0.19102891324147983,NE001002,2,ASO
1989,0.15447816365853734,0.19180924432932722,NE001002,2,ASO
1990,0.03871946230815537,0.07338403721674641,NE001002,2,ASO
1991,0.10769401298379222,0.13969208213018353,NE001002,2,ASO
1992,0.10946855034638234,0.1388001137305748,NE001002,2,ASO
1993,0.08009845999378995,0.10676351761578268,NE001002,2,ASO
1994,0.26282853952035506,0.28682709138014895,NE001002,2,ASO
1995,0.1673352954089261,0.18866734150652026,NE001002,2,ASO
1996,0.03221234020031202,0.050877880535707326,NE001002,2,ASO
1997,0.19395367553867776,0.20995271011187333,NE001002,2,ASO
1998,0.1911235682514591,0.20445609706245582,NE001002,2,ASO
1999,0.45025495104182556,0.46092097409062255,NE001002,2,ASO
2000,0.024283977773955648,0.032283495060553793,NE001002,2,ASO
2001,0.06762961103085896,0.07296262255525737,NE001002,2,ASO
2002,0.08221493006636914,0.0848814358285687,NE001002,2,ASO
2003,0.08915755485189368,0.08915755485189351,NE001002,2,ASO
2004,0.049512360439605774,0.04684585467740676,NE001002,2,ASO
2005,0.08187920377752733,0.07654619225312859,NE001002,2,ASO
2006,0.08854131896251619,0.0805418016759186,NE001002,2,ASO
2007,0.16304354676204716,0.15237752371324984,NE001002,2,ASO
2008,0.13307876023496404,0.11974623142396787,NE001002,2,ASO
2009,0.058978736277346455,0.04297970170415055,NE001002,2,ASO
2010,0.1617052133058492,0.14303967297045445,NE001002,2,ASO
2011,0.12033912858815997,0.09900708249056549,NE001002,2,ASO
2012,0.14887825025095058,0.12487969839115726,NE001002,2,ASO
2013,0.1128740638906198,0.08620900626862674,NE001002,2,ASO
2014,0.13143529855717512,0.10210373517298321,NE001002,2,ASO
2015,0.21768434607004367,0.18568627692365203,NE001002,2,ASO
2016,0.11428234151623903,0.07961776660764855,NE001002,2,ASO
2017,0.12094611657921471,0.08361503590842449,NE001002,2,ASO
2018,0.3370535393947449,0.29705595296175585,NE001002,2,ASO
2019,0.37315102276294,0.3304869305677512,NE001002,2,ASO
2020,0.18075797968616653,0.13542738172877888,NE001002,2,ASO
2021,0.06380144907127991,0.015804345351692534,NE001002,2,ASO
2022,0.10824953876853569,0.057585929286749465,NE001002,2,ASO
2023,0.13627286501312116,0.08294274976913521,NE001002,2,ASO
2024,0.3821363909844841,0.3261397699782993,NE001002,2,ASO
2025,0.15653445065236166,0.09787132388397712,NE001002,2,ASO
2026,0.07019325526936111,0.008863622738777721,NE001002,2,ASO
1981,-0.002013152115091378,0.006593552624887734,NE001002,2,SON
1982,0.025707773074333997,0.03392326396249583,NE001002,2,SON
1983,-0.003023968285618378,0.004800308750726276,NE001002,2,SON
1984,0.008598261827865026,0.016031325012392395,NE001002,2,SON
1985,0.016966447468812276,0.024008296801522472,NE001002,2,SON
1986,0.044485228381319984,0.051135863862212895,NE001002,2,SON
1987,0.02771910269238583,0.03397852432146146,NE001002,2,SON
1988,0.027727850416698563,0.033596058193957015,NE001002,2,SON
1989,0.029998582517393485,0.03547557644283465,NE001002,2,SON
1990,0.009463757127417025,0.014549537201041018,NE001002,2,SON
1991,0.0002578403080821974,0.0049524065298889065,NE001002,2,SON
1992,0.010278157564237445,0.01458150993422698,NE001002,2,SON
1993,0.038662280697215626,0.042574419215387876,NE001002,2,SON
1994,0.13600739733424855,0.1395283220006035,NE001002,2,SON
1995,0.03652929520010562,0.039659006014643415,NE001002,2,SON
1996,0.02851714043940893,0.03125563740212944,NE001002,2,SON
1997,0.051294423124395694,0.05364170623529903,NE001002,2,SON
1998,0.0920796026709346,0.09403567193002065,NE001002,2,SON
1999,0.0558996960183416,0.05746455142561047,NE001002,2,SON
2000,-0.001018729103825014,0.00015491245162657652,NE001002,2,SON
2001,0.016477506763620548,0.017259934467254965,NE001002,2,SON
2002,0.024814968451316036,0.02520618230313317,NE001002,2,SON
2003,0.01823753248036339,0.018237532480363236,NE001002,2,SON
2004,0.0029289092692328517,0.0025376954174155253,NE001002,2,SON
2005,0.031123214314103306,0.030340786610468694,NE001002,2,SON
2006,0.014250713155506974,0.013077071600055189,NE001002,2,SON
2007,0.03397799066497631,0.03241313525770724,NE001002,2,SON
2008,0.034012384550622624,0.03205631529153638,NE001002,2,SON
2009,0.039825429375556276,0.03747814626465275,NE001002,2,SON
2010,0.05752073307681681,0.054782236114095995,NE001002,2,SON
2011,0.0031593778476124434,2.966703307445695e-05,NE001002,2,SON
2012,-0.0019960629883309725,-0.005516987654686244,NE001002,2,SON
2013,0.0057093107776048126,0.0017971722594323676,NE001002,2,SON
2014,0.01910648240144873,0.014803130031459,NE001002,2,SON
2015,0.09621999024505913,0.09152542402325223,NE001002,2,SON
2016,0.015198884624173912,0.010113104550549722,NE001002,2,SON
2017,0.003200534781226276,-0.002276459144215197,NE001002,2,SON
2018,0.025564600666077106,0.01969639288881846,NE001002,2,SON
2019,0.01720347364550616,0.010944052016430228,NE001002,2,SON
2020,0.036091241086279285,0.02944060560538618,NE001002,2,SON
2021,0.004590204709675215,-0.002451644623035175,NE001002,2,SON
2022,0.025235573180861556,0.017802509996333992,NE001002,2,SON
2023,0.0236617421941217,0.015837465157776853,NE001002,2,SON
2024,0.12993040889999763,0.12171491801183561,NE001002,2,SON
2025,0.06971686993062759,0.06111016519064828,NE001002,2,SON
2026,0.024935757938056802,0.01593783934626021,NE001002,2,SON
1981,0.22884652437673292,0.2694436872190972,NE001001,2,JAS
1982,0.29076128375629484,0.3295131210149153,NE001001,2,JAS
1983,0.209541513933708,0.24644802560858464,NE001001,2,JAS
1984,0.03631159608860968,0.07137278217974247,NE001001,2,JAS
1985,0.39720128876591876,0.4304171492733077,NE001001,2,JAS
1986,0.2895701331699483,0.3209406680935934,NE001001,2,JAS
1987,0.23217003504677533,0.2616952443866766,NE001001,2,JAS
1988,0.6227802967661751,0.6504601805223329,NE001001,2,JAS
1989,0.49216693380449117,0.5180014919769051,NE001001,2,JAS
1990,0.3108382298678499,0.3348274624565201,NE001001,2,JAS
1991,0.4600139554055956,0.48215786241052194,NE001001,2,JAS
1992,0.3606511536068111,0.3809497350279936,NE001001,2,JAS
1993,0.36677200868895976,0.38522526452639844,NE001001,2,JAS
1994,0.7274787352790165,0.7440866655327114,NE001001,2,JAS
1995,0.3934931290471198,0.4082557337170708,NE001001,2,JAS
1996,0.16031032815803872,0.17322760724424588,NE001001,2,JAS
1997,0.34784402364592165,0.35891597714838497,NE001001,2,JAS
1998,0.6047328799110891,0.6139595078298086,NE001001,2,JAS
1999,0.7854904199098898,0.7928717222448654,NE001001,2,JAS
2000,0.36571875699991735,0.37125473375114915,NE001001,2,JAS
2001,0.2532179699949786,0.25690862116246654,NE001001,2,JAS
2002,0.30243295814580673,0.30427828372955085,NE001001,2,JAS
2003,0.2928377265802551,0.29283772658025536,NE001001,2,JAS
2004,0.15336290190691582,0.15151757632317225,NE001001,2,JAS
2005,0.27583856093658365,0.27214790976909625,NE001001,2,JAS
2006,0.23124503714040182,0.22570906038917057,NE001001,2,JAS
2007,0.36930026894897733,0.36191896661400225,NE001001,2,JAS
2008,0.3448044845926527,0.3355778566739338,NE001001,2,JAS
2009,0.2023945176283596,0.19132256412589685,NE001001,2,JAS
2010,0.686798648820371,0.6738813697341643,NE001001,2,JAS
2011,0.2916110700265059,0.27684846535655544,NE001001,2,JAS
2012,0.33127721751352973,0.31466928725983545,NE001001,2,JAS
2013,0.3105944093499634,0.2921411535125253,NE001001,2,JAS
2014,0.36581578757327154,0.3455172061520896,NE001001,2,JAS
2015,0.4154716224391659,0.3933277154342401,NE001001,2,JAS
2016,0.37617250678744274,0.3521832741987731,NE001001,2,JAS
2017,0.36868088321580655,0.3428463250433931,NE001001,2,JAS
2018,0.5815332812684104,0.553853397512253,NE001001,2,JAS
2019,0.6332706809377067,0.6037454715978054,NE001001,2,JAS
2020,0.41441068570199424,0.38304015077834924,NE001001,2,JAS
2021,0.15315560669113545,0.11993974618374664,NE001001,2,JAS
2022,0.3631735059619028,0.3281123198707701,NE001001,2,JAS
2023,0.1806361386550997,0.14372962698022318,NE001001,2,JAS
2024,0.7743757415365642,0.7356239042779438,NE001001,2,JAS
2025,0.3037651711612419,0.2631680083188777,NE001001,2,JAS
2026,0.13070458591916762,0.08826209749305958,NE001001,2,JAS
1981,0.07444375145930257,0.12635041759617552,NE001001,2,ASO
1982,0.2825705107854429,0.3321177830070028,NE001001,2,ASO
1983,0.07303138519230587,0.12021926349855364,NE001001,2,ASO
1984,0.04157898253860115,0.08640746692953677,NE001001,2,ASO
1985,0.3176512320206939,0.36012032249631737,NE001001,2,ASO
1986,0.21930993133361745,0.2594196278939279,NE001001,2,ASO
1987,0.1920375092202082,0.2297878118652065,NE001001,2,ASO
1988,0.5290678401621722,0.5644587488918584,NE001001,2,ASO
1989,0.4154993331057949,0.448530847920168,NE001001,2,ASO
1990,0.19600224781338949,0.22667436871245045,NE001001,2,ASO
1991,0.316059959133674,0.34437268611742283,NE001001,2,ASO
1992,0.20647712297303245,0.23243045604146823,NE001001,2,ASO
1993,0.3192823787581292,0.34287631791125284,NE001001,2,ASO
1994,0.6740767960251506,0.6953113412629621,NE001001,2,ASO
1995,0.35996754180528034,0.3788426931277788,NE001001,2,ASO
1996,0.13462964736738015,0.15114540477456645,NE001001,2,ASO
1997,0.31720820056089655,0.3313645640527707,NE001001,2,ASO
1998,0.48564039749266413,0.49743736706922614,NE001001,2,ASO
1999,0.6284561108682676,0.6378936865295166,NE001001,2,ASO
2000,0.10109707770873805,0.10817525945467488,NE001001,2,ASO
2001,0.1371969120241555,0.14191569985478017,NE001001,2,ASO
2002,0.15853923435407924,0.1608986282693909,NE001001,2,ASO
2003,0.2214776243493139,0.2214776243493134,NE001001,2,ASO
2004,0.08627330582911669,0.08391391191380404,NE001001,2,ASO
2005,0.192687727949157,0.18796894011853132,NE001001,2,ASO
2006,0.2066310086442985,0.19955282689836068,NE001001,2,ASO
2007,0.2859704695587512,0.27653289389750124,NE001001,2,ASO
2008,0.29043546828269856,0.27863849870613555,NE001001,2,ASO
2009,0.1479734040291727,0.13381704053729754,NE001001,2,ASO
2010,0.2627534087061338,0.24623765129894648,NE001001,2,ASO
2011,0.24594056248047366,0.22706541115797332,NE001001,2,ASO
2012,0.26104015276356646,0.23980560752575397,NE001001,2,ASO
2013,0.2593504651524154,0.23575652599929076,NE001001,2,ASO
2014,0.28269633513355186,0.2567430020651151,NE001001,2,ASO
2015,0.36583310189585516,0.33752037491210535,NE001001,2,ASO
2016,0.23896769375942217,0.2082955728603602,NE001001,2,ASO
2017,0.25936074561333633,0.22632923079896222,NE001001,2,ASO
2018,0.537814229416522,0.5024233206868349,NE001001,2,ASO
2019,0.5913167593557255,0.5535664567107261,NE001001,2,ASO
2020,0.35151603042854046,0.311406333868229,NE001001,2,ASO
2021,0.07216217653739765,0.029693086061773177,NE001001,2,ASO
2022,0.31873897806498197,0.27391049367404535,NE001001,2,ASO
2023,0.19204917177086597,0.1448612934646172,NE001001,2,ASO
2024,0.7364966236517603,0.6869493514301985,NE001001,2,ASO
2025,0.2521868686969312,0.20028020256005724,NE001001,2,ASO
2026,0.1075045833715643,0.0532385233193782,NE001001,2,ASO
1981,-0.004918206992322802,0.002886168045756511,NE001001,2,SON
1982,0.03936029077809691,0.046809921496263555,NE001001,2,SON
1983,-0.001199502172786783,0.00589538422546719,NE001001,2,SON
1984,0.023042292427202363,0.029782434505543666,NE001001,2,SON
1985,0.03895043847440251,0.04533583623283103,NE001001,2,SON
1986,0.05782741993291398,0.06385807337142983,NE001001,2,SON
1987,0.05567345969936641,0.06134936881796959,NE001001,2,SON
1988,0.05278551077857963,0.058106675577270145,NE001001,2,SON
1989,0.07000621822292949,0.07497263870170734,NE001001,2,SON
1990,0.015953631726956116,0.02056530788582129,NE001001,2,SON
1991,0.025961827985770722,0.030218759824723114,NE001001,2,SON
1992,0.014296757509114043,0.018198945028153765,NE001001,2,SON
1993,0.19539644892851893,0.198943892127646,NE001001,2,SON
1994,0.29074406518365725,0.2939367640628716,NE001001,2,SON
1995,0.07762577258258944,0.08046372714189115,NE001001,2,SON
1996,0.07459418053226267,0.0770773907716516,NE001001,2,SON
1997,0.07228371753607538,0.07441218345555164,NE001001,2,SON
1998,0.2762461413073164,0.27801986290687997,NE001001,2,SON
1999,0.07260034342083604,0.07401932070048697,NE001001,2,SON
2000,-0.007193615001354778,-0.006129382041616525,NE001001,2,SON
2001,0.04613200395526454,0.04684149259509012,NE001001,2,SON
2002,0.024876130732013335,0.025230875051926137,NE001001,2,SON
2003,0.04899752318358372,0.04899752318358385,NE001001,2,SON
2004,0.0054103589559159615,0.0050556146360034235,NE001001,2,SON
2005,0.025694383333582413,0.024984894693757205,NE001001,2,SON
2006,0.04109235059518425,0.04002811763544637,NE001001,2,SON
2007,0.04521284456872997,0.04379386728907931,NE001001,2,SON
2008,0.07401456786500336,0.07224084626544003,NE001001,2,SON
2009,0.03818229233384708,0.03605382641437108,NE001001,2,SON
2010,0.04992898688540774,0.047445776646019074,NE001001,2,SON
2011,0.015559820950625428,0.01272186639132409,NE001001,2,SON
2012,-0.006585722181624495,-0.009778421060838503,NE001001,2,SON
2013,0.009623442202885572,0.0060759990037587835,NE001001,2,SON
2014,0.03977665729003274,0.03587446977099328,NE001001,2,SON
2015,0.09798074572695059,0.09372381388799847,NE001001,2,SON
2016,0.03803643359960497,0.03342475744074017,NE001001,2,SON
2017,0.0012831853388048722,-0.003683235139972603,NE001001,2,SON
2018,0.05785781563359926,0.052536650834909014,NE001001,2,SON
2019,0.03344767499562043,0.02777176587701751,NE001001,2,SON
2020,0.06079956216173266,0.054768908723217075,NE001001,2,SON
2021,0.00041286002913433484,-0.005972537729293924,NE001001,2,SON
2022,0.0748647317999434,0.06812458972160246,NE001001,2,SON
2023,0.04118631059679067,0.03409142419853707,NE001001,2,SON
2024,0.2805626726702487,0.2731130419520823,NE001001,2,SON
2025,0.11743708933622407,0.10963271429814503,NE001001,2,SON
2026,0.03066438370420302,0.0225052643462113,NE001001,2,SON
1981,1.3404999343202104,1.4870953908068483,NE003008,2,JAS
1982,1.4441372793189857,1.584069305965322,NE003008,2,JAS
1983,1.0514456335370945,1.184714230343129,NE003008,2,JAS
1984,0.8435415298487094,0.9701466968144423,NE003008,2,JAS
1985,1.3847656317756603,1.5047073689010915,NE003008,2,JAS
1986,1.458193907558323,1.5714722148434526,NE003008,2,JAS
1987,1.1646262810660444,1.2712411585108723,NE003008,2,JAS
1988,1.3410475322356126,1.4409989798401406,NE003008,2,JAS
1989,1.5748048444553788,1.6680928622196052,NE003008,2,JAS
1990,1.0556491509009895,1.1422737388249142,NE003008,2,JAS
1991,1.122936888494736,1.202898046578359,NE003008,2,JAS
1992,1.4369467469235864,1.5102444751669077,NE003008,2,JAS
1993,1.2207369962262493,1.287371294629269,NE003008,2,JAS
1994,1.5568106389550687,1.6167815075177867,NE003008,2,JAS
1995,1.4061177253566683,1.4594251640790847,NE003008,2,JAS
1996,1.2752036596354284,1.321847668517543,NE003008,2,JAS
1997,1.0576895531629402,1.0976701322047533,NE003008,2,JAS
1998,1.5499513762782644,1.5832685254797758,NE003008,2,JAS
1999,1.7217210913730545,1.7483748107342643,NE003008,2,JAS
2000,1.1812597621895113,1.2012500517104194,NE003008,2,JAS
2001,1.522020794521303,1.5353476542019093,NE003008,2,JAS
2002,1.4086586992982624,1.4153221291385671,NE003008,2,JAS
2003,1.5181411035614674,1.5181411035614705,NE003008,2,JAS
2004,1.241076638816518,1.2344132089762194,NE003008,2,JAS
2005,1.2857940099494323,1.272467150268832,NE003008,2,JAS
2006,1.3058048289175397,1.2858145393966378,NE003008,2,JAS
2007,1.534254727307193,1.5076010079459894,NE003008,2,JAS
2008,1.4476014116995481,1.414284262498043,NE003008,2,JAS
2009,1.1038371334025607,1.0638565543607539,NE003008,2,JAS
2010,1.5258053798671867,1.4791613709850782,NE003008,2,JAS
2011,1.0193152587602008,0.9660078200377906,NE003008,2,JAS
2012,1.652104127163877,1.5921332586011652,NE003008,2,JAS
2013,1.4656593162042186,1.3990250178012051,NE003008,2,JAS
2014,1.7131175757527695,1.6398198475094543,NE003008,2,JAS
2015,1.5780197024103995,1.4980585443267826,NE003008,2,JAS
2016,1.6736678828769922,1.5870432949530737,NE003008,2,JAS
2017,1.3467189468352891,1.253430929071069,NE003008,2,JAS
2018,1.5411333645766743,1.4411819169721525,NE003008,2,JAS
2019,1.5550306901397482,1.4484158126949247,NE003008,2,JAS
2020,1.479056900938416,1.365778593653291,NE003008,2,JAS
2021,1.0128839050637906,0.8929421679383638,NE003008,2,JAS
2022,1.6759166702312194,1.549311503265491,NE003008,2,JAS
2023,1.1468248910876868,1.0135562942816567,NE003008,2,JAS
2024,1.8388111047703934,1.6988790781240617,NE003008,2,JAS
2025,1.6859804338530395,1.5393849773664061,NE003008,2,JAS
2026,0.7133058594821328,0.5600469731551977,NE003008,2,JAS
1981,1.003448859800543,1.2020394003166186,NE003008,2,ASO
1982,1.2192347094643698,1.4087984072297135,NE003008,2,ASO
1983,0.7069669058808886,0.8875037608955004,NE003008,2,ASO
1984,0.7185916383461181,0.8901016506100016,NE003008,2,ASO
1985,1.1792126029388452,1.341695772451997,NE003008,2,ASO
1986,1.2066497031494279,1.3601060299118513,NE003008,2,ASO
1987,1.0506680850225136,1.1950975690342052,NE003008,2,ASO
1988,1.013364560419588,1.1487672016805477,NE003008,2,ASO
1989,1.437030738626322,1.5634065371365533,NE003008,2,ASO
1990,0.6648852631212355,0.7822342188807351,NE003008,2,ASO
1991,0.8317282227223419,0.9400503357311096,NE003008,2,ASO
1992,1.2393542800103576,1.338649550268397,NE003008,2,ASO
1993,0.8621318852920721,0.9524003127993796,NE003008,2,ASO
1994,1.4169072022635254,1.4981487870201011,NE003008,2,ASO
1995,1.1893423338461413,1.2615570758519887,NE003008,2,ASO
1996,1.123155093473631,1.1863429927287465,NE003008,2,ASO
1997,0.9507431162770477,1.0049041727814314,NE003008,2,ASO
1998,1.3003325116433833,1.3454667253970387,NE003008,2,ASO
1999,1.6151474229709186,1.6512547939738422,NE003008,2,ASO
2000,0.8461158420527706,0.8731963703049623,NE003008,2,ASO
2001,1.1683296212113174,1.186383306712781,NE003008,2,ASO
2002,1.1527745927197233,1.161801435470455,NE003008,2,ASO
2003,1.4160471174316176,1.4160471174316174,NE003008,2,ASO
2004,1.0530102569934652,1.0439834142427367,NE003008,2,ASO
2005,1.0366870704213618,1.0186333849199014,NE003008,2,ASO
2006,1.0990786977945535,1.0719981695423613,NE003008,2,ASO
2007,1.3589204158693315,1.322813044866411,NE003008,2,ASO
2008,1.2281994443573538,1.1830652306037015,NE003008,2,ASO
2009,1.063349737954017,1.009188681449633,NE003008,2,ASO
2010,1.269776269339131,1.2065883700840185,NE003008,2,ASO
2011,0.9193032071768394,0.8470884651709951,NE003008,2,ASO
2012,1.4815053758390264,1.4002637910824538,NE003008,2,ASO
2013,1.3084991405555098,1.2182307130482053,NE003008,2,ASO
2014,1.5652392990301804,1.4659440287721441,NE003008,2,ASO
2015,1.4826243999097335,1.374302286900969,NE003008,2,ASO
2016,1.4295268679794668,1.3121779122199704,NE003008,2,ASO
2017,1.0541407682075217,0.9277649696972934,NE003008,2,ASO
2018,1.4779588478032324,1.3425562065422758,NE003008,2,ASO
2019,1.4712655027043613,1.3268360186926729,NE003008,2,ASO
2020,1.3571629033857553,1.203706576623335,NE003008,2,ASO
2021,0.7524577048361938,0.5899745353230452,NE003008,2,ASO
2022,1.5136676345150004,1.34215762225112,NE003008,2,ASO
2023,1.0760124399301991,0.8954755849155869,NE003008,2,ASO
2024,1.6155129146988911,1.4259492169335506,NE003008,2,ASO
2025,1.4378380819672631,1.2392475414511908,NE003008,2,ASO
2026,0.8103237432794472,0.602706360012643,NE003008,2,ASO
1981,0.34290700719244965,0.3855031070953669,NE003008,2,SON
1982,0.7676575122355379,0.8083174257792318,NE003008,2,SON
1983,0.22812452589223198,0.2668482530767021,NE003008,2,SON
1984,0.44190605327455185,0.47869359409979867,NE003008,2,SON
1985,0.6793757098727875,0.714227064338811,NE003008,2,SON
1986,0.8592612340120095,0.8921764021188092,NE003008,2,SON
1987,0.6605359010727481,0.6915148828203245,NE003008,2,SON
1988,0.3981410348217612,0.42718383021011386,NE003008,2,SON
1989,0.7701856049526521,0.7972922139817814,NE003008,2,SON
1990,0.24132884526388376,0.26649926793378975,NE003008,2,SON
1991,0.0239143083181641,0.04714854462884632,NE003008,2,SON
1992,0.4470170027171937,0.4683150526686526,NE003008,2,SON
1993,0.4029884753530592,0.42235033894529433,NE003008,2,SON
1994,0.8994652527337706,0.9168909299667825,NE003008,2,SON
1995,0.6556174864056463,0.6711069772794348,NE003008,2,SON
1996,0.8220571568591675,0.8356104613737322,NE003008,2,SON
1997,0.5113525314481342,0.5229696496034756,NE003008,2,SON
1998,0.7900658422433235,0.7997467740394412,NE003008,2,SON
1999,0.8553425996500128,0.8630873450869071,NE003008,2,SON
2000,0.30756342844819706,0.3133719875258676,NE003008,2,SON
2001,0.6728847949428327,0.6767571676612799,NE003008,2,SON
2002,0.6017626807083372,0.603698867067561,NE003008,2,SON
2003,0.5693229496536761,0.5693229496536762,NE003008,2,SON
2004,0.30262487904599683,0.3006886926867736,NE003008,2,SON
2005,0.4899244088197225,0.4860520361012755,NE003008,2,SON
2006,0.3919440182962657,0.3861354592185954,NE003008,2,SON
2007,0.5862306519191757,0.578485906482282,NE003008,2,SON
2008,0.6629580292101496,0.6532770974140322,NE003008,2,SON
2009,0.4487605926003526,0.4371434744450119,NE003008,2,SON
2010,0.6737330550363575,0.660179750521793,NE003008,2,SON
2011,0.3674080804293899,0.35191858955560207,NE003008,2,SON
2012,0.2605313684352536,0.24310569120224246,NE003008,2,SON
2013,0.38680671740382355,0.36744485381158865,NE003008,2,SON
2014,0.5737695413688354,0.5524714914173772,NE003008,2,SON
2015,0.8277378206764078,0.8045035843657258,NE003008,2,SON
2016,0.4967345966694317,0.4715641739995264,NE003008,2,SON
2017,0.3311332496922264,0.30402664066309776,NE003008,2,SON
2018,0.8076372376226105,0.7785944422342581,NE003008,2,SON
2019,0.5662785766950189,0.5352995949474432,NE003008,2,SON
2020,0.7237117144085143,0.6907965463017148,NE003008,2,SON
2021,0.24928394207380722,0.2144325876077844,NE003008,2,SON
2022,0.7645344467197589,0.7277469058945127,NE003008,2,SON
2023,0.7071637181332302,0.6684399909487603,NE003008,2,SON
2024,0.8378734597760162,0.797213546232323,NE003008,2,SON
2025,0.6367244605445337,0.5941283606416167,NE003008,2,SON
2026,0.3628836777592336,0.31835139149709324,NE003008,2,SON
1981,1.3989426213646197,1.5482422331908676,NE006010,2,JAS
1982,1.4212070439517412,1.5637203097858867,NE006010,2,JAS
1983,1.0566632011735961,1.1923901210156391,NE006010,2,JAS
1984,1.0101084720204625,1.139049045870403,NE006010,2,JAS
1985,1.5677945681730452,1.689948796030885,NE006010,2,JAS
1986,1.6882146120751553,1.8035824939408927,NE006010,2,JAS
1987,1.34659610949078,1.4551776453644147,NE006010,2,JAS
1988,1.5899273112459746,1.691722501127507,NE006010,2,JAS
1989,1.7584318435501989,1.8534406874396305,NE006010,2,JAS
1990,1.1696435892217898,1.257866087119119,NE006010,2,JAS
1991,1.4662503970466032,1.5476865489518299,NE006010,2,JAS
1992,1.418545937141095,1.493195743054219,NE006010,2,JAS
1993,1.3647831802544486,1.432646640175472,NE006010,2,JAS
1994,1.7674187060417286,1.8284958199706496,NE006010,2,JAS
1995,1.727911804424933,1.7822025723617516,NE006010,2,JAS
1996,1.4231011158487181,1.4706055377934342,NE006010,2,JAS
1997,1.175168740177195,1.2158868161298104,NE006010,2,JAS
1998,1.6663299763861301,1.700261706346643,NE006010,2,JAS
1999,1.7234050802832106,1.750550464251621,NE006010,2,JAS
2000,1.4095030196352532,1.4298620576115628,NE006010,2,JAS
2001,1.6412829487390863,1.6548556407232935,NE006010,2,JAS
2002,1.5836496683193475,1.5904360143114522,NE006010,2,JAS
2003,1.630187819335212,1.6301878193352142,NE006010,2,JAS
2004,1.3280307811767311,1.3212444351846326,NE006010,2,JAS
2005,1.480522779480779,1.466950087496578,NE006010,2,JAS
2006,1.4588888642975957,1.4385298263212922,NE006010,2,JAS
2007,1.5576646326033088,1.5305192486349029,NE006010,2,JAS
2008,1.4926757776493071,1.4587440476888005,NE006010,2,JAS
2009,1.4959817041032404,1.4552636281506313,NE006010,2,JAS
2010,1.5854053530563648,1.5379009311116532,NE006010,2,JAS
2011,1.167603541672003,1.1133127737351889,NE006010,2,JAS
2012,1.6401537303336235,1.5790766164047088,NE006010,2,JAS
2013,1.4483629359975727,1.3804994760765554,NE006010,2,JAS
2014,1.6973009827843142,1.6226511768711944,NE006010,2,JAS
2015,1.8225034814620762,1.741067329556854,NE006010,2,JAS
2016,1.691769776457011,1.603547278559688,NE006010,2,JAS
2017,1.585995855214531,1.4909870113251056,NE006010,2,JAS
2018,1.6044091681072794,1.5026139782257515,NE006010,2,JAS
2019,1.5740008900091609,1.4654193541355305,NE006010,2,JAS
2020,1.7853363064709824,1.6699684246052513,NE006010,2,JAS
2021,1.6333176670073244,1.5111634391494908,NE006010,2,JAS
2022,1.829726917040564,1.7007863431906278,NE006010,2,JAS
2023,1.499589070598182,1.3638621507561435,NE006010,2,JAS
2024,1.7591782109834213,1.616664945149282,NE006010,2,JAS
2025,1.6384833508722192,1.4891837390459775,NE006010,2,JAS
2026,0.9076454038337693,0.7515594460154251,NE006010,2,JAS
1981,1.112699510342601,1.294572499007461,NE006010,2,ASO
1982,1.189090672092052,1.3626967067266929,NE006010,2,ASO
1983,0.8776970083840685,1.0430360889884867,NE006010,2,ASO
1984,0.8979691536083484,1.0550412801825475,NE006010,2,ASO
1985,1.3446313868947226,1.493436559438699,NE006010,2,ASO
1986,1.3085303818261376,1.4490686003398947,NE006010,2,ASO
1987,1.2530838701907614,1.3853551346742958,NE006010,2,ASO
1988,1.3200504567367433,1.4440547671900585,NE006010,2,ASO
1989,1.5794622826090496,1.6951996390321422,NE006010,2,ASO
1990,0.8770919696009288,0.9845623719938023,NE006010,2,ASO
1991,1.0230859787890956,1.1222894271517463,NE006010,2,ASO
1992,1.0644015370637239,1.1553380313961554,NE006010,2,ASO
1993,1.1152602868604542,1.197929827162663,NE006010,2,ASO
1994,1.581183665904097,1.6555862521760867,NE006010,2,ASO
1995,1.5627239838333713,1.6288596160751383,NE006010,2,ASO
1996,1.305817903320497,1.363686581532045,NE006010,2,ASO
1997,1.1111235649949966,1.1607252891763218,NE006010,2,ASO
1998,1.3977605855173518,1.4390953556684578,NE006010,2,ASO
1999,1.6035955580201702,1.6366633741410535,NE006010,2,ASO
2000,1.1007728793390203,1.1255737414296845,NE006010,2,ASO
2001,1.2969307166359993,1.3134646246964408,NE006010,2,ASO
2002,1.3347868144122486,1.3430537684424708,NE006010,2,ASO
2003,1.4818019024148597,1.4818019024148592,NE006010,2,ASO
2004,1.130822799711353,1.1225558456811333,NE006010,2,ASO
2005,1.3256696766197138,1.3091357685592715,NE006010,2,ASO
2006,1.222168963762415,1.1973681016717534,NE006010,2,ASO
2007,1.3433444668881898,1.3102766507673056,NE006010,2,ASO
2008,1.2315311790036285,1.1901964088525252,NE006010,2,ASO
2009,1.4134772223252368,1.3638754981439107,NE006010,2,ASO
2010,1.421127636552208,1.363258958340663,NE006010,2,ASO
2011,1.0832306895774708,1.017095057335703,NE006010,2,ASO
2012,1.3260873518777807,1.2516847656057937,NE006010,2,ASO
2013,1.3807412603000193,1.2980717199978096,NE006010,2,ASO
2014,1.5362974087114387,1.4453609143790098,NE006010,2,ASO
2015,1.7589068040596125,1.659703355696961,NE006010,2,ASO
2016,1.354291053002795,1.2468206506099242,NE006010,2,ASO
2017,1.392803199659384,1.2770658432362905,NE006010,2,ASO
2018,1.5649749063660985,1.4409705959127859,NE006010,2,ASO
2019,1.4415208432124091,1.3092495787288738,NE006010,2,ASO
2020,1.6143065565736874,1.473768338059933,NE006010,2,ASO
2021,1.3718081396418749,1.2230029670978977,NE006010,2,ASO
2022,1.5933249205615905,1.4362527939873941,NE006010,2,ASO
2023,1.4197956938643403,1.2544566132599213,NE006010,2,ASO
2024,1.4328199096370402,1.259213875002402,NE006010,2,ASO
2025,1.3898357003342283,1.2079627116693674,NE006010,2,ASO
2026,1.0905505648934122,0.9004106221983321,NE006010,2,ASO
1981,0.5097012075424106,0.5953829058069998,NE006010,2,SON
1982,0.6954183035355123,0.7772053791517111,NE006010,2,SON
1983,0.43526970830983636,0.5131621612776447,NE006010,2,SON
1984,0.5582463048149452,0.6322441351343631,NE006010,2,SON
1985,0.678049053810166,0.7481522614811934,NE006010,2,SON
1986,0.8944193131010403,0.9606278981236772,NE006010,2,SON
1987,0.8776952486804103,0.9400092110546576,NE006010,2,SON
1988,0.6099231775618057,0.6683425172876626,NE006010,2,SON
1989,0.9435541726915192,0.9980788897689856,NE006010,2,SON
1990,0.29940733756562243,0.3500374319946984,NE006010,2,SON
1991,0.22787322677419275,0.27460869855487824,NE006010,2,SON
1992,0.4641651795045949,0.5070060286368899,NE006010,2,SON
1993,0.5701197004673332,0.6090659269512386,NE006010,2,SON
1994,0.9774711875241472,1.0125227913596622,NE006010,2,SON
1995,0.8569898810742632,0.8881468622613877,NE006010,2,SON
1996,0.7979455667380373,0.8252079252767713,NE006010,2,SON
1997,0.643188381994865,0.6665561178852086,NE006010,2,SON
1998,0.89727888776159,0.916752001003544,NE006010,2,SON
1999,0.9355360723726222,0.9511145629661857,NE006010,2,SON
2000,0.4342868395465835,0.44597070749175655,NE006010,2,SON
2001,0.8432495315177077,0.8510387768144902,NE006010,2,SON
2002,0.8227068011121776,0.8266014237605698,NE006010,2,SON
2003,0.6396238031950296,0.6396238031950313,NE006010,2,SON
2004,0.4177470019282654,0.4138523792798775,NE006010,2,SON
2005,0.6653056516245649,0.6575164063277865,NE006010,2,SON
2006,0.4847549004665355,0.4730710325213667,NE006010,2,SON
2007,0.6093495322360809,0.5937710416425216,NE006010,2,SON
2008,0.8168795075759757,0.7974063943340259,NE006010,2,SON
2009,0.7832494742488176,0.7598817383584774,NE006010,2,SON
2010,0.7412510100431218,0.713988651504392,NE006010,2,SON
2011,0.5045669489620797,0.47340996777495936,NE006010,2,SON
2012,0.46688881786033776,0.431837214024827,NE006010,2,SON
2013,0.5607867889941467,0.5218405625102455,NE006010,2,SON
2014,0.8430128802201999,0.8001720310879082,NE006010,2,SON
2015,1.0456229086817046,0.9988874369010224,NE006010,2,SON
2016,0.6663452081897235,0.6157151137606518,NE006010,2,SON
2017,0.5812481029381186,0.5267233858606564,NE006010,2,SON
2018,0.9806145196546896,0.9221951799288369,NE006010,2,SON
2019,0.7863192519702539,0.7240052895960107,NE006010,2,SON
2020,0.8797234093051383,0.8135148242825047,NE006010,2,SON
2021,0.31212305016495434,0.24201984249393027,NE006010,2,SON
2022,0.9246049253666335,0.8506070950472199,NE006010,2,SON
2023,0.9317757046457651,0.853883251677961,NE006010,2,SON
2024,0.9480777138990442,0.8662906382828496,NE006010,2,SON
2025,0.7735174011725343,0.6878357029079493,NE006010,2,SON
2026,0.5071207434232747,0.4175444225102992,NE006010,2,SON
1981,1.1137018685866071,1.2665779731678364,NE003003,2,JAS
1982,1.2567129025051782,1.4026400932418062,NE003003,2,JAS
1983,0.8292639428456052,0.9682422197376319,NE003003,2,JAS
1984,0.6021766485928258,0.7342060116402512,NE003003,2,JAS
1985,1.1628193883874542,1.2878998375902784,NE003003,2,JAS
1986,1.1548442889777986,1.2729758243360214,NE003003,2,JAS
1987,1.0097450164245463,1.1209276379381679,NE003003,2,JAS
1988,1.040632446909926,1.1448661545789462,NE003003,2,JAS
1989,1.2705590510409106,1.3678438448653296,NE003003,2,JAS
1990,0.8712928687811146,0.9616287487609323,NE003003,2,JAS
1991,0.8792379345665735,0.96262490070179,NE003003,2,JAS
1992,1.073215223031082,1.1496532753216973,NE003003,2,JAS
1993,0.9294079464575322,0.9988970849035461,NE003003,2,JAS
1994,1.3175852082615318,1.3801254328629444,NE003003,2,JAS
1995,1.1205797752301878,1.1761710859869992,NE003003,2,JAS
1996,0.9352686696091403,0.9839110665213504,NE003003,2,JAS
1997,1.0676069091273483,1.1093003921949571,NE003003,2,JAS
1998,1.362102765350654,1.3968473345736616,NE003003,2,JAS
1999,1.6903836551087217,1.718179310487128,NE003003,2,JAS
2000,1.0665212740476018,1.0873680155814067,NE003003,2,JAS
2001,1.3040189348909696,1.3179167625801733,NE003003,2,JAS
2002,0.9978511303589611,1.0048000442035634,NE003003,2,JAS
2003,1.1209087642341078,1.120908764234109,NE003003,2,JAS
2004,0.8555143861139318,0.8485654722693317,NE003003,2,JAS
2005,1.1639845519554748,1.1500867242662733,NE003003,2,JAS
2006,1.0170223236466145,0.9961755821128118,NE003003,2,JAS
2007,1.3381666651031208,1.3103710097247168,NE003003,2,JAS
2008,1.058208681094379,1.0234641118713736,NE003003,2,JAS
2009,0.7677965939533014,0.7261031108856948,NE003003,2,JAS
2010,1.414700014650971,1.366057617738763,NE003003,2,JAS
2011,0.9641409938435286,0.9085496830867195,NE003003,2,JAS
2012,1.4373780967247418,1.3748378721233314,NE003003,2,JAS
2013,1.3356476661635501,1.2661585277175385,NE003003,2,JAS
2014,1.460958690358562,1.3845206380679491,NE003003,2,JAS
2015,1.363561950793069,1.2801749846578547,NE003003,2,JAS
2016,1.4082835054700256,1.31794762549021,NE003003,2,JAS
2017,1.1198583020150585,1.0225735081906417,NE003003,2,JAS
2018,1.3730252518706398,1.2687915442016218,NE003003,2,JAS
2019,1.280453709416912,1.1692710879032926,NE003003,2,JAS
2020,1.5195655823398164,1.4014340469815958,NE003003,2,JAS
2021,0.6653106138298455,0.5402301646270236,NE003003,2,JAS
2022,1.2849616528496157,1.1529322898021925,NE003003,2,JAS
2023,0.8483793997514522,0.7094011228594277,NE003003,2,JAS
2024,1.7899993687286657,1.64407217799204,NE003003,2,JAS
2025,1.3287294601208088,1.1758533555395818,NE003003,2,JAS
2026,0.4601631476932845,0.3003381292674562,NE003003,2,JAS
1981,0.7673164897988045,0.9681051617047525,NE003003,2,ASO
1982,1.0514579357911555,1.2431198498831975,NE003003,2,ASO
1983,0.5090442813489584,0.6915794376270943,NE003003,2,ASO
1984,0.49982784015991516,0.6732362386241451,NE003003,2,ASO
1985,0.9833961036637557,1.147677744314076,NE003003,2,ASO
1986,0.9809960713645804,1.1361509542009947,NE003003,2,ASO
1987,0.9115737992840367,1.0576019243065449,NE003003,2,ASO
1988,0.841674643857334,0.9785760110659362,NE003003,2,ASO
1989,1.1878483997295688,1.3156230091242649,NE003003,2,ASO
1990,0.401354633907712,0.5200024854884985,NE003003,2,ASO
1991,0.5741163786571819,0.6836374724240624,NE003003,2,ASO
1992,0.9160294403990672,1.0164237763520416,NE003003,2,ASO
1993,0.649746782916227,0.7410143610552954,NE003003,2,ASO
1994,1.1800767427621057,1.262217563087268,NE003003,2,ASO
1995,0.9282144882866454,1.0012285507979017,NE003003,2,ASO
1996,0.8225390704564526,0.8864263751537993,NE003003,2,ASO
1997,1.024834007970369,1.0795945548538097,NE003003,2,ASO
1998,1.1607936236243235,1.2064274126938581,NE003003,2,ASO
1999,1.5937432560340912,1.6302502872897198,NE003003,2,ASO
2000,0.5308609213494689,0.5582411947911915,NE003003,2,ASO
2001,0.8963851627242057,0.9146386783520186,NE003003,2,ASO
2002,0.694023002188852,0.703149760002759,NE003003,2,ASO
2003,0.977359710228174,0.9773597102281749,NE003003,2,ASO
2004,0.684298144482425,0.6751713866685198,NE003003,2,ASO
2005,0.9725996266549758,0.9543461110271646,NE003003,2,ASO
2006,0.851356276122655,0.8239760026809377,NE003003,2,ASO
2007,1.182359028770702,1.1458519975150752,NE003003,2,ASO
2008,0.9264306819854069,0.880796892915874,NE003003,2,ASO
2009,0.7351234399339096,0.6803628930504707,NE003003,2,ASO
2010,1.1278775770172234,1.0639902723198784,NE003003,2,ASO
2011,0.8432260065879431,0.7702119440766921,NE003003,2,ASO
2012,1.2745523129590723,1.1924114926339118,NE003003,2,ASO
2013,1.235088531889521,1.1438209537504544,NE003003,2,ASO
2014,1.3247835118236617,1.224389175870689,NE003003,2,ASO
2015,1.2666215568709016,1.157100463104023,NE003003,2,ASO
2016,1.1856165124167217,1.066968660835937,NE003003,2,ASO
2017,0.8833078689886261,0.7555332595939354,NE003003,2,ASO
2018,1.2166994615383526,1.0797980943297523,NE003003,2,ASO
2019,1.1899601654832312,1.0439320404607249,NE003003,2,ASO
2020,1.3734692076885275,1.218314324852115,NE003003,2,ASO
2021,0.457702850416283,0.29342120976596453,NE003003,2,ASO
2022,1.137573843636648,0.9641654451724235,NE003003,2,ASO
2023,0.8143606931145888,0.6318255368364547,NE003003,2,ASO
2024,1.701163014644066,1.5095011005520258,NE003003,2,ASO
2025,1.0703953820481844,0.8696067101422382,NE003003,2,ASO
2026,0.5229174249008075,0.3130019951809553,NE003003,2,ASO
1981,0.21242834863770776,0.23427784241010585,NE003003,2,SON
1982,0.6501895498774353,0.6710458848419971,NE003003,2,SON
1983,0.20950529468300694,0.22936847083973255,NE003003,2,SON
1984,0.2846543462228682,0.3035243635717576,NE003003,2,SON
1985,0.5856806708151476,0.6035575293562006,NE003003,2,SON
1986,0.6694011417714756,0.6862848415046923,NE003003,2,SON
1987,0.47391186624209836,0.4898024071674788,NE003003,2,SON
1988,0.2709669204937161,0.28586430261126033,NE003003,2,SON
1989,0.518476138576887,0.532380361886595,NE003003,2,SON
1990,0.08111361907500442,0.09402468357687593,NE003003,2,SON
1991,-0.08804149662546695,-0.07612359093143167,NE003003,2,SON
1992,0.19395720867113087,0.2048819555573299,NE003003,2,SON
1993,0.233332541981071,0.24326413005943381,NE003003,2,SON
1994,0.8124540317493746,0.8213924610199012,NE003003,2,SON
1995,0.4800350886302838,0.48798035909297394,NE003003,2,SON
1996,0.6034359896540825,0.6103881013089364,NE003003,2,SON
1997,0.42530138023961134,0.431260333086629,NE003003,2,SON
1998,0.6956375644851377,0.7006033585243191,NE003003,2,SON
1999,0.6696163312199012,0.6735889664512463,NE003003,2,SON
2000,0.15780479713126971,0.16078427355477842,NE003003,2,SON
2001,0.45864625584731245,0.4606325734629849,NE003003,2,SON
2002,0.32704131348896015,0.3280344722967964,NE003003,2,SON
2003,0.43829164179673014,0.43829164179673014,NE003003,2,SON
2004,0.2022736639854279,0.20128050517759166,NE003003,2,SON
2005,0.3795908719790409,0.3776045543633682,NE003003,2,SON
2006,0.3321971947368956,0.32921771831338664,NE003003,2,SON
2007,0.34748857680846956,0.3435159415771244,NE003003,2,SON
2008,0.4627531488573775,0.4577873548181961,NE003003,2,SON
2009,0.16881515102455,0.16285619817753236,NE003003,2,SON
2010,0.5207739521077827,0.5138218404529286,NE003003,2,SON
2011,0.273012572846299,0.26506730238360865,NE003003,2,SON
2012,0.16044856440927782,0.15151013513875125,NE003003,2,SON
2013,0.21935767853858731,0.2094260904602245,NE003003,2,SON
2014,0.3869569830641555,0.3760322361779562,NE003003,2,SON
2015,0.6212318201076161,0.6093139144135808,NE003003,2,SON
2016,0.2869938762608585,0.27408281175898674,NE003003,2,SON
2017,0.1750618129638203,0.16115758965411256,NE003003,2,SON
2018,0.6264074075655126,0.6115100254479684,NE003003,2,SON
2019,0.37058026087390483,0.35468971994852416,NE003003,2,SON
2020,0.5239552445457661,0.5070715448125495,NE003003,2,SON
2021,0.1800396123216583,0.16216275378060516,NE003003,2,SON
2022,0.5086245607884723,0.48975454343958313,NE003003,2,SON
2023,0.4761222601900537,0.4562590840333281,NE003003,2,SON
2024,0.7650570093733708,0.7442006744088088,NE003003,2,SON
2025,0.44538956781208205,0.42354007403968397,NE003003,2,SON
2026,0.24205264809511226,0.21920999551487771,NE003003,2,SON
1981,0.5721347170404685,0.6494653771385932,NE005011,2,JAS
1982,0.7047342306874395,0.7785498607811047,NE005011,2,JAS
1983,0.5214846346853697,0.5917852347745745,NE005011,2,JAS
1984,0.35983041314235015,0.42661598322709454,NE005011,2,JAS
1985,0.7421292174478762,0.8053997575281602,NE005011,2,JAS
1986,0.7375658170797154,0.7973213271555389,NE005011,2,JAS
1987,0.6609455220144386,0.7171860020858026,NE005011,2,JAS
1988,0.8937832865082407,0.9465087365751443,NE005011,2,JAS
1989,0.8228022258654838,0.872012645927927,NE005011,2,JAS
1990,0.594992490268602,0.6406878803265849,NE005011,2,JAS
1991,0.8261106844694402,0.8682910445229627,NE005011,2,JAS
1992,0.6941940751241922,0.7328594051732551,NE005011,2,JAS
1993,0.789658236012192,0.8248085360567945,NE005011,2,JAS
1994,1.0156641387607657,1.0472994088009078,NE005011,2,JAS
1995,0.6936149443840769,0.7217351844197586,NE005011,2,JAS
1996,0.5531215884309975,0.5777267984622187,NE005011,2,JAS
1997,0.660538750448507,0.6816289304752687,NE005011,2,JAS
1998,1.0491564783955019,1.0667316284178032,NE005011,2,JAS
1999,1.2558959244695411,1.269956044487382,NE005011,2,JAS
2000,0.5802329390465424,0.5907780290599229,NE005011,2,JAS
2001,0.763658664177946,0.7706887241868662,NE005011,2,JAS
2002,0.6848302530858467,0.6883452830903073,NE005011,2,JAS
2003,0.6812801776230628,0.681280177623063,NE005011,2,JAS
2004,0.5749327292735853,0.5714176992691251,NE005011,2,JAS
2005,0.7885567518694144,0.7815266918604938,NE005011,2,JAS
2006,0.6237460313128937,0.6132009412995127,NE005011,2,JAS
2007,0.8357315627391071,0.8216714427212666,NE005011,2,JAS
2008,0.7149378673122858,0.6973627172899849,NE005011,2,JAS
2009,0.4598865171789419,0.4387963371521806,NE005011,2,JAS
2010,0.9161339115779568,0.891528701546735,NE005011,2,JAS
2011,0.7254813246282036,0.6973610845925214,NE005011,2,JAS
2012,0.6560927176924977,0.624457447652356,NE005011,2,JAS
2013,0.6148928174669683,0.5797425174223663,NE005011,2,JAS
2014,0.7447849590603767,0.7061196290113142,NE005011,2,JAS
2015,0.9638156511963454,0.9216352911428225,NE005011,2,JAS
2016,0.846119207529203,0.8004238174712197,NE005011,2,JAS
2017,0.92432900295166,0.8751185828892172,NE005011,2,JAS
2018,0.9222148724116371,0.8694894223447339,NE005011,2,JAS
2019,1.157638071225127,1.1013975911537635,NE005011,2,JAS
2020,0.9214378779902503,0.8616823679144263,NE005011,2,JAS
2021,0.5148389020439234,0.4515683619636398,NE005011,2,JAS
2022,0.6808342252477995,0.6140486551630555,NE005011,2,JAS
2023,0.44731697557021877,0.3770163754810144,NE005011,2,JAS
2024,1.3129845850012425,1.2391689549075777,NE005011,2,JAS
2025,0.647587954699037,0.5702572946009118,NE005011,2,JAS
2026,0.40788971519670475,0.32704402509412006,NE005011,2,JAS
1981,0.2679098419609058,0.37849712504427097,NE005011,2,ASO
1982,0.628880638741209,0.7344412271389665,NE005011,2,ASO
1983,0.32892853360812696,0.4294624273202768,NE005011,2,ASO
1984,0.28627122307056646,0.3817784220971086,NE005011,2,ASO
1985,0.5643393566988397,0.6548198610397742,NE005011,2,ASO
1986,0.575074101454721,0.6605279111100478,NE005011,2,ASO
1987,0.5767880251153925,0.6572151400851134,NE005011,2,ASO
1988,0.720926830920328,0.7963272512044413,NE005011,2,ASO
1989,0.6778841860071773,0.7482579116056828,NE005011,2,ASO
1990,0.3222265002785914,0.38757353119148924,NE005011,2,ASO
1991,0.6553061364351256,0.7156264726624157,NE005011,2,ASO
1992,0.4889945812648969,0.5442882228065794,NE005011,2,ASO
1993,0.6219182573908686,0.6721852042469434,NE005011,2,ASO
1994,0.9432338927113741,0.9884741448818413,NE005011,2,ASO
1995,0.5467492713910777,0.5869628288759389,NE005011,2,ASO
1996,0.45636673285572804,0.4915535956549816,NE005011,2,ASO
1997,0.622589011892405,0.6527491800060509,NE005011,2,ASO
1998,0.9058729251295339,0.9310063985575721,NE005011,2,ASO
1999,1.0932472252419494,1.11335400398438,NE005011,2,ASO
2000,0.3563367203244195,0.3714168043812423,NE005011,2,ASO
2001,0.569467239193804,0.5795206285650192,NE005011,2,ASO
2002,0.42558383120195803,0.4306105258875655,NE005011,2,ASO
2003,0.5520118126006414,0.5520118126006429,NE005011,2,ASO
2004,0.418872957841842,0.41384626315623585,NE005011,2,ASO
2005,0.5895286625089515,0.5794752731377377,NE005011,2,ASO
2006,0.5211529101371537,0.5060728260803322,NE005011,2,ASO
2007,0.6965153463856951,0.676408567643266,NE005011,2,ASO
2008,0.5985020286921533,0.5733685552641165,NE005011,2,ASO
2009,0.3824672302747347,0.3523070621610902,NE005011,2,ASO
2010,0.6627231955089414,0.6275363327096892,NE005011,2,ASO
2011,0.6024371640333591,0.562223606548501,NE005011,2,ASO
2012,0.5140659777935654,0.46882572562309965,NE005011,2,ASO
2013,0.5040819769104372,0.45381503005436374,NE005011,2,ASO
2014,0.6659078910632894,0.6106142495216083,NE005011,2,ASO
2015,0.8877816889541746,0.8274613527268858,NE005011,2,ASO
2016,0.6110738276354927,0.5457267967225962,NE005011,2,ASO
2017,0.7653680657529782,0.694994340154474,NE005011,2,ASO
2018,0.8090687418091808,0.7336683215250689,NE005011,2,ASO
2019,1.0836090282775908,1.0031819133078712,NE005011,2,ASO
2020,0.8067472559245644,0.721293446269239,NE005011,2,ASO
2021,0.32163740431064164,0.2311568999697085,NE005011,2,ASO
2022,0.5607941581980902,0.4652869591715494,NE005011,2,ASO
2023,0.42296907696217506,0.32243518325002657,NE005011,2,ASO
2024,1.2535744031766964,1.1480138147789403,NE005011,2,ASO
2025,0.5591920680088996,0.4486047849255358,NE005011,2,ASO
2026,0.4127044461990783,0.2970904684301068,NE005011,2,ASO
1981,0.07781923582204303,0.12246533538544624,NE005011,2,SON
1982,0.2568038252740711,0.2994205566755011,NE005011,2,SON
1983,0.053971804264570655,0.09455916750402837,NE005011,2,SON
1984,0.12596033448337568,0.1645183295608602,NE005011,2,SON
1985,0.1924371528722458,0.22896577978775715,NE005011,2,SON
1986,0.20803558623758778,0.24253484499112682,NE005011,2,SON
1987,0.21690399222137394,0.2493738828129398,NE005011,2,SON
1988,0.10336032105502134,0.1338008434846149,NE005011,2,SON
1989,0.20060452023888897,0.22901567450650934,NE005011,2,SON
1990,0.0646446039149525,0.09102639002059967,NE005011,2,SON
1991,0.04700291148812402,0.0713553294317989,NE005011,2,SON
1992,0.02670937242406174,0.049032422205763426,NE005011,2,SON
1993,0.41259091143276594,0.43288459305249444,NE005011,2,SON
1994,0.6240742591886792,0.6423385726464355,NE005011,2,SON
1995,0.23118013361258416,0.24741507890836717,NE005011,2,SON
1996,0.20104953322179017,0.21525511035560088,NE005011,2,SON
1997,0.2388217582852758,0.2509979672571133,NE005011,2,SON
1998,0.5821163942403857,0.5922632350502501,NE005011,2,SON
1999,0.29071203389349487,0.2988295065413869,NE005011,2,SON
2000,-0.03121301816188224,-0.025124913675963395,NE005011,2,SON
2001,0.23061756216545695,0.2346762984894026,NE005011,2,SON
2002,0.09377838805906846,0.09580775622104182,NE005011,2,SON
2003,0.22518166258031172,0.2251816625803119,NE005011,2,SON
2004,0.0417278330439502,0.03969846488197806,NE005011,2,SON
2005,0.25248890951278824,0.24843017318884292,NE005011,2,SON
2006,0.1882664691309851,0.1821783646450666,NE005011,2,SON
2007,0.20744992930603912,0.1993324566581483,NE005011,2,SON
2008,0.20325016018293166,0.19310331937306766,NE005011,2,SON
2009,0.15258705656296376,0.14041084759112657,NE005011,2,SON
2010,0.32913855373603235,0.31493297660222286,NE005011,2,SON
2011,0.08880411318963714,0.07256916789385448,NE005011,2,SON
2012,0.09236636245308855,0.07410204899533357,NE005011,2,SON
2013,0.1181567576819623,0.09786307606223413,NE005011,2,SON
2014,0.18686663629016131,0.16454358650845996,NE005011,2,SON
2015,0.4168101079786441,0.39245769003497044,NE005011,2,SON
2016,0.16446067593225255,0.1380788898266057,NE005011,2,SON
2017,0.03002687363100956,0.0016157193633895284,NE005011,2,SON
2018,0.303322978379921,0.2728824559503287,NE005011,2,SON
2019,0.26436659566160736,0.23189670507004184,NE005011,2,SON
2020,0.31550753873051174,0.2810082799769739,NE005011,2,SON
2021,0.0553307735382331,0.018802146622722088,NE005011,2,SON
2022,0.2504774901032134,0.2119194950257292,NE005011,2,SON
2023,0.15379283673307245,0.11320547349361595,NE005011,2,SON
2024,0.6538258051725954,0.6112090737711657,NE005011,2,SON
2025,0.28432209797071106,0.2396759984073082,NE005011,2,SON
2026,0.15583061986007293,0.10915515213469776,NE005011,2,SON
1981,1.0545385853973857,1.1489425703853986,NE004009,2,JAS
1982,1.217190827149589,1.3073037219108743,NE004009,2,JAS
1983,1.0154643645468602,1.1012861690814177,NE004009,2,JAS
1984,0.7347837730040586,0.8163144873118885,NE004009,2,JAS
1985,1.4338747482010976,1.5111143722821998,NE004009,2,JAS
1986,1.2052946806525007,1.2782432145068752,NE004009,2,JAS
1987,1.3047229908611186,1.3733804344887655,NE004009,2,JAS
1988,1.390147088114622,1.4545134415155412,NE004009,2,JAS
1989,1.399021487201462,1.4590967503756533,NE004009,2,JAS
1990,1.1821556946490381,1.2379398675965,NE004009,2,JAS
1991,1.1499684391719385,1.2014615218926727,NE004009,2,JAS
1992,1.3585811442664564,1.405783136760463,NE004009,2,JAS
1993,1.028144416016584,1.071055318283863,NE004009,2,JAS
1994,1.5559487525612061,1.5945685646017573,NE004009,2,JAS
1995,1.149716881460208,1.1840456032740314,NE004009,2,JAS
1996,0.9440051063560136,0.9740427379431095,NE004009,2,JAS
1997,1.174184988042898,1.1999315294032662,NE004009,2,JAS
1998,1.6564488894830212,1.6779043406166616,NE004009,2,JAS
1999,1.7300284663839507,1.7471928272908617,NE004009,2,JAS
2000,0.9581487963555673,0.9710220670357506,NE004009,2,JAS
2001,1.2783357173785417,1.2869178978319973,NE004009,2,JAS
2002,1.0588958986061683,1.0631869888328962,NE004009,2,JAS
2003,1.1736440258052654,1.1736440258052656,NE004009,2,JAS
2004,0.9414383328023128,0.9371472425755853,NE004009,2,JAS
2005,1.2389491497785756,1.2303669693251205,NE004009,2,JAS
2006,1.1736637211945466,1.1607904505143638,NE004009,2,JAS
2007,1.236024914807279,1.2188605539003685,NE004009,2,JAS
2008,1.2323894301721408,1.2109339790385008,NE004009,2,JAS
2009,0.894455637251212,0.8687090958908443,NE004009,2,JAS
2010,1.4893754109536768,1.4593377793665814,NE004009,2,JAS
2011,1.1781229140963032,1.1437941922824801,NE004009,2,JAS
2012,1.1553557676219386,1.1167359555813878,NE004009,2,JAS
2013,1.1786722394934777,1.1357613372261992,NE004009,2,JAS
2014,1.3769146763802258,1.3297126838862197,NE004009,2,JAS
2015,1.4091894965613467,1.357696413840613,NE004009,2,JAS
2016,1.2548097622841814,1.1990255893367199,NE004009,2,JAS
2017,1.3695737311530034,1.3094984679788124,NE004009,2,JAS
2018,1.3055326875257238,1.2411663341248051,NE004009,2,JAS
2019,1.449819698084501,1.3811622544568547,NE004009,2,JAS
2020,1.4809783222374988,1.4080297883831248,NE004009,2,JAS
2021,1.021555683234064,0.9443160591529622,NE004009,2,JAS
2022,1.38733449271031,1.3058037784024805,NE004009,2,JAS
2023,1.1368735278704907,1.0510517233359336,NE004009,2,JAS
2024,1.9611133158943779,1.871000421133093,NE004009,2,JAS
2025,1.2062741084001698,1.1118701234121573,NE004009,2,JAS
2026,0.6879561101582164,0.5892610349434745,NE004009,2,JAS
1981,0.6058488519696201,0.7385751224183621,NE004009,2,ASO
1982,1.0501615725823408,1.1768548307379576,NE004009,2,ASO
1983,0.6868999474601324,0.8075601933226259,NE004009,2,ASO
1984,0.418278819768622,0.5329060533379903,NE004009,2,ASO
1985,1.2443155035643352,1.3529097248405784,NE004009,2,ASO
1986,0.9812258291077391,1.083787038090859,NE004009,2,ASO
1987,1.1497536823850187,1.2462818790750134,NE004009,2,ASO
1988,1.2238223294563453,1.3143175138532148,NE004009,2,ASO
1989,1.1952261586370918,1.279688330740838,NE004009,2,ASO
1990,0.8017676826278173,0.8801968424384383,NE004009,2,ASO
1991,0.9133874784883882,0.9857836260058841,NE004009,2,ASO
1992,1.1071236137813982,1.1734867490057708,NE004009,2,ASO
1993,0.8305886046423927,0.8909187275736401,NE004009,2,ASO
1994,1.4026848208470584,1.4569819314851824,NE004009,2,ASO
1995,1.0106837959553738,1.0589478943003727,NE004009,2,ASO
1996,0.7669492907353399,0.8091803767872137,NE004009,2,ASO
1997,0.9911219727666588,1.0273200465254093,NE004009,2,ASO
1998,1.4829147535317875,1.5130798149974127,NE004009,2,ASO
1999,1.559522560219052,1.583654609391552,NE004009,2,ASO
2000,0.5788747502394951,0.5969737871188718,NE004009,2,ASO
2001,0.8327145200788628,0.8447805446651144,NE004009,2,ASO
2002,0.7462930579462512,0.7523260702393777,NE004009,2,ASO
2003,0.9878660970133057,0.9878660970133089,NE004009,2,ASO
2004,0.7660538079584622,0.7600207956653402,NE004009,2,ASO
2005,0.968933361697074,0.9568673371108268,NE004009,2,ASO
2006,0.9944862502007998,0.9763872133214293,NE004009,2,ASO
2007,1.0138415338951696,0.989709484722674,NE004009,2,ASO
2008,1.0596026142691564,1.0294375528035355,NE004009,2,ASO
2009,0.8123637477837193,0.7761656740249752,NE004009,2,ASO
2010,1.1823841233796355,1.1401530373277662,NE004009,2,ASO
2011,1.0220007119041254,0.973736613559131,NE004009,2,ASO
2012,0.886651406604776,0.8323542959666582,NE004009,2,ASO
2013,1.064846334774148,1.004516211842905,NE004009,2,ASO
2014,1.1098582940889277,1.0434951588645596,NE004009,2,ASO
2015,1.2872151519872355,1.214819004469744,NE004009,2,ASO
2016,0.8699849168305791,0.7915557570199625,NE004009,2,ASO
2017,1.1637175744106723,1.0792554023069305,NE004009,2,ASO
2018,1.1387940615966652,1.0482988771998,NE004009,2,ASO
2019,1.2412093371013608,1.1446811404113706,NE004009,2,ASO
2020,1.3244256520827395,1.2218644430996242,NE004009,2,ASO
2021,0.5864157351776089,0.4778215139013702,NE004009,2,ASO
2022,1.2992417593221826,1.1846145257528187,NE004009,2,ASO
2023,1.0610358652851226,0.9403756194226336,NE004009,2,ASO
2024,1.8562472650963533,1.729554006940741,NE004009,2,ASO
2025,0.9983902153844074,0.8656639449356699,NE004009,2,ASO
2026,0.689698351162674,0.5509390684208113,NE004009,2,ASO
1981,0.14843425631292412,0.18026688934231633,NE004009,2,SON
1982,0.5528637863082084,0.5832494814726282,NE004009,2,SON
1983,0.2546642047100398,0.2836029620094872,NE004009,2,SON
1984,0.2107893699671984,0.2382811894016734,NE004009,2,SON
1985,0.5765755121610598,0.6026203937305629,NE004009,2,SON
1986,0.518062149443833,0.5426600931483636,NE004009,2,SON
1987,0.5118321172036895,0.5349831230432477,NE004009,2,SON
1988,0.3465101292684074,0.3682141972429932,NE004009,2,SON
1989,0.5927220179111437,0.612979148020757,NE004009,2,SON
1990,0.36408067749451495,0.3828908697391559,NE004009,2,SON
1991,-0.008877243661397582,0.008486010718270987,NE004009,2,SON
1992,0.47579537147309625,0.4917116879877924,NE004009,2,SON
1993,0.13602591049846086,0.15049528914818505,NE004009,2,SON
1994,0.9834973774099163,0.9965198181946681,NE004009,2,SON
1995,0.35437509916644133,0.3659506020862207,NE004009,2,SON
1996,0.46513265341598986,0.47526121847079683,NE004009,2,SON
1997,0.42913968096856214,0.4378213081583967,NE004009,2,SON
1998,0.8386984833593158,0.845933172684178,NE004009,2,SON
1999,0.9039025875115445,0.9096903389714343,NE004009,2,SON
2000,0.07589485944248942,0.08023567303740675,NE004009,2,SON
2001,0.5123817274271765,0.5152756031571214,NE004009,2,SON
2002,0.2950622840363665,0.29650922190133944,NE004009,2,SON
2003,0.4676369914088072,0.46763699140880777,NE004009,2,SON
2004,0.2162924276497565,0.21484548978478465,NE004009,2,SON
2005,0.374650126235533,0.37175625050558875,NE004009,2,SON
2006,0.4409484729354248,0.4366076593405081,NE004009,2,SON
2007,0.4899178676471348,0.4841301161872457,NE004009,2,SON
2008,0.6166346676131678,0.6093999782883063,NE004009,2,SON
2009,0.28511497500283556,0.27643334781300166,NE004009,2,SON
2010,0.5078778538677153,0.4977492888129095,NE004009,2,SON
2011,0.3058182910795244,0.29424278815974614,NE004009,2,SON
2012,0.103937642117298,0.09091520133254732,NE004009,2,SON
2013,0.2619899701501691,0.24752059150044603,NE004009,2,SON
2014,0.49923034133321165,0.48331402481851615,NE004009,2,SON
2015,0.6192501375215199,0.601886883141852,NE004009,2,SON
2016,0.2964686782388328,0.27765848599419246,NE004009,2,SON
2017,0.04623732051345186,0.025980190403839143,NE004009,2,SON
2018,0.5025809715015112,0.480876903526926,NE004009,2,SON
2019,0.34435462247568555,0.32120361663612845,NE004009,2,SON
2020,0.5161161127022719,0.49151816899774237,NE004009,2,SON
2021,0.19497628999830452,0.1689314084288026,NE004009,2,SON
2022,0.6397974629151763,0.6123056434807019,NE004009,2,SON
2023,0.4693835003847738,0.44044474308532705,NE004009,2,SON
2024,0.8774051703476499,0.8470194751832307,NE004009,2,SON
2025,0.5725859637062289,0.5407533306768374,NE004009,2,SON
2026,0.3401069352325601,0.30682736433819613,NE004009,2,SON
1981,1.1623361740776992,1.2960622405490672,NE004005,2,JAS
1982,1.2828836525935132,1.4105312614980021,NE004005,2,JAS
1983,1.0331969037703364,1.1547660551079444,NE004005,2,JAS
1984,0.8129918979097848,0.928482591680512,NE004005,2,JAS
1985,1.3961592575707973,1.5055714937746454,NE004005,2,JAS
1986,1.2558229095827453,1.3591566882197126,NE004005,2,JAS
1987,1.256101184548861,1.3533565056189474,NE004005,2,JAS
1988,1.4098163945027877,1.5009932580059933,NE004005,2,JAS
1989,1.3796874294221468,1.4647858353584733,NE004005,2,JAS
1990,1.137851434230188,1.2168713825996336,NE004005,2,JAS
1991,1.0592198692364878,1.1321613600390525,NE004005,2,JAS
1992,1.288652006031324,1.3555150392670097,NE004005,2,JAS
1993,1.0273298975554952,1.0881144732243,NE004005,2,JAS
1994,1.4628677729647916,1.5175738910667156,NE004005,2,JAS
1995,1.2254090850267056,1.2740367455617487,NE004005,2,JAS
1996,1.074705145914386,1.11725434888255,NE004005,2,JAS
1997,1.248209532128606,1.2846802775298891,NE004005,2,JAS
1998,1.4774588196596736,1.507851107494076,NE004005,2,JAS
1999,1.9012160744693394,1.9255299047368608,NE004005,2,JAS
2000,0.9964137068741692,1.0146490795748115,NE004005,2,JAS
2001,1.3507081894616046,1.3628651045953661,NE004005,2,JAS
2002,1.1825093131348299,1.1885877707017105,NE004005,2,JAS
2003,1.2071843108457565,1.207184310845758,NE004005,2,JAS
2004,1.13543458811066,1.1293561305437807,NE004005,2,JAS
2005,1.2283806216925413,1.216223706558781,NE004005,2,JAS
2006,1.182230103428388,1.163994730727747,NE004005,2,JAS
2007,1.2915510718963659,1.2672372416288458,NE004005,2,JAS
2008,1.3045442563500167,1.2741519685156157,NE004005,2,JAS
2009,1.0147942488329444,0.9783235034316626,NE004005,2,JAS
2010,1.562979977172779,1.5204307742046164,NE004005,2,JAS
2011,1.154762471776222,1.1061348112411802,NE004005,2,JAS
2012,1.3313805103963836,1.276674392294461,NE004005,2,JAS
2013,1.301883603703982,1.2410990280351786,NE004005,2,JAS
2014,1.3115518637971117,1.2446888305614292,NE004005,2,JAS
2015,1.4451030145185622,1.3721615237159988,NE004005,2,JAS
2016,1.3396470907992364,1.2606271424297921,NE004005,2,JAS
2017,1.330466753448449,1.2453683475121238,NE004005,2,JAS
2018,1.3338144930042695,1.2426376295010653,NE004005,2,JAS
2019,1.5052238159264872,1.4079684948564022,NE004005,2,JAS
2020,1.757111698720454,1.6537779200834881,NE004005,2,JAS
2021,1.0946633607292409,0.9852511245253959,NE004005,2,JAS
2022,1.4000386454093072,1.2845479516385814,NE004005,2,JAS
2023,1.075827105784795,0.9542579544471883,NE004005,2,JAS
2024,2.1000304487794272,1.9723828398749397,NE004005,2,JAS
2025,1.3548067856206862,1.2210807191493196,NE004005,2,JAS
2026,0.5917815810271759,0.4519770569889284,NE004005,2,JAS
1981,0.7088457546525816,0.8884510667460442,NE004005,2,ASO
1982,1.110336680022515,1.2817781142935445,NE004005,2,ASO
1983,0.7474291653867979,0.9107067218353979,NE004005,2,ASO
1984,0.648158551752806,0.8032722303789764,NE004005,2,ASO
1985,1.177593620808436,1.324543421612177,NE004005,2,ASO
1986,1.0800544056720134,1.2188403286533247,NE004005,2,ASO
1987,1.0616377611669416,1.1922598063258234,NE004005,2,ASO
1988,1.206162271099537,1.3286204384359892,NE004005,2,ASO
1989,1.2130384683764757,1.3273327578904948,NE004005,2,ASO
1990,0.767980232688666,0.8741106443802555,NE004005,2,ASO
1991,0.8455200064715157,0.9434865403406757,NE004005,2,ASO
1992,1.045803530991133,1.1356061870378635,NE004005,2,ASO
1993,0.7624945246466717,0.8441333028709725,NE004005,2,ASO
1994,1.3409513734566871,1.4144262738585585,NE004005,2,ASO
1995,1.00866110539565,1.0739721279750918,NE004005,2,ASO
1996,0.8553028733093401,0.9124500180663487,NE004005,2,ASO
1997,1.134245371786486,1.183228638721065,NE004005,2,ASO
1998,1.2902659567859898,1.3310853458981393,NE004005,2,ASO
1999,1.7707485795828475,1.8034040908725675,NE004005,2,ASO
2000,0.6428201510435554,0.6673117845108458,NE004005,2,ASO
2001,0.9471353196123949,0.9634630752572558,NE004005,2,ASO
2002,0.8851245941690677,0.8932884719914991,NE004005,2,ASO
2003,1.0195140212709475,1.0195140212709457,NE004005,2,ASO
2004,0.9883900279804924,0.980226150158061,NE004005,2,ASO
2005,0.9383246783035397,0.9219969226586788,NE004005,2,ASO
2006,0.9767691537352666,0.9522775202679762,NE004005,2,ASO
2007,1.1457488268982534,1.1130933156085334,NE004005,2,ASO
2008,1.1661654456283386,1.125346056516189,NE004005,2,ASO
2009,0.8925455917541399,0.8435623248195608,NE004005,2,ASO
2010,1.3544410048786386,1.2972938601216264,NE004005,2,ASO
2011,1.0422598891642596,0.9769488665848178,NE004005,2,ASO
2012,1.168391066737604,1.0949161663357327,NE004005,2,ASO
2013,1.215873700861803,1.1342349226375021,NE004005,2,ASO
2014,1.1049009421133313,1.015098286066601,NE004005,2,ASO
2015,1.3085580206901173,1.2105914868209573,NE004005,2,ASO
2016,0.9616461798056559,0.8555157681140664,NE004005,2,ASO
2017,0.973146092165195,0.8588518026511723,NE004005,2,ASO
2018,1.2092691112950558,1.0868109439586036,NE004005,2,ASO
2019,1.3752811235821678,1.244659078423286,NE004005,2,ASO
2020,1.6125199241754613,1.47373400119415,NE004005,2,ASO
2021,0.872428398595952,0.7254785977922111,NE004005,2,ASO
2022,1.2333617898047393,1.078248111178569,NE004005,2,ASO
2023,1.0410376099253493,0.8777600534767493,NE004005,2,ASO
2024,2.0185082658965197,1.8470668316254866,NE004005,2,ASO
2025,1.1020900226039556,0.922484710510493,NE004005,2,ASO
2026,0.7403172011035501,0.552548011187658,NE004005,2,ASO
1981,0.31301464015381314,0.34296018306751347,NE004005,2,SON
1982,0.7406507015826659,0.7692350834548344,NE004005,2,SON
1983,0.3406700374587885,0.36789325828942515,NE004005,2,SON
1984,0.3246347403413383,0.35049680013044315,NE004005,2,SON
1985,0.5991502779338466,0.6236511766814196,NE004005,2,SON
1986,0.7179711840511747,0.7411109217572158,NE004005,2,SON
1987,0.5057154917960972,0.5274940684606065,NE004005,2,SON
1988,0.42292385948869077,0.44334127511166826,NE004005,2,SON
1989,0.6904224595442765,0.7094787141257222,NE004005,2,SON
1990,0.28346798974238685,0.3011630832823007,NE004005,2,SON
1991,0.07008414663584916,0.08641807913423116,NE004005,2,SON
1992,0.5310225582395577,0.5459953296964078,NE004005,2,SON
1993,0.2826561855480927,0.296267795963411,NE004005,2,SON
1994,0.9404527703350218,0.9527032197088083,NE004005,2,SON
1995,0.5119030928306469,0.5227923811629016,NE004005,2,SON
1996,0.5646639212758273,0.5741920485665502,NE004005,2,SON
1997,0.531139919411171,0.539306885660362,NE004005,2,SON
1998,0.8155396027693301,0.8223454079769893,NE004005,2,SON
1999,0.8986952842292799,0.9041399283954072,NE004005,2,SON
2000,0.17141509248019982,0.17549857560479531,NE004005,2,SON
2001,0.5877229829643749,0.5904453050474385,NE004005,2,SON
2002,0.39141175147166396,0.3927729125131958,NE004005,2,SON
2003,0.5506805751534086,0.5506805751534086,NE004005,2,SON
2004,0.3440405928007433,0.34267943175921145,NE004005,2,SON
2005,0.4357593024679126,0.43303698038484895,NE004005,2,SON
2006,0.5073373508065612,0.5032538676819657,NE004005,2,SON
2007,0.48946184595345993,0.4840172017873326,NE004005,2,SON
2008,0.6878631328673385,0.6810573276596793,NE004005,2,SON
2009,0.3373982543638517,0.3292312881146607,NE004005,2,SON
2010,0.65549258879521,0.6459644615044872,NE004005,2,SON
2011,0.3880335549831039,0.3771442666508492,NE004005,2,SON
2012,0.2065858687773519,0.1943354194035654,NE004005,2,SON
2013,0.399041420405172,0.38542980998985366,NE004005,2,SON
2014,0.581453543952545,0.5664807724956948,NE004005,2,SON
2015,0.7402335585187263,0.7238996260203443,NE004005,2,SON
2016,0.4329540144739433,0.4152589209340295,NE004005,2,SON
2017,0.20020599987520193,0.18114974529375627,NE004005,2,SON
2018,0.6389403687467501,0.6185229531237726,NE004005,2,SON
2019,0.45747517786866454,0.4356966012041552,NE004005,2,SON
2020,0.5816679485278622,0.558528210821821,NE004005,2,SON
2021,0.3661189106106668,0.3416180118630938,NE004005,2,SON
2022,0.6453716118733805,0.6195095520842757,NE004005,2,SON
2023,0.513011627005026,0.48578840617438934,NE004005,2,SON
2024,0.86587163542943,0.8372872535572611,NE004005,2,SON
2025,0.6359527722305145,0.6060072293168137,NE004005,2,SON
2026,0.42471105361435524,0.39340434965912263,NE004005,2,SON
1981,1.028053681684327,1.1542295150409205,NE005002,2,JAS
1982,1.1100152961424754,1.2304558643464956,NE005002,2,JAS
1983,0.8007042410580394,0.915409544109488,NE005002,2,JAS
1984,0.6048903629410158,0.7138604008398912,NE005002,2,JAS
1985,1.045968056881488,1.1492028296277919,NE005002,2,JAS
1986,1.06200209576493,1.1595016033586607,NE005002,2,JAS
1987,0.924143842312554,1.0159080847537112,NE005002,2,JAS
1988,0.9159206141952412,1.001949591483827,NE005002,2,JAS
1989,1.143453154676112,1.2237468668121245,NE005002,2,JAS
1990,0.7985426896451608,0.8731011366286019,NE005002,2,JAS
1991,0.7228302808922701,0.7916534627231379,NE005002,2,JAS
1992,0.9248442688122596,0.9879321854905558,NE005002,2,JAS
1993,0.8771725436415115,0.9345251951672345,NE005002,2,JAS
1994,1.213574466047298,1.2651918524204477,NE005002,2,JAS
1995,1.0590539511862085,1.1049360724067867,NE005002,2,JAS
1996,0.8219534932591794,0.8621003493271844,NE005002,2,JAS
1997,1.1456722856701884,1.1800838765856219,NE005002,2,JAS
1998,1.235064318028675,1.263740643791535,NE005002,2,JAS
1999,1.6673336964508634,1.6902747570611503,NE005002,2,JAS
2000,0.989162546225174,1.0063683416828892,NE005002,2,JAS
2001,1.1447607831965487,1.1562313135016908,NE005002,2,JAS
2002,0.8701632708819916,0.8758985360345622,NE005002,2,JAS
2003,1.0279412854554804,1.0279412854554777,NE005002,2,JAS
2004,0.7302532902956813,0.7245180251431071,NE005002,2,JAS
2005,1.0027175123984986,0.9912469820933512,NE005002,2,JAS
2006,0.8895318606748154,0.8723260652170947,NE005002,2,JAS
2007,1.2676603110025975,1.2447192503923052,NE005002,2,JAS
2008,0.9208657613434073,0.8921894355805418,NE005002,2,JAS
2009,0.6883578688865145,0.6539462779710775,NE005002,2,JAS
2010,1.2741447218297004,1.2339978657616901,NE005002,2,JAS
2011,0.9260730663892768,0.880190945168695,NE005002,2,JAS
2012,1.1692996840119128,1.1176822976387577,NE005002,2,JAS
2013,1.0457250772738065,0.9883724257480782,NE005002,2,JAS
2014,1.3751072970682983,1.3120193803899984,NE005002,2,JAS
2015,1.2048806130728864,1.1360574312420133,NE005002,2,JAS
2016,1.2127698101519462,1.1382113631685016,NE005002,2,JAS
2017,1.0851734850258326,1.0048797728898147,NE005002,2,JAS
2018,1.26066802015307,1.1746390428644788,NE005002,2,JAS
2019,1.349612442058418,1.2578481996172552,NE005002,2,JAS
2020,1.5978046100612644,1.5003051024675285,NE005002,2,JAS
2021,0.5622470172622926,0.4590122445159852,NE005002,2,JAS
2022,1.1053740370737466,0.9964039991748659,NE005002,2,JAS
2023,0.7076602008845148,0.5929548978330625,NE005002,2,JAS
2024,1.8080854457498998,1.6876448775458743,NE005002,2,JAS
2025,0.8818668972610896,0.7556910639044908,NE005002,2,JAS
2026,0.4750847372211402,0.34317363871196993,NE005002,2,JAS
1981,0.6842769419454171,0.8594912861501647,NE005002,2,ASO
1982,0.9402202189423727,1.1074702747741758,NE005002,2,ASO
1983,0.4678906191526632,0.6271763866115236,NE005002,2,ASO
1984,0.47882207719243364,0.6301435562783513,NE005002,2,ASO
1985,0.8561659667549162,0.9995231574678911,NE005002,2,ASO
1986,0.8487378945606209,0.9841307969006531,NE005002,2,ASO
1987,0.8068875092942885,0.934316123261378,NE005002,2,ASO
1988,0.765859259197073,0.8853235847912198,NE005002,2,ASO
1989,1.050502774812047,1.1620028120332493,NE005002,2,ASO
1990,0.3459111722610798,0.44944692110933937,NE005002,2,ASO
1991,0.4116628961734477,0.5072343566487645,NE005002,2,ASO
1992,0.7632329415045128,0.8508401136068869,NE005002,2,ASO
1993,0.653886005247843,0.7335288889772744,NE005002,2,ASO
1994,1.075534109911669,1.1472127052681578,NE005002,2,ASO
1995,0.9161000358346294,0.9798143428181754,NE005002,2,ASO
1996,0.685142536532548,0.7408925551431494,NE005002,2,ASO
1997,1.1161013385731469,1.1638870688108056,NE005002,2,ASO
1998,1.0474242198052561,1.0872456616699722,NE005002,2,ASO
1999,1.5550816249568946,1.586938778448668,NE005002,2,ASO
2000,0.5926704356617599,0.6165633007805905,NE005002,2,ASO
2001,0.8515314175569443,0.8674599943028322,NE005002,2,ASO
2002,0.5842650288016987,0.5922293171746439,NE005002,2,ASO
2003,0.90330226959132,0.9033022695913207,NE005002,2,ASO
2004,0.5828574966661897,0.5748932082932476,NE005002,2,ASO
2005,0.7802096575312205,0.7642810807853357,NE005002,2,ASO
2006,0.720851514858392,0.6969586497395646,NE005002,2,ASO
2007,1.062797256797083,1.0309401033053127,NE005002,2,ASO
2008,0.7766703374451707,0.7368488955804577,NE005002,2,ASO
2009,0.6248610081421418,0.5770752779044862,NE005002,2,ASO
2010,1.0304658130148878,0.9747157944042895,NE005002,2,ASO
2011,0.808717166030651,0.7450028590471099,NE005002,2,ASO
2012,0.9801504832393297,0.9084718878828459,NE005002,2,ASO
2013,0.9581105303199547,0.8784676465905282,NE005002,2,ASO
2014,1.2703166154183212,1.1827094433159484,NE005002,2,ASO
2015,1.1201288279924289,1.0245573675171133,NE005002,2,ASO
2016,0.9588389773319276,0.8553032284836694,NE005002,2,ASO
2017,0.8986452483364384,0.7871452111152375,NE005002,2,ASO
2018,1.0698339231213267,0.9503695975271831,NE005002,2,ASO
2019,1.2894010100194997,1.1619723960524133,NE005002,2,ASO
2020,1.46731326688051,1.331920364540481,NE005002,2,ASO
2021,0.320241204039725,0.1768840133267532,NE005002,2,ASO
2022,0.9516717672531,0.8003502881671855,NE005002,2,ASO
2023,0.6648804526509814,0.5055946851921241,NE005002,2,ASO
2024,1.7433189956336301,1.5760689398018302,NE005002,2,ASO
2025,0.6786977824834043,0.5034834382786616,NE005002,2,ASO
2026,0.50057075753918,0.3173921249614946,NE005002,2,ASO
1981,0.2108756322774307,0.23722801531453022,NE005002,2,SON
1982,0.6104596643716639,0.635614211816168,NE005002,2,SON
1983,0.20154323416635533,0.22549994601826395,NE005002,2,SON
1984,0.24128479649964626,0.26404367275895946,NE005002,2,SON
1985,0.4890497994768922,0.5106108401436099,NE005002,2,SON
1986,0.5305059855902987,0.550869190664421,NE005002,2,SON
1987,0.3926098841790427,0.4117752536605695,NE005002,2,SON
1988,0.19996307567528215,0.21793060956421395,NE005002,2,SON
1989,0.3879453686573598,0.40471506695369613,NE005002,2,SON
1990,0.06068947327058816,0.07626133597432905,NE005002,2,SON
1991,-0.08833011360439391,-0.07395608649324847,NE005002,2,SON
1992,0.1268499502360158,0.1400261417545658,NE005002,2,SON
1993,0.2102550047507658,0.22223336067672034,NE005002,2,SON
1994,0.8076780292712074,0.8184585496045664,NE005002,2,SON
1995,0.3793656123451049,0.38894829708586853,NE005002,2,SON
1996,0.4605487940760898,0.46893364322425796,NE005002,2,SON
1997,0.3775514445062511,0.38473845806182383,NE005002,2,SON
1998,0.6801827303490392,0.6861719083120165,NE005002,2,SON
1999,0.5903861159998816,0.5951774583702634,NE005002,2,SON
2000,0.09384170087544846,0.09743520765323482,NE005002,2,SON
2001,0.36177884355603085,0.36417451474122176,NE005002,2,SON
2002,0.27453206079482834,0.2757298963874238,NE005002,2,SON
2003,0.39340003666465234,0.39340003666465234,NE005002,2,SON
2004,0.17260861354233498,0.17141077794973952,NE005002,2,SON
2005,0.3353787537240502,0.3329830825388593,NE005002,2,SON
2006,0.3619800045756921,0.35838649779790577,NE005002,2,SON
2007,0.31223453348068925,0.30744319111030743,NE005002,2,SON
2008,0.40382887076473517,0.3978396928017579,NE005002,2,SON
2009,0.15702051503852985,0.14983350148295713,NE005002,2,SON
2010,0.5263028595895928,0.5179180104414246,NE005002,2,SON
2011,0.26224972036148286,0.25266703562071924,NE005002,2,SON
2012,0.1518986545571556,0.14111813422379696,NE005002,2,SON
2013,0.17499007313098874,0.16301171720503466,NE005002,2,SON
2014,0.35515186992996955,0.34197567841142,NE005002,2,SON
2015,0.5663309322015926,0.5519569050904476,NE005002,2,SON
2016,0.24271286799093983,0.22714100528719938,NE005002,2,SON
2017,0.09991550767991028,0.08314580938357441,NE005002,2,SON
2018,0.5442276517683471,0.5262601178794157,NE005002,2,SON
2019,0.33999366689017024,0.32082829740864344,NE005002,2,SON
2020,0.4385061504479477,0.41814294537382546,NE005002,2,SON
2021,0.13278944861254596,0.11122840794582825,NE005002,2,SON
2022,0.4293740917260731,0.40661521546675994,NE005002,2,SON
2023,0.3736260669864727,0.3496693551345641,NE005002,2,SON
2024,0.7870376362145737,0.7618830887700696,NE005002,2,SON
2025,0.357271012465241,0.3309186294281415,NE005002,2,SON
2026,0.23735547837214302,0.20980525974244804,NE005002,2,SON
1981,1.1687213958002691,1.3122516377997233,NE005003,2,JAS
1982,1.2338893671180189,1.3708955072084081,NE005003,2,JAS
1983,1.0168229012646257,1.1473049394459482,NE005003,2,JAS
1984,0.7080170028624903,0.8319749391347461,NE005003,2,JAS
1985,1.1575862940342012,1.275020128397392,NE005003,2,JAS
1986,1.2336876953169866,1.3445974277711108,NE005003,2,JAS
1987,1.1095431493379613,1.2139287798830187,NE005003,2,JAS
1988,1.1576360242919996,1.2554975529279921,NE005003,2,JAS
1989,1.3408068755548779,1.4321443022818037,NE005003,2,JAS
1990,0.8888050166248518,0.9736183414427109,NE005003,2,JAS
1991,0.8197841113556168,0.8980733342644109,NE005003,2,JAS
1992,1.1337788036597336,1.205543924659461,NE005003,2,JAS
1993,1.0738103347568515,1.1390513538475122,NE005003,2,JAS
1994,1.3702027588907189,1.4289196760723146,NE005003,2,JAS
1995,1.2524535410114412,1.3046463562839703,NE005003,2,JAS
1996,0.9951475179035791,1.0408162312670415,NE005003,2,JAS
1997,1.0437289024830512,1.0828735139374486,NE005003,2,JAS
1998,1.4310526153214136,1.4636731248667443,NE005003,2,JAS
1999,1.7010723673665713,1.7271687750028353,NE005003,2,JAS
2000,1.1891994706184568,1.2087717763456558,NE005003,2,JAS
2001,1.4385885993295044,1.4516368031476368,NE005003,2,JAS
2002,1.1164831301281564,1.123007232037222,NE005003,2,JAS
2003,1.1891017321600783,1.1891017321600772,NE005003,2,JAS
2004,0.9124838167201224,0.9059597148110563,NE005003,2,JAS
2005,1.211945542888728,1.1988973390705953,NE005003,2,JAS
2006,1.082753821754563,1.0631815160273634,NE005003,2,JAS
2007,1.2573602160614494,1.231263808425185,NE005003,2,JAS
2008,1.077884377577776,1.0452638680324449,NE005003,2,JAS
2009,0.8311029821570608,0.791958370702663,NE005003,2,JAS
2010,1.4757986015313111,1.4301298881678484,NE005003,2,JAS
2011,1.052986545447481,1.0007937301749514,NE005003,2,JAS
2012,1.2339621760038764,1.1752452588222801,NE005003,2,JAS
2013,1.363331326385952,1.2980903072952907,NE005003,2,JAS
2014,1.4700968313399172,1.3983317103401893,NE005003,2,JAS
2015,1.3958913126721701,1.3176020897633756,NE005003,2,JAS
2016,1.4281126029232742,1.3432992781054147,NE005003,2,JAS
2017,1.1225649816975238,1.0312275549705976,NE005003,2,JAS
2018,1.3440263012647284,1.2461647726287355,NE005003,2,JAS
2019,1.3981214509233792,1.2937358203783214,NE005003,2,JAS
2020,1.7968125801372854,1.6859028476831608,NE005003,2,JAS
2021,0.8039381862359898,0.6865043518727985,NE005003,2,JAS
2022,1.4824207539403818,1.3584628176681255,NE005003,2,JAS
2023,0.8530039818543258,0.7225219436730028,NE005003,2,JAS
2024,1.9947851081087185,1.8577789680183288,NE005003,2,JAS
2025,1.1354518746468658,0.9919216326474112,NE005003,2,JAS
2026,0.5476174138670987,0.3975630699585774,NE005003,2,JAS
1981,0.7688228387849553,0.9524653400515278,NE005003,2,ASO
1982,1.0550018381446191,1.230296952989985,NE005003,2,ASO
1983,0.7005963570036255,0.8675440854277812,NE005003,2,ASO
1984,0.6298418714074799,0.7884422134104289,NE005003,2,ASO
1985,0.9604096778119026,1.1106626333936447,NE005003,2,ASO
1986,1.007715991291852,1.149621560452384,NE005003,2,ASO
1987,0.9586333786441193,1.0921915613834448,NE005003,2,ASO
1988,1.0009829628386544,1.126193759156773,NE005003,2,ASO
1989,1.2172193014673143,1.3340827113642226,NE005003,2,ASO
1990,0.5393200842910004,0.6478361077667021,NE005003,2,ASO
1991,0.5568028096471745,0.6569714467016695,NE005003,2,ASO
1992,0.9110651099513056,1.002886360584594,NE005003,2,ASO
1993,0.824942848920168,0.908416713132246,NE005003,2,ASO
1994,1.2448678862018225,1.3199943639926939,NE005003,2,ASO
1995,1.064792369020907,1.1315714603905715,NE005003,2,ASO
1996,0.8774934471024043,0.9359251520508587,NE005003,2,ASO
1997,0.9702477547769638,1.0203320733042114,NE005003,2,ASO
1998,1.2111421851493491,1.2528791172553901,NE005003,2,ASO
1999,1.567567994270501,1.6009575399553317,NE005003,2,ASO
2000,0.6963889156889225,0.7214310749525465,NE005003,2,ASO
2001,0.9594216178912945,0.9761163907337119,NE005003,2,ASO
2002,0.7681894189898267,0.7765368054110374,NE005003,2,ASO
2003,1.0600780260367877,1.0600780260367881,NE005003,2,ASO
2004,0.7452739409099467,0.7369265544887404,NE005003,2,ASO
2005,0.9812549540769384,0.9645601812345255,NE005003,2,ASO
2006,0.9086231925679032,0.8835810333042801,NE005003,2,ASO
2007,1.016605490033265,0.9832159443484352,NE005003,2,ASO
2008,0.9457444278505459,0.9040074957445093,NE005003,2,ASO
2009,0.7635516275974363,0.7134673090701931,NE005003,2,ASO
2010,1.2330060746972624,1.174574369748809,NE005003,2,ASO
2011,0.925277366696625,0.8584982753269648,NE005003,2,ASO
2012,1.074079460876489,0.9989529830856221,NE005003,2,ASO
2013,1.2686102128928902,1.185136348680813,NE005003,2,ASO
2014,1.328863768686887,1.237042518053603,NE005003,2,ASO
2015,1.2696713208069486,1.169502683752458,NE005003,2,ASO
2016,1.1842154793428106,1.0756994558671098,NE005003,2,ASO
2017,0.9202290505576929,0.8033656406607854,NE005003,2,ASO
2018,1.1912448662734063,1.0660340699552922,NE005003,2,ASO
2019,1.3165663789576159,1.183008196218295,NE005003,2,ASO
2020,1.6467592724795597,1.5048537033190286,NE005003,2,ASO
2021,0.4776213903387063,0.32736843475696853,NE005003,2,ASO
2022,1.2150891674122595,1.056488825409315,NE005003,2,ASO
2023,0.8641989493803162,0.6972512209561614,NE005003,2,ASO
2024,1.9009238445049452,1.7256287296595838,NE005003,2,ASO
2025,0.9011718625049459,0.7175293612383777,NE005003,2,ASO
2026,0.5672949055925247,0.3753050179047499,NE005003,2,ASO
1981,0.28317464528597014,0.29657610399764045,NE005003,2,SON
1982,0.7477879401913596,0.7605802416888633,NE005003,2,SON
1983,0.28284975616421504,0.2950329004475518,NE005003,2,SON
1984,0.3608379403939712,0.3724119274631411,NE005003,2,SON
1985,0.5963904157335305,0.6073552455885335,NE005003,2,SON
1986,0.6821454794279276,0.6925011520687637,NE005003,2,SON
1987,0.4899854498170648,0.4997319652437343,NE005003,2,SON
1988,0.303516180367137,0.3126535385796396,NE005003,2,SON
1989,0.5762886507090828,0.5848168517074185,NE005003,2,SON
1990,0.1993771666915179,0.20729621047568675,NE005003,2,SON
1991,-0.021508857129192316,-0.014198970559190338,NE005003,2,SON
1992,0.3032312210031536,0.3099319503589887,NE005003,2,SON
1993,0.3122583964964869,0.31834996863815535,NE005003,2,SON
1994,0.9200366598627483,0.9255190747902499,NE005003,2,SON
1995,0.47886421130226,0.48373746901559467,NE005003,2,SON
1996,0.5841394379382632,0.588403538437431,NE005003,2,SON
1997,0.45818829714134607,0.461843240426347,NE005003,2,SON
1998,0.79394244155587,0.7969882276267043,NE005003,2,SON
1999,0.709907867659286,0.7123444965159534,NE005003,2,SON
2000,0.18467396298460348,0.186501434627104,NE005003,2,SON
2001,0.5117768352915391,0.5129951497198727,NE005003,2,SON
2002,0.4058558315998436,0.4064649888140104,NE005003,2,SON
2003,0.5359991706067363,0.5359991706067364,NE005003,2,SON
2004,0.2653955140921275,0.26478635687796076,NE005003,2,SON
2005,0.4305086326356812,0.42929031820734753,NE005003,2,SON
2006,0.43826455876058606,0.43643708711808554,NE005003,2,SON
2007,0.4389049858678934,0.436468357011226,NE005003,2,SON
2008,0.5220256870446611,0.5189799009738268,NE005003,2,SON
2009,0.26296790116149005,0.2593129578764891,NE005003,2,SON
2010,0.6180555624657738,0.613791461966606,NE005003,2,SON
2011,0.3315349631981258,0.3266617054847911,NE005003,2,SON
2012,0.2238885120335443,0.21840609710604272,NE005003,2,SON
2013,0.2862069420663307,0.28011536992466224,NE005003,2,SON
2014,0.46438103575349216,0.45768030639765706,NE005003,2,SON
2015,0.6357302162403451,0.6284203296703431,NE005003,2,SON
2016,0.372650261105283,0.36473121732111413,NE005003,2,SON
2017,0.16288748776130724,0.1543592867629715,NE005003,2,SON
2018,0.6605216602819218,0.6513843020694192,NE005003,2,SON
2019,0.4461031273132096,0.43635661188654035,NE005003,2,SON
2020,0.5362137190174152,0.5258580463765791,NE005003,2,SON
2021,0.2064643564408638,0.19549952658586078,NE005003,2,SON
2022,0.5389077071727234,0.5273337201035535,NE005003,2,SON
2023,0.5019019169839845,0.4897187727006477,NE005003,2,SON
2024,0.8188372499548531,0.8060449484573494,NE005003,2,SON
2025,0.49742026942629985,0.48401881071462954,NE005003,2,SON
2026,0.30201741377916713,0.28800679785332994,NE005003,2,SON
1981,0.2181222928797583,0.28702503977562555,NE001006,2,JAS
1982,0.25209408106997166,0.3178648849251172,NE001006,2,JAS
1983,0.20209379671126615,0.26473265752569086,NE001006,2,JAS
1984,0.026429114644680785,0.08593603241838466,NE001006,2,JAS
1985,0.36173639159669246,0.4181113663296746,NE001006,2,JAS
1986,0.28266233442757444,0.33590536611983574,NE001006,2,JAS
1987,0.2226220822475412,0.2727331708990808,NE001006,2,JAS
1988,0.5759933761895906,0.6229725218004093,NE001006,2,JAS
1989,0.4639462222785512,0.5077934248486482,NE001006,2,JAS
1990,0.2884091978289118,0.32912445735828794,NE001006,2,JAS
1991,0.46321970016402225,0.5008030166526776,NE001006,2,JAS
1992,0.36213890069916477,0.39659027414709835,NE001006,2,JAS
1993,0.2507375097398885,0.28205694014710125,NE001006,2,JAS
1994,0.7632252121280778,0.7914126994945688,NE001006,2,JAS
1995,0.2721131144959864,0.2971686588217566,NE001006,2,JAS
1996,0.14377098191966056,0.165694583204709,NE001006,2,JAS
1997,0.40440986946846424,0.42320152771279185,NE001006,2,JAS
1998,0.6406292183324847,0.6562889335360914,NE001006,2,JAS
1999,0.8834155284453633,0.8959433006082483,NE001006,2,JAS
2000,0.29927641964886054,0.3086722487710247,NE001006,2,JAS
2001,0.26090319303806586,0.2671670791195083,NE001006,2,JAS
2002,0.3310151291023018,0.3341470721430234,NE001006,2,JAS
2003,0.23213316716138527,0.23213316716138516,NE001006,2,JAS
2004,0.19066663590823707,0.18753469286751612,NE001006,2,JAS
2005,0.2302200054865392,0.22395611940509652,NE001006,2,JAS
2006,0.2543317612289472,0.24493593210678366,NE001006,2,JAS
2007,0.38497889545015124,0.37245112328726687,NE001006,2,JAS
2008,0.32603005277768404,0.31037033757407795,NE001006,2,JAS
2009,0.2510436269035253,0.23225196865919834,NE001006,2,JAS
2010,0.6888983731464539,0.6669747718614052,NE001006,2,JAS
2011,0.3110487856591723,0.2859932413334028,NE001006,2,JAS
2012,0.3630210980083661,0.3348336106418749,NE001006,2,JAS
2013,0.2641349978280238,0.23281556742081172,NE001006,2,JAS
2014,0.3385743396057155,0.30412296615778256,NE001006,2,JAS
2015,0.4162296291633963,0.37864631267474164,NE001006,2,JAS
2016,0.43092275332730506,0.39020749379792957,NE001006,2,JAS
2017,0.3784218440109901,0.3345746414408929,NE001006,2,JAS
2018,0.5369865098566252,0.49000736424580715,NE001006,2,JAS
2019,0.6684331281217268,0.618322039470187,NE001006,2,JAS
2020,0.5028914076578133,0.4496483759655526,NE001006,2,JAS
2021,0.189488942860679,0.13311396812769752,NE001006,2,JAS
2022,0.3559293753016755,0.2964224575279723,NE001006,2,JAS
2023,0.21997578736246545,0.1573369265480414,NE001006,2,JAS
2024,0.7743287473468533,0.7085579434917075,NE001006,2,JAS
2025,0.36934005698890415,0.30043731009303754,NE001006,2,JAS
2026,0.17533282819337276,0.10329813825678441,NE001006,2,JAS
1981,0.08192484002918271,0.14929113185255238,NE001006,2,ASO
1982,0.24851826838696472,0.3128224560365449,NE001006,2,ASO
1983,0.07878070135038198,0.14002278482617267,NE001006,2,ASO
1984,0.057694127910648374,0.11587410721264957,NE001006,2,ASO
1985,0.2632054943790671,0.3183233695072788,NE001006,2,ASO
1986,0.21904074985985802,0.27109652081428026,NE001006,2,ASO
1987,0.16995626934043773,0.21894993612107044,NE001006,2,ASO
1988,0.5222961578057299,0.5682277204125732,NE001006,2,ASO
1989,0.39625108138740395,0.4391205398204577,NE001006,2,ASO
1990,0.16940424451554087,0.2092115987748051,NE001006,2,ASO
1991,0.3207934404699677,0.35753869055544246,NE001006,2,ASO
1992,0.19766551649871636,0.2313486624104016,NE001006,2,ASO
1993,0.21893094569902566,0.24955198743692142,NE001006,2,ASO
1994,0.6821551611427704,0.7097140987068766,NE001006,2,ASO
1995,0.2354248516091401,0.2599216849994569,NE001006,2,ASO
1996,0.12070265303082212,0.1421373822473494,NE001006,2,ASO
1997,0.3558994262710806,0.3742720513138184,NE001006,2,ASO
1998,0.4827765644567501,0.4980870853256984,NE001006,2,ASO
1999,0.7101653266362689,0.7224137433314277,NE001006,2,ASO
2000,0.10209587197689754,0.11128218449826685,NE001006,2,ASO
2001,0.13983647502471763,0.14596068337229745,NE001006,2,ASO
2002,0.19565408070409557,0.1987161848778859,NE001006,2,ASO
2003,0.16722241690895592,0.16722241690895676,NE001006,2,ASO
2004,0.07929127554067464,0.07622917136688598,NE001006,2,ASO
2005,0.14982646167675934,0.14370225332918118,NE001006,2,ASO
2006,0.23568145378379435,0.2264951412624267,NE001006,2,ASO
2007,0.2809710699419931,0.268722653246836,NE001006,2,ASO
2008,0.2549712874127702,0.23966076654382357,NE001006,2,ASO
2009,0.17446679053124173,0.1560941654885056,NE001006,2,ASO
2010,0.3074015154163162,0.2859667861997906,NE001006,2,ASO
2011,0.243773120202082,0.2192762868117669,NE001006,2,ASO
2012,0.23447849899276668,0.20691956142866208,NE001006,2,ASO
2013,0.22971061284937405,0.19908957111147996,NE001006,2,ASO
2014,0.27716475137606,0.24348160546437553,NE001006,2,ASO
2015,0.36609090761989427,0.3293456575344203,NE001006,2,ASO
2016,0.2507039872904269,0.21089663303116346,NE001006,2,ASO
2017,0.2420051234582069,0.19913566502515395,NE001006,2,ASO
2018,0.4858497667901638,0.43991820418332134,NE001006,2,ASO
2019,0.6161318575985568,0.5671381908179249,NE001006,2,ASO
2020,0.4115323411587548,0.3594765702043334,NE001006,2,ASO
2021,0.11222941897909339,0.05711154385088246,NE001006,2,ASO
2022,0.2909910158452445,0.2328110365432441,NE001006,2,ASO
2023,0.21539129643868468,0.15414921296289477,NE001006,2,ASO
2024,0.72631391183016,0.6620097241805807,NE001006,2,ASO
2025,0.29865366426639195,0.23128737244302305,NE001006,2,ASO
2026,0.17844829012455005,0.10801989412739166,NE001006,2,ASO
1981,-0.005014273640369299,0.006699587880150008,NE001006,2,SON
1982,0.030498083935613856,0.041679497205200366,NE001006,2,SON
1983,-0.0032129469314317663,0.0074360180872219545,NE001006,2,SON
1984,0.025878954546930805,0.03599547131465196,NE001006,2,SON
1985,0.02660233189368142,0.03618640041046978,NE001006,2,SON
1986,0.06277491391793173,0.07182653418378751,NE001006,2,SON
1987,0.04800640419789914,0.05652557621282213,NE001006,2,SON
1988,0.0670538543956259,0.07504057815961632,NE001006,2,SON
1989,0.06459078060838927,0.0720450561214469,NE001006,2,SON
1990,0.018244197635714346,0.02516602489783918,NE001006,2,SON
1991,0.030698516939955168,0.037087895951147434,NE001006,2,SON
1992,0.012551346990882256,0.018408277751141726,NE001006,2,SON
1993,0.07158708141109663,0.07691156392042353,NE001006,2,SON
1994,0.26941007706333636,0.27420211132173045,NE001006,2,SON
1995,0.06952685710637482,0.07378644311383636,NE001006,2,SON
1996,0.05482272104307298,0.05854985879960172,NE001006,2,SON
1997,0.07388279543429184,0.07707748493988778,NE001006,2,SON
1998,0.2233389029106668,0.22600114416533018,NE001006,2,SON
1999,0.07062776194893129,0.07275755495266187,NE001006,2,SON
2000,-0.006237169587218573,-0.004639824834420561,NE001006,2,SON
2001,0.039973119350221006,0.041038015852086225,NE001006,2,SON
2002,0.03047344759352534,0.031005895844457988,NE001006,2,SON
2003,0.04346195482218276,0.04346195482218262,NE001006,2,SON
2004,-0.001042876268410542,-0.0015753245193434809,NE001006,2,SON
2005,0.029465924004699176,0.028401027502833666,NE001006,2,SON
2006,0.026800083538936058,0.025202738786137754,NE001006,2,SON
2007,0.02957528164554394,0.027445488641813065,NE001006,2,SON
2008,0.07330363460692507,0.07064139335226141,NE001006,2,SON
2009,0.04986075310490715,0.04666606359931069,NE001006,2,SON
2010,0.06923018118590285,0.06550304342937383,NE001006,2,SON
2011,0.018141444047193943,0.013881858039732117,NE001006,2,SON
2012,-0.006616580953118734,-0.01140861521151313,NE001006,2,SON
2013,0.0013605554372852144,-0.003963927072041976,NE001006,2,SON
2014,0.0462294367550314,0.040372505994771636,NE001006,2,SON
2015,0.09803395440062225,0.09164457538942969,NE001006,2,SON
2016,0.02883269096528477,0.021910863703159422,NE001006,2,SON
2017,-0.0015854640036440035,-0.009039739516701922,NE001006,2,SON
2018,0.04198444221115448,0.03399771844716377,NE001006,2,SON
2019,0.02788403946357851,0.019364867448655225,NE001006,2,SON
2020,0.0609753226571704,0.05192370239131432,NE001006,2,SON
2021,8.635674082103223e-05,-0.009497711775967622,NE001006,2,SON
2022,0.06432339309424163,0.054206876326520194,NE001006,2,SON
2023,0.04288184332327385,0.032232878304619614,NE001006,2,SON
2024,0.25723938083633335,0.24605796756674655,NE001006,2,SON
2025,0.1291794075625911,0.11746554604207152,NE001006,2,SON
2026,0.029444610768126003,0.017198300996673833,NE001006,2,SON
1981,1.1750807359700626,1.213203166024986,NE006011,2,JAS
1982,1.2313277376687397,1.267717329993894,NE006011,2,JAS
1983,0.9478136339827954,0.98247038857818,NE006011,2,JAS
1984,0.5854259868931692,0.6183499037587846,NE006011,2,JAS
1985,1.2551875657356466,1.286378644871493,NE006011,2,JAS
1986,1.2124827114570873,1.2419409528631644,NE006011,2,JAS
1987,0.8282503604767433,0.8559757641530512,NE006011,2,JAS
1988,1.261017583934379,1.2870101498809177,NE006011,2,JAS
1989,1.3255330213413519,1.349792749558121,NE006011,2,JAS
1990,1.0262520346007689,1.0487789250877688,NE006011,2,JAS
1991,1.0499779376101512,1.070771990367382,NE006011,2,JAS
1992,1.1209966291129905,1.140057844140452,NE006011,2,JAS
1993,0.9195419606315173,0.9368703379292097,NE006011,2,JAS
1994,1.3460233665043395,1.3616189060722628,NE006011,2,JAS
1995,1.290218386340432,1.304081088178586,NE006011,2,JAS
1996,1.0407279692737987,1.0528578333821832,NE006011,2,JAS
1997,1.0110368774651122,1.0214339038437275,NE006011,2,JAS
1998,1.1933487628091894,1.2020129514580356,NE006011,2,JAS
1999,1.6439699288479563,1.6509012797670333,NE006011,2,JAS
2000,1.0743614804235566,1.0795599936128644,NE006011,2,JAS
2001,1.3726795502817237,1.3761452257412623,NE006011,2,JAS
2002,1.0039009824411094,1.0056338201708783,NE006011,2,JAS
2003,1.3312654916482325,1.3312654916482323,NE006011,2,JAS
2004,0.8902766750274145,0.8885438372976451,NE006011,2,JAS
2005,1.2097650422319925,1.206299366772454,NE006011,2,JAS
2006,1.0568807390467432,1.0516822258574354,NE006011,2,JAS
2007,1.1720985213484059,1.165167170429329,NE006011,2,JAS
2008,1.0702796330989979,1.0616154444501513,NE006011,2,JAS
2009,0.775859258843171,0.7654622324645552,NE006011,2,JAS
2010,1.3297474728846521,1.3176176087762672,NE006011,2,JAS
2011,0.9248225700035371,0.910959868165383,NE006011,2,JAS
2012,1.4995562161233094,1.483960676555386,NE006011,2,JAS
2013,1.0172498610083482,0.9999214837106558,NE006011,2,JAS
2014,1.1398103568679556,1.1207491418404936,NE006011,2,JAS
2015,1.23754755993059,1.2167535071733588,NE006011,2,JAS
2016,1.1469911330799372,1.1244642425929368,NE006011,2,JAS
2017,1.3588706905316366,1.334610962314867,NE006011,2,JAS
2018,1.2174059662537102,1.1914134003071715,NE006011,2,JAS
2019,1.217507785206183,1.1897823815298751,NE006011,2,JAS
2020,1.4209204301160527,1.3914621887099752,NE006011,2,JAS
2021,0.7137921408723338,0.682601061736487,NE006011,2,JAS
2022,1.0907007308113619,1.057776813945746,NE006011,2,JAS
2023,1.0295988706595016,0.9949421160641165,NE006011,2,JAS
2024,1.3026608998150628,1.2662713074899086,NE006011,2,JAS
2025,1.1523023162761343,1.114179886221211,NE006011,2,JAS
2026,0.6619369891358108,0.6220817213511182,NE006011,2,JAS
1981,0.8469169825440295,0.9462720942676041,NE006011,2,ASO
1982,1.0171491121372147,1.1119880824188089,NE006011,2,ASO
1983,0.7011271136254904,0.7914499424651039,NE006011,2,ASO
1984,0.5545633946529669,0.6403700820505999,NE006011,2,ASO
1985,1.028395380198706,1.1096859261543583,NE006011,2,ASO
1986,0.8299379145191638,0.9067123190328357,NE006011,2,ASO
1987,0.7267908124221848,0.7990490754938762,NE006011,2,ASO
1988,1.031110189991037,1.0988523116207478,NE006011,2,ASO
1989,1.1734259740415613,1.2366519542292917,NE006011,2,ASO
1990,0.6251293398508772,0.6838391785966269,NE006011,2,ASO
1991,0.7446310664062613,0.7988247637100305,NE006011,2,ASO
1992,0.8601381695743646,0.9098157254361533,NE006011,2,ASO
1993,0.600499850227886,0.6456612646476924,NE006011,2,ASO
1994,1.1816947963030509,1.2223400692808766,NE006011,2,ASO
1995,1.020490440265145,1.05661957180099,NE006011,2,ASO
1996,0.8841368446367251,0.9157498347305899,NE006011,2,ASO
1997,0.9614348404921514,0.9885316891440357,NE006011,2,ASO
1998,0.9476134974083575,0.9701942046182612,NE006011,2,ASO
1999,1.453452525591107,1.47151709135903,NE006011,2,ASO
2000,0.776274205479178,0.7898226298051206,NE006011,2,ASO
2001,0.9708855868447115,0.9799178697286736,NE006011,2,ASO
2002,0.7040011819275717,0.7085173233695532,NE006011,2,ASO
2003,1.0604796659051994,1.0604796659052003,NE006011,2,ASO
2004,0.7074899319174497,0.7029737904754702,NE006011,2,ASO
2005,0.9698719560491521,0.9608396731651903,NE006011,2,ASO
2006,0.887047910755543,0.8734994864296006,NE006011,2,ASO
2007,0.9076594824068186,0.8895949166388957,NE006011,2,ASO
2008,0.9490375700951507,0.9264568628852472,NE006011,2,ASO
2009,0.6802101165235253,0.6531132678716413,NE006011,2,ASO
2010,1.1081491935484227,1.076536203454558,NE006011,2,ASO
2011,0.7985196634795227,0.7623905319436777,NE006011,2,ASO
2012,1.2506204219202415,1.2099751489424158,NE006011,2,ASO
2013,0.9243702647309718,0.8792088503111657,NE006011,2,ASO
2014,1.0404673655669379,0.9907898097051512,NE006011,2,ASO
2015,1.1436377372281217,1.0894440399243543,NE006011,2,ASO
2016,0.8902526935861336,0.8315428548403858,NE006011,2,ASO
2017,1.1239945902629025,1.0607686100751725,NE006011,2,ASO
2018,1.1489657599979473,1.0812236383682365,NE006011,2,ASO
2019,1.1391906657515392,1.0669324026798481,NE006011,2,ASO
2020,1.2806436311174283,1.2038692266037567,NE006011,2,ASO
2021,0.5644266842508912,0.48313613829523894,NE006011,2,ASO
2022,0.9828005575369376,0.8969938701393049,NE006011,2,ASO
2023,0.9819946548816837,0.8916718260420704,NE006011,2,ASO
2024,1.144224601638245,1.049385631356651,NE006011,2,ASO
2025,0.8710204643838436,0.7716653526602693,NE006011,2,ASO
2026,0.581205122410738,0.47733386924518306,NE006011,2,ASO
1981,0.2916280148986183,0.3331581897204708,NE006011,2,SON
1982,0.6447919495116885,0.6844343891143662,NE006011,2,SON
1983,0.2181223537351226,0.25587705811862493,NE006011,2,SON
1984,0.31607260261340386,0.3519395717777314,NE006011,2,SON
1985,0.44916346030981713,0.48314269425496936,NE006011,2,SON
1986,0.4593435571801845,0.4914350559061619,NE006011,2,SON
1987,0.4374989707033602,0.4677027342101623,NE006011,2,SON
1988,0.3543626449373379,0.3826786732249647,NE006011,2,SON
1989,0.46031980314215376,0.4867480962106057,NE006011,2,SON
1990,0.2142065360603677,0.23874709390964438,NE006011,2,SON
1991,-0.0743688735781346,-0.05171605094803278,NE006011,2,SON
1992,0.16081685520312816,0.1815819426140547,NE006011,2,SON
1993,0.19390649694319367,0.2127838491349449,NE006011,2,SON
1994,0.702419580163262,0.7194091971358384,NE006011,2,SON
1995,0.48428363152977455,0.49938551328317565,NE006011,2,SON
1996,0.4656779091622881,0.47889205569651433,NE006011,2,SON
1997,0.4746862804055515,0.48601269172060246,NE006011,2,SON
1998,0.6401277278349254,0.6495664039308011,NE006011,2,SON
1999,0.5718420843435797,0.5793930252202806,NE006011,2,SON
2000,0.16042930088073618,0.1660925065382617,NE006011,2,SON
2001,0.41748198358287214,0.42125745402122283,NE006011,2,SON
2002,0.29631528463744056,0.29820301985661596,NE006011,2,SON
2003,0.42481752053055316,0.42481752053055327,NE006011,2,SON
2004,0.18621460317831098,0.18432686795913625,NE006011,2,SON
2005,0.4765315253907212,0.47275605495237116,NE006011,2,SON
2006,0.27000264530891527,0.2643394396513904,NE006011,2,SON
2007,0.4171368731535828,0.4095859322768826,NE006011,2,SON
2008,0.3843825686315478,0.3749438925356728,NE006011,2,SON
2009,0.21745464791143362,0.20612823659638332,NE006011,2,SON
2010,0.4413443587591874,0.42813021222496184,NE006011,2,SON
2011,0.3015257001072825,0.2864238183538821,NE006011,2,SON
2012,0.19261483755505487,0.17562522058247915,NE006011,2,SON
2013,0.18915408382671797,0.1702767316349674,NE006011,2,SON
2014,0.3370818326541999,0.316316745243274,NE006011,2,SON
2015,0.6027154122251793,0.5800625895950782,NE006011,2,SON
2016,0.22308990578556465,0.19854934793628864,NE006011,2,SON
2017,0.30313946190701657,0.2767111688385653,NE006011,2,SON
2018,0.5131696329477264,0.4848536046601003,NE006011,2,SON
2019,0.37588564981373335,0.3456818863069319,NE006011,2,SON
2020,0.5776411311788425,0.5455496324528658,NE006011,2,SON
2021,0.17134015896959917,0.1373609250244476,NE006011,2,SON
2022,0.5312343722029472,0.49536740303862037,NE006011,2,SON
2023,0.5580680437564027,0.520313339372901,NE006011,2,SON
2024,0.7325854235806515,0.6929429839779745,NE006011,2,SON
2025,0.5000019614482799,0.45847178662642807,NE006011,2,SON
2026,0.28056230488644673,0.2371443948454196,NE006011,2,SON
1981,1.1713540787076018,1.271460249102531,NE006008,2,JAS
1982,1.341075279729655,1.4366311696520893,NE006008,2,JAS
1983,0.8954944581624444,0.9865000676123818,NE006008,2,JAS
1984,0.711803472070363,0.7982588010478036,NE006008,2,JAS
1985,1.4470671709433631,1.5289722194483069,NE006008,2,JAS
1986,1.448129927893103,1.52548469592555,NE006008,2,JAS
1987,0.9726219782636529,1.045426465823603,NE006008,2,JAS
1988,1.3898664290248643,1.4581206361123176,NE006008,2,JAS
1989,1.4524800952025942,1.5161840218175506,NE006008,2,JAS
1990,0.9440063542955404,1.003160000438,NE006008,2,JAS
1991,1.171092307806106,1.2256956734760687,NE006008,2,JAS
1992,1.1867179584737249,1.2367710436711907,NE006008,2,JAS
1993,1.0047665611311092,1.0502693658560782,NE006008,2,JAS
1994,1.4807959846382772,1.5217485088907494,NE006008,2,JAS
1995,1.4120826785987701,1.4484849223787455,NE006008,2,JAS
1996,1.1021411569037196,1.1339931202111981,NE006008,2,JAS
1997,1.165765287977345,1.1930669708123267,NE006008,2,JAS
1998,1.425033360860817,1.4477847632233019,NE006008,2,JAS
1999,1.5825413111384234,1.6007424330284115,NE006008,2,JAS
2000,1.0771829027176838,1.090833744135175,NE006008,2,JAS
2001,1.4619778597991653,1.4710784207441596,NE006008,2,JAS
2002,1.2191966422410219,1.2237469227135194,NE006008,2,JAS
2003,1.3380555987392844,1.338055598739285,NE006008,2,JAS
2004,1.0161319980015453,1.0115817175290491,NE006008,2,JAS
2005,1.254674918939236,1.245574357994243,NE006008,2,JAS
2006,1.2614803527325138,1.247829511315024,NE006008,2,JAS
2007,1.4067087098086632,1.3885075879186766,NE006008,2,JAS
2008,1.1762708610946553,1.1535194587321718,NE006008,2,JAS
2009,0.9765660551105539,0.9492643722755736,NE006008,2,JAS
2010,1.3382948412719076,1.3064428779644304,NE006008,2,JAS
2011,0.8846482969896342,0.8482460532096602,NE006008,2,JAS
2012,1.5045721661278826,1.4636196418754117,NE006008,2,JAS
2013,1.2517679306682281,1.2062651259432604,NE006008,2,JAS
2014,1.5107545326879839,1.4607014474905193,NE006008,2,JAS
2015,1.4865099364000447,1.4319065707300833,NE006008,2,JAS
2016,1.4221162471993825,1.3629626010569242,NE006008,2,JAS
2017,1.2809363130450147,1.2172323864300596,NE006008,2,JAS
2018,1.3075398510807736,1.2392856439933218,NE006008,2,JAS
2019,1.3962668491800334,1.3234623616200847,NE006008,2,JAS
2020,1.5678836716687385,1.490528903636293,NE006008,2,JAS
2021,0.9957458267783,0.9138407782733576,NE006008,2,JAS
2022,1.3600269334231152,1.273571604445676,NE006008,2,JAS
2023,1.1811339686092277,1.0901283591592916,NE006008,2,JAS
2024,1.566007663532794,1.470451773610361,NE006008,2,JAS
2025,1.3620291210160969,1.261922950621167,NE006008,2,JAS
2026,0.6763315796691167,0.5716751288016919,NE006008,2,JAS
1981,0.8105683526185461,0.9608964529555786,NE006008,2,ASO
1982,1.1103870491836596,1.2538820540508286,NE006008,2,ASO
1983,0.7149196916230753,0.8515816010203792,NE006008,2,ASO
1984,0.6270109710551955,0.7568397849826342,NE006008,2,ASO
1985,1.219884541093368,1.3428802595509415,NE006008,2,ASO
1986,1.1022216658679111,1.2183842888556193,NE006008,2,ASO
1987,0.8712567294265771,0.98058625694442,NE006008,2,ASO
1988,1.1654602724524334,1.2679567045004112,NE006008,2,ASO
1989,1.307487118871419,1.4031504554495315,NE006008,2,ASO
1990,0.6194821220866467,0.708312363194894,NE006008,2,ASO
1991,0.8023047601824099,0.884301905820792,NE006008,2,ASO
1992,0.8968083411332466,0.9719723913017653,NE006008,2,ASO
1993,0.7707204975427193,0.8390514522413728,NE006008,2,ASO
1994,1.300939010577187,1.3624368698059752,NE006008,2,ASO
1995,1.224664194791352,1.279328958550275,NE006008,2,ASO
1996,0.9542646615896504,1.0020963298787082,NE006008,2,ASO
1997,1.1218043399163564,1.162802912735549,NE006008,2,ASO
1998,1.1119536839787907,1.146119161328118,NE006008,2,ASO
1999,1.466357314516808,1.4936896963962703,NE006008,2,ASO
2000,0.8102995307962034,0.8307988172058004,NE006008,2,ASO
2001,1.0887598463184385,1.1024260372581702,NE006008,2,ASO
2002,0.9255634885687375,0.9323965840386058,NE006008,2,ASO
2003,1.186353462946001,1.1863534629460042,NE006008,2,ASO
2004,0.8031811875358541,0.796348092065992,NE006008,2,ASO
2005,1.0404697855616816,1.0268035946219543,NE006008,2,ASO
2006,1.0856903397535735,1.065191053343981,NE006008,2,ASO
2007,1.1545836194295611,1.1272512375501034,NE006008,2,ASO
2008,1.0755115882137536,1.0413461108644306,NE006008,2,ASO
2009,0.9492357477068845,0.9082371748876963,NE006008,2,ASO
2010,1.1181081071667314,1.070276438877678,NE006008,2,ASO
2011,0.8039346120260416,0.749269848267123,NE006008,2,ASO
2012,1.2488719373028014,1.1873740780740194,NE006008,2,ASO
2013,1.1380184385018846,1.0696874838032373,NE006008,2,ASO
2014,1.3720796911789805,1.296915641010468,NE006008,2,ASO
2015,1.4239628620418332,1.3419657164034555,NE006008,2,ASO
2016,1.080016915848834,0.9911866747405911,NE006008,2,ASO
2017,1.0784588038201284,0.9827954672420203,NE006008,2,ASO
2018,1.2330375428539082,1.130541110805935,NE006008,2,ASO
2019,1.268187588415658,1.1588580608978194,NE006008,2,ASO
2020,1.4283127100197537,1.31215008703205,NE006008,2,ASO
2021,0.8868610691775772,0.7638653507200083,NE006008,2,ASO
2022,1.1778212708649962,1.047992456937562,NE006008,2,ASO
2023,1.1217625709134067,0.9851006615161091,NE006008,2,ASO
2024,1.3410631684771084,1.1975681636099456,NE006008,2,ASO
2025,1.1245088250292432,0.9741807246922152,NE006008,2,ASO
2026,0.6970958724622836,0.5399346766553903,NE006008,2,ASO
1981,0.3092243047673836,0.35619475705456294,NE006008,2,SON
1982,0.6842200501541471,0.7290554818828178,NE006008,2,SON
1983,0.27308711832825183,0.3157875294984147,NE006008,2,SON
1984,0.3754104918038164,0.4159758824154715,NE006008,2,SON
1985,0.5750421094760808,0.6134724795292272,NE006008,2,SON
1986,0.6664670416608178,0.7027623911554565,NE006008,2,SON
1987,0.593668839789988,0.6278291687261179,NE006008,2,SON
1988,0.3950688584156206,0.4270941667932428,NE006008,2,SON
1989,0.649450344568922,0.6793406323880364,NE006008,2,SON
1990,0.16182586534681637,0.1895811326074221,NE006008,2,SON
1991,-0.032700933072722815,-0.007080686370624867,NE006008,2,SON
1992,0.2873441818411616,0.3108294079847518,NE006008,2,SON
1993,0.3388794305306716,0.3602296361157531,NE006008,2,SON
1994,0.7882342694867644,0.8074494545133382,NE006008,2,SON
1995,0.6019468247695717,0.6190269892376368,NE006008,2,SON
1996,0.6536231441641029,0.6685682880736602,NE006008,2,SON
1997,0.4630335381245181,0.47584366147556756,NE006008,2,SON
1998,0.7209488835727458,0.7316239863652866,NE006008,2,SON
1999,0.7478901471879317,0.7564302294219647,NE006008,2,SON
2000,0.21533372715325572,0.22173878882878095,NE006008,2,SON
2001,0.6036266637510012,0.6078967048680177,NE006008,2,SON
2002,0.44851535664656517,0.45065037720507395,NE006008,2,SON
2003,0.5084726084321642,0.5084726084321652,NE006008,2,SON
2004,0.23314707979239402,0.23101205923388635,NE006008,2,SON
2005,0.4251997366686198,0.42092969555160437,NE006008,2,SON
2006,0.3050042458883644,0.29859918421284026,NE006008,2,SON
2007,0.4663922529734956,0.4578521707394637,NE006008,2,SON
2008,0.5421768211355146,0.5315017183429749,NE006008,2,SON
2009,0.34723299500671834,0.33442287165567,NE006008,2,SON
2010,0.5113063664741007,0.4963612225645445,NE006008,2,SON
2011,0.3173617632628706,0.30028159879480665,NE006008,2,SON
2012,0.27914534108770106,0.25993015606112846,NE006008,2,SON
2013,0.32128980486566816,0.2999395992805878,NE006008,2,SON
2014,0.515024840639357,0.491539614495768,NE006008,2,SON
2015,0.702296220490257,0.6766759737881601,NE006008,2,SON
2016,0.3238499947363829,0.29609472747577825,NE006008,2,SON
2017,0.330278244256484,0.3003879564373707,NE006008,2,SON
2018,0.6892796471954181,0.657254338817797,NE006008,2,SON
2019,0.48645732778781586,0.452296998851687,NE006008,2,SON
2020,0.662509614312899,0.6262142648182615,NE006008,2,SON
2021,0.23686215045447287,0.19843178040132758,NE006008,2,SON
2022,0.6642472121240444,0.6236818215123913,NE006008,2,SON
2023,0.7037355878398073,0.6610351766696455,NE006008,2,SON
2024,0.7881408672765082,0.7433054355478387,NE006008,2,SON
2025,0.5576080590535948,0.5106376067664166,NE006008,2,SON
2026,0.3176685686885732,0.2685630958428872,NE006008,2,SON
1981,0.6038053106260172,0.6812957918667837,NE005012,2,JAS
1982,0.6841541428451869,0.7581223294841001,NE005012,2,JAS
1983,0.4522853525383519,0.5227312445754125,NE005012,2,JAS
1984,0.3208087953880597,0.38773239282326694,NE005012,2,JAS
1985,0.6703723555846953,0.7337736584180492,NE005012,2,JAS
1986,0.6189710957115546,0.678850103943056,NE005012,2,JAS
1987,0.5579395709247611,0.6142962845544091,NE005012,2,JAS
1988,0.865666203735288,0.9185006227630835,NE005012,2,JAS
1989,0.7054971754953929,0.754809299921335,NE005012,2,JAS
1990,0.5083069332823179,0.5540967631064067,NE005012,2,JAS
1991,0.6485434135265781,0.6908109487488143,NE005012,2,JAS
1992,0.4921554667704009,0.5309007073907838,NE005012,2,JAS
1993,0.6227184968059021,0.6579414428244325,NE005012,2,JAS
1994,0.9431950444575711,0.9748956958742481,NE005012,2,JAS
1995,0.5902086029731789,0.6183869597880034,NE005012,2,JAS
1996,0.500079033445254,0.5247350956582251,NE005012,2,JAS
1997,0.5860615192857376,0.6071952868968553,NE005012,2,JAS
1998,0.8720848888297417,0.8896963618390069,NE005012,2,JAS
1999,1.2051650654585468,1.2192542438659588,NE005012,2,JAS
2000,0.4941763964730851,0.5047432802786445,NE005012,2,JAS
2001,0.670787603083323,0.677832192287029,NE005012,2,JAS
2002,0.5352049390493532,0.5387272336512067,NE005012,2,JAS
2003,0.5256983226236094,0.5256983226236095,NE005012,2,JAS
2004,0.4264431418660136,0.42292084726416035,NE005012,2,JAS
2005,0.6673394862410807,0.660294897037375,NE005012,2,JAS
2006,0.5831694970521512,0.572602613246592,NE005012,2,JAS
2007,0.8228786371664666,0.808789458759055,NE005012,2,JAS
2008,0.5914036689803024,0.5737921959710374,NE005012,2,JAS
2009,0.32879791740998876,0.30766414979887124,NE005012,2,JAS
2010,0.9762295149056599,0.951573452692689,NE005012,2,JAS
2011,0.6944411706402236,0.6662628138253993,NE005012,2,JAS
2012,0.6107470173136423,0.5790463658969656,NE005012,2,JAS
2013,0.5262737033570453,0.4910507573385151,NE005012,2,JAS
2014,0.6905784415131209,0.6518332008927382,NE005012,2,JAS
2015,0.9381285924493963,0.8958610572271603,NE005012,2,JAS
2016,0.7407936445839415,0.6950038147598521,NE005012,2,JAS
2017,0.7712250415727225,0.7219129171467806,NE005012,2,JAS
2018,0.8770518066946259,0.8242173876668306,NE005012,2,JAS
2019,1.0499385284550973,0.9935818148254495,NE005012,2,JAS
2020,0.8268027426369138,0.7669237344054126,NE005012,2,JAS
2021,0.46879986006820396,0.4053985572348503,NE005012,2,JAS
2022,0.5958779048898708,0.5289543074546638,NE005012,2,JAS
2023,0.4285852145227197,0.3581393224856593,NE005012,2,JAS
2024,1.2209714724802652,1.1470032858413521,NE005012,2,JAS
2025,0.4799565615793979,0.4024660803386316,NE005012,2,JAS
2026,0.36258472039166284,0.28157194454904405,NE005012,2,JAS
1981,0.27104828207409815,0.3897512328125955,NE005012,2,ASO
1982,0.6027892950949076,0.7160966571634726,NE005012,2,ASO
1983,0.2582689632939772,0.36618073669261153,NE005012,2,ASO
1984,0.2636548858830168,0.3661710706117187,NE005012,2,ASO
1985,0.5204748185342924,0.6175954145930638,NE005012,2,ASO
1986,0.5039040544967207,0.5956290618855596,NE005012,2,ASO
1987,0.4898656082282886,0.5761950269471952,NE005012,2,ASO
1988,0.7147370009048544,0.7956708309538303,NE005012,2,ASO
1989,0.59840967023464,0.6739479116136835,NE005012,2,ASO
1990,0.27147165517638583,0.34161430788549874,NE005012,2,ASO
1991,0.4812097174709161,0.5459567815100966,NE005012,2,ASO
1992,0.3300586062102855,0.3894100815795336,NE005012,2,ASO
1993,0.46645865349746296,0.5204145401967805,NE005012,2,ASO
1994,0.8666110221525631,0.9151713201819482,NE005012,2,ASO
1995,0.4510632124628328,0.4942279218222873,NE005012,2,ASO
1996,0.4007449780125276,0.4385140987020497,NE005012,2,ASO
1997,0.5934251946252922,0.6257987266448837,NE005012,2,ASO
1998,0.7107131217880632,0.7376910651377223,NE005012,2,ASO
1999,1.0852503869900807,1.1068327416698074,NE005012,2,ASO
2000,0.30205383505411443,0.3182406010639105,NE005012,2,ASO
2001,0.49870617805168954,0.5094973553915532,NE005012,2,ASO
2002,0.3901375770766511,0.39553316574658415,NE005012,2,ASO
2003,0.41955180031513284,0.4195518003151335,NE005012,2,ASO
2004,0.28759548875469115,0.2821999000847594,NE005012,2,ASO
2005,0.5116560055658066,0.5008648282259442,NE005012,2,ASO
2006,0.49128041779816195,0.4750936517883672,NE005012,2,ASO
2007,0.683237705277451,0.6616553505977256,NE005012,2,ASO
2008,0.5097392704552579,0.48276132710560016,NE005012,2,ASO
2009,0.29813104621836833,0.2657575141987782,NE005012,2,ASO
2010,0.6437539049124819,0.6059847842229611,NE005012,2,ASO
2011,0.5873268797777687,0.5441621704183155,NE005012,2,ASO
2012,0.48019819123585455,0.4316378932064708,NE005012,2,ASO
2013,0.45437610490795066,0.4004202182086345,NE005012,2,ASO
2014,0.6272306465766223,0.5678791712073737,NE005012,2,ASO
2015,0.8828976459875043,0.8181505819483251,NE005012,2,ASO
2016,0.5635973921667207,0.4934547394576091,NE005012,2,ASO
2017,0.6320494851177266,0.5565112437386844,NE005012,2,ASO
2018,0.7987867846580488,0.7178529546090742,NE005012,2,ASO
2019,1.0283189695679256,0.9419895508490186,NE005012,2,ASO
2020,0.7503451026066479,0.6586200952178103,NE005012,2,ASO
2021,0.31961659793540964,0.22249600187663965,NE005012,2,ASO
2022,0.5253282937149044,0.4228121089862038,NE005012,2,ASO
2023,0.4071369209850191,0.2992251475863861,NE005012,2,ASO
2024,1.1772538241933348,1.0639464621247694,NE005012,2,ASO
2025,0.3998135423988659,0.2811105916603699,NE005012,2,ASO
2026,0.3863048408284495,0.2622063014200211,NE005012,2,ASO
1981,0.07688982066065145,0.12644070072811775,NE005012,2,SON
1982,0.28052234190792774,0.32782090924505514,NE005012,2,SON
1983,0.06040533626514588,0.10545159087193354,NE005012,2,SON
1984,0.11506472891839625,0.15785867079484503,NE005012,2,SON
1985,0.16752911787152427,0.20807074701763328,NE005012,2,SON
1986,0.2509463897229779,0.28923570613874805,NE005012,2,SON
1987,0.23976764023242392,0.2758046439178543,NE005012,2,SON
1988,0.1574929812140665,0.19127767216915798,NE005012,2,SON
1989,0.2066928216237084,0.2382251998484601,NE005012,2,SON
1990,0.027237688679971228,0.056517754174384066,NE005012,2,SON
1991,0.0005768419656509427,0.027604594729724014,NE005012,2,SON
1992,-0.027628453621770604,-0.0028530135880364127,NE005012,2,SON
1993,0.2867143264342168,0.30923745373761125,NE005012,2,SON
1994,0.6163978888026922,0.6366687033757469,NE005012,2,SON
1995,0.19175778395766616,0.20977628580038193,NE005012,2,SON
1996,0.22936880527964176,0.24513499439201777,NE005012,2,SON
1997,0.2664938989449082,0.2800077753269453,NE005012,2,SON
1998,0.5236955081451294,0.5349570717968268,NE005012,2,SON
1999,0.33576437337784915,0.34477362429920766,NE005012,2,SON
2000,-0.03128425905889454,-0.024527320867875818,NE005012,2,SON
2001,0.1883640825543045,0.19286870801498435,NE005012,2,SON
2002,0.07984066219149,0.08209297492183007,NE005012,2,SON
2003,0.21545727598615916,0.21545727598616035,NE005012,2,SON
2004,0.050807153400060534,0.04855484066972196,NE005012,2,SON
2005,0.2640942426040502,0.2595896171433727,NE005012,2,SON
2006,0.21277672483417803,0.2060197866431608,NE005012,2,SON
2007,0.19423700976926878,0.18522775884791268,NE005012,2,SON
2008,0.19662905353995352,0.18536748988825766,NE005012,2,SON
2009,0.13887264082468403,0.1253587644426493,NE005012,2,SON
2010,0.3800527470595636,0.3642865579471891,NE005012,2,SON
2011,0.10145354560595866,0.08343504376324527,NE005012,2,SON
2012,0.08079792827514168,0.06052711370208852,NE005012,2,SON
2013,0.09775134644249933,0.0752282191391064,NE005012,2,SON
2014,0.1882782252718663,0.1635027852381345,NE005012,2,SON
2015,0.4652855531109041,0.4382578003468325,NE005012,2,SON
2016,0.12556337141565604,0.0962833059212456,NE005012,2,SON
2017,0.037880558069426334,0.006348179844676116,NE005012,2,SON
2018,0.2885114825107658,0.2547267915556767,NE005012,2,SON
2019,0.2662787790690641,0.23024177538363524,NE005012,2,SON
2020,0.3064375287877137,0.26814821237194597,NE005012,2,SON
2021,0.0410058992412764,0.0004642700951688894,NE005012,2,SON
2022,0.2527101583284466,0.20991621645200023,NE005012,2,SON
2023,0.15472887754637266,0.1096826229395865,NE005012,2,SON
2024,0.7169444311290485,0.6696458637919235,NE005012,2,SON
2025,0.25856998795431785,0.20901910788685304,NE005012,2,SON
2026,0.16878396417819805,0.11698077138039437,NE005012,2,SON
1981,1.251196223945488,1.320729564910208,NE004004,2,JAS
1982,1.3228704969047813,1.3892432314620133,NE004004,2,JAS
1983,1.1314584246106625,1.1946705527604073,NE004004,2,JAS
1984,0.9258100469319099,0.9858615686741676,NE004004,2,JAS
1985,1.5448723509455684,1.601763266280339,NE004004,2,JAS
1986,1.4666514491146103,1.5203817580418937,NE004004,2,JAS
1987,1.419082193208416,1.4696518957282123,NE004004,2,JAS
1988,1.584103327259825,1.631512423372134,NE004004,2,JAS
1989,1.493050625665284,1.537299115370105,NE004004,2,JAS
1990,1.2833584073489612,1.324446290646295,NE004004,2,JAS
1991,1.26706962504995,1.3049969019397967,NE004004,2,JAS
1992,1.4552140539923093,1.4899807244746688,NE004004,2,JAS
1993,1.1577589319974364,1.1893649960723087,NE004004,2,JAS
1994,1.5983364290704047,1.62678188673779,NE004004,2,JAS
1995,1.2883750827546505,1.3136599340145485,NE004004,2,JAS
1996,1.12955961474441,1.1516838595968208,NE004004,2,JAS
1997,1.3094562331572162,1.328419871602139,NE004004,2,JAS
1998,1.7303841232067225,1.7461871552441581,NE004004,2,JAS
1999,1.8502584577369439,1.8629008833668923,NE004004,2,JAS
2000,1.0908908013527603,1.1003726205752216,NE004004,2,JAS
2001,1.3848595207934749,1.391180733608449,NE004004,2,JAS
2002,1.1824151933911509,1.1855757997986378,NE004004,2,JAS
2003,1.347725244027253,1.3477252440272527,NE004004,2,JAS
2004,1.2124039647317424,1.209243358324255,NE004004,2,JAS
2005,1.3505272932415608,1.3442060804265854,NE004004,2,JAS
2006,1.267246930555647,1.2577651113331845,NE004004,2,JAS
2007,1.2967809532711214,1.2841385276411716,NE004004,2,JAS
2008,1.378670579108453,1.362867547071016,NE004004,2,JAS
2009,1.1187462630668672,1.099782624621943,NE004004,2,JAS
2010,1.5316546720944026,1.5095304272419914,NE004004,2,JAS
2011,1.294075342023164,1.2687904907632657,NE004004,2,JAS
2012,1.3646697130812566,1.336224255413871,NE004004,2,JAS
2013,1.310966458167246,1.2793603940923723,NE004004,2,JAS
2014,1.3864872817697491,1.3517206112873883,NE004004,2,JAS
2015,1.5446085139890138,1.5066812370991658,NE004004,2,JAS
2016,1.3538675444687758,1.3127796611714406,NE004004,2,JAS
2017,1.4626555846311953,1.418407094926373,NE004004,2,JAS
2018,1.3896302274023062,1.3422211312899968,NE004004,2,JAS
2019,1.566521446090388,1.5159517435705914,NE004004,2,JAS
2020,1.701129587057729,1.6473992781304452,NE004004,2,JAS
2021,1.090269465163538,1.0333785498287662,NE004004,2,JAS
2022,1.5109669746336571,1.4509154528913981,NE004004,2,JAS
2023,1.2097961178852796,1.1465839897355334,NE004004,2,JAS
2024,1.9379634179918956,1.8715906834346623,NE004004,2,JAS
2025,1.3609030434784404,1.2913697025137199,NE004004,2,JAS
2026,0.7331186002726741,0.6604246529004664,NE004004,2,JAS
1981,0.6886335093910347,0.8300330732864976,NE004004,2,ASO
1982,1.1363393423316355,1.2713116533227586,NE004004,2,ASO
1983,0.8011454844388795,0.9296905425256647,NE004004,2,ASO
1984,0.6214220722832622,0.7435398774657078,NE004004,2,ASO
1985,1.3141342219575178,1.4298247742356238,NE004004,2,ASO
1986,1.1965121851704108,1.305775484544179,NE004004,2,ASO
1987,1.194967148597764,1.2978031950671924,NE004004,2,ASO
1988,1.3909292971837566,1.4873380907488454,NE004004,2,ASO
1989,1.3016968508597557,1.3916783915205049,NE004004,2,ASO
1990,0.8746018685562107,0.958156156312622,NE004004,2,ASO
1991,0.9762704096741424,1.053397444526214,NE004004,2,ASO
1992,1.206029113723185,1.276728895670917,NE004004,2,ASO
1993,0.9217732278386698,0.9860457568820621,NE004004,2,ASO
1994,1.4033123586318066,1.461157634770861,NE004004,2,ASO
1995,1.1186417970430973,1.170059820277812,NE004004,2,ASO
1996,0.9157152553361122,0.9607060256664873,NE004004,2,ASO
1997,1.123207086940443,1.1617706043664784,NE004004,2,ASO
1998,1.5111997771186605,1.543336041640358,NE004004,2,ASO
1999,1.6877827723006193,1.7134917839179773,NE004004,2,ASO
2000,0.7370782244293965,0.7563599831424148,NE004004,2,ASO
2001,0.9780708411105232,0.9909253469192019,NE004004,2,ASO
2002,0.8637934437218215,0.8702206966261623,NE004004,2,ASO
2003,1.16783938844115,1.167839388441151,NE004004,2,ASO
2004,1.0039855462940437,0.9975582933897051,NE004004,2,ASO
2005,1.0791031326461988,1.0662486268375224,NE004004,2,ASO
2006,1.0653702979401036,1.0460885392270876,NE004004,2,ASO
2007,1.1100838017252495,1.0843747901078937,NE004004,2,ASO
2008,1.1600213766427365,1.1278851121210411,NE004004,2,ASO
2009,1.0113963445611218,0.9728328271350886,NE004004,2,ASO
2010,1.2400704843257706,1.1950797139953977,NE004004,2,ASO
2011,1.1413692591625992,1.0899512359278867,NE004004,2,ASO
2012,1.072186420051051,1.0143411439119987,NE004004,2,ASO
2013,1.214784900545387,1.150512371501997,NE004004,2,ASO
2014,1.1615169737302404,1.0908171917825107,NE004004,2,ASO
2015,1.4126299741104424,1.335502939258373,NE004004,2,ASO
2016,0.9877683910888693,0.9042141033324602,NE004004,2,ASO
2017,1.2455565908312114,1.1555750501704645,NE004004,2,ASO
2018,1.2366122470417393,1.1402034534766528,NE004004,2,ASO
2019,1.3547123675659143,1.251876321096488,NE004004,2,ASO
2020,1.5566015378357156,1.4473382384619515,NE004004,2,ASO
2021,0.8381663062939873,0.7224757540158835,NE004004,2,ASO
2022,1.4288840134633631,1.3067662082809197,NE004004,2,ASO
2023,1.1620499025895346,1.0335048445027515,NE004004,2,ASO
2024,1.8046000866973801,1.6696277757062592,NE004004,2,ASO
2025,1.141837685268833,1.0004381213733724,NE004004,2,ASO
2026,0.8267996796177353,0.678972862817935,NE004004,2,ASO
1981,0.26585085118342916,0.2906358077233931,NE004004,2,SON
1982,0.7140387204368729,0.7376970880432019,NE004004,2,SON
1983,0.3348128948536099,0.3573446735263044,NE004004,2,SON
1984,0.3206683123593508,0.34207350209841036,NE004004,2,SON
1985,0.6477546478872227,0.6680332486926478,NE004004,2,SON
1986,0.6771909794306917,0.6963429913024819,NE004004,2,SON
1987,0.5652176304196995,0.5832430533578552,NE004004,2,SON
1988,0.43565487216623366,0.4525537061707544,NE004004,2,SON
1989,0.7144805031099729,0.7302527481808592,NE004004,2,SON
1990,0.432059444329835,0.44670510046708634,NE004004,2,SON
1991,0.056880592892232185,0.07039966009584903,NE004004,2,SON
1992,0.5736057109112553,0.5859981891812377,NE004004,2,SON
1993,0.23442603615313112,0.24569192548947855,NE004004,2,SON
1994,0.9892964568026675,0.9994357572053805,NE004004,2,SON
1995,0.4765321158849009,0.4855448273539789,NE004004,2,SON
1996,0.5918223665609639,0.5997084890964074,NE004004,2,SON
1997,0.5010694414707371,0.5078289750725457,NE004004,2,SON
1998,0.8055162891562652,0.8111492338244393,NE004004,2,SON
1999,0.933799110576611,0.9383054663111502,NE004004,2,SON
2000,0.1802255890512764,0.18360535585218107,NE004004,2,SON
2001,0.6450044911054438,0.6472576689727135,NE004004,2,SON
2002,0.4282306676236819,0.42935725655731716,NE004004,2,SON
2003,0.589383993739565,0.5893839937395653,NE004004,2,SON
2004,0.3250573329619842,0.32393074402835004,NE004004,2,SON
2005,0.43427565330143797,0.4320224754341689,NE004004,2,SON
2006,0.5300615199446407,0.5266817531437371,NE004004,2,SON
2007,0.5431554706591999,0.5386491149246614,NE004004,2,SON
2008,0.7100376589845138,0.7044047143163408,NE004004,2,SON
2009,0.3926507728493691,0.3858912392475612,NE004004,2,SON
2010,0.5938261565187815,0.585940033983339,NE004004,2,SON
2011,0.4282462497044246,0.4192335382353477,NE004004,2,SON
2012,0.2049211953995812,0.19478189499686938,NE004004,2,SON
2013,0.3757897121483377,0.36452382281199136,NE004004,2,SON
2014,0.5573286969702294,0.5449362187002481,NE004004,2,SON
2015,0.7216494968387144,0.7081304296350986,NE004004,2,SON
2016,0.38522819124923463,0.37058253511198397,NE004004,2,SON
2017,0.16697343189208402,0.15120118682119887,NE004004,2,SON
2018,0.6074949018353759,0.5905960678308558,NE004004,2,SON
2019,0.45883564536312976,0.4408102224249752,NE004004,2,SON
2020,0.6110552693527808,0.5919032574809913,NE004004,2,SON
2021,0.30429716270257523,0.28401856189715124,NE004004,2,SON
2022,0.7210516478324946,0.6996464580934357,NE004004,2,SON
2023,0.5851635673498002,0.5626317886771068,NE004004,2,SON
2024,0.8452543115966753,0.821595943990347,NE004004,2,SON
2025,0.6418221427237667,0.6170371861838039,NE004004,2,SON
2026,0.43284351533222587,0.4069319698586281,NE004004,2,SON
1981,0.9086202397398356,0.9094525047143824,NE002006,2,JAS
1982,1.057710425772374,1.058504860520805,NE002006,2,JAS
1983,0.6731509008894285,0.6739075054117438,NE002006,2,JAS
1984,0.4068891673807489,0.40760794167694836,NE002006,2,JAS
1985,1.0063153939977751,1.0069963380678588,NE002006,2,JAS
1986,0.8342422830373383,0.8348853968813063,NE002006,2,JAS
1987,0.8688450412591829,0.8694503248770351,NE002006,2,JAS
1988,1.4171913958858104,1.4177588492775468,NE002006,2,JAS
1989,1.0594812725835092,1.0600108957491297,NE002006,2,JAS
1990,0.8389790091195247,0.8394708020590296,NE002006,2,JAS
1991,0.8839045677747739,0.8843585304881629,NE002006,2,JAS
1992,1.0283633088503463,1.0287794413376194,NE002006,2,JAS
1993,0.675122248911154,0.6755005511723114,NE002006,2,JAS
1994,1.4903790204158383,1.49071949245088,NE002006,2,JAS
1995,1.158145957095612,1.1584485989045379,NE002006,2,JAS
1996,0.8605413448842822,0.8608061564670924,NE002006,2,JAS
1997,0.7844127210498034,0.7846397024064977,NE002006,2,JAS
1998,1.2551570554130749,1.2553462065436536,NE002006,2,JAS
1999,1.4607580816295584,1.4609094025340212,NE002006,2,JAS
2000,0.8480204940629255,0.8481339847412724,NE002006,2,JAS
2001,0.7558115611746157,0.7558872216268469,NE002006,2,JAS
2002,0.8476447640796587,0.8476825943057742,NE002006,2,JAS
2003,0.9558308044876594,0.9558308044876591,NE002006,2,JAS
2004,0.7631751779394003,0.7631373477132841,NE002006,2,JAS
2005,0.991564857272467,0.9914891968202351,NE002006,2,JAS
2006,0.6350910285318652,0.6349775378535175,NE002006,2,JAS
2007,0.905737504418192,0.9055861835137285,NE002006,2,JAS
2008,0.8607115876093467,0.8605224364787675,NE002006,2,JAS
2009,0.9316540712209646,0.9314270898642695,NE002006,2,JAS
2010,1.3918375203235571,1.3915727087407463,NE002006,2,JAS
2011,0.6462522347117424,0.6459495929028158,NE002006,2,JAS
2012,0.8094929117889988,0.8091524397539565,NE002006,2,JAS
2013,0.6354245073455064,0.6350462050843482,NE002006,2,JAS
2014,1.031224535490999,1.030808403003725,NE002006,2,JAS
2015,0.9428441733842087,0.942390210670819,NE002006,2,JAS
2016,1.0988748963625112,1.0983831034230058,NE002006,2,JAS
2017,0.9384482812683851,0.9379186581027638,NE002006,2,JAS
2018,1.0707352932242138,1.0701678398324768,NE002006,2,JAS
2019,1.0215369263487024,1.0209316427308495,NE002006,2,JAS
2020,0.8725669611510756,0.8719238473071069,NE002006,2,JAS
2021,0.8651978658829288,0.8645169218128443,NE002006,2,JAS
2022,0.8779078349048595,0.8771890606086593,NE002006,2,JAS
2023,0.6642875028065545,0.6635308982842385,NE002006,2,JAS
2024,1.4313490548407186,1.4305546200922867,NE002006,2,JAS
2025,0.7426979354975609,0.7418656705230133,NE002006,2,JAS
2026,0.46132486686236274,0.46045477166169946,NE002006,2,JAS
1981,0.34838412249074413,0.40762015559036513,NE002006,2,ASO
1982,0.968575143019522,1.0251186291600698,NE002006,2,ASO
1983,0.4367263132906794,0.49057725247215295,NE002006,2,ASO
1984,0.27433177853288715,0.3254901707552874,NE002006,2,ASO
1985,0.7574449499961219,0.805910795259448,NE002006,2,ASO
1986,0.5794114377750247,0.6251847360792775,NE002006,2,ASO
1987,0.7043919289733952,0.7474726803185738,NE002006,2,ASO
1988,1.2356957331095522,1.2760839374956574,NE002006,2,ASO
1989,0.9295611297719438,0.967256787198975,NE002006,2,ASO
1990,0.5085508525137671,0.543553962981725,NE002006,2,ASO
1991,0.6534819428979661,0.6857925064068499,NE002006,2,ASO
1992,0.8398657547752205,0.869483771325031,NE002006,2,ASO
1993,0.5454197162312612,0.5723451858219974,NE002006,2,ASO
1994,1.3383888267312276,1.3626217493628907,NE002006,2,ASO
1995,1.0370390902053717,1.0585794658779606,NE002006,2,ASO
1996,0.6812884824785198,0.7001363111920353,NE002006,2,ASO
1997,0.653806538777309,0.6699618205317504,NE002006,2,ASO
1998,1.0834727099893007,1.0969354447846689,NE002006,2,ASO
1999,1.2394870502241782,1.2502572380604722,NE002006,2,ASO
2000,0.4451867702630354,0.453264411140256,NE002006,2,ASO
2001,0.5729880277631608,0.5783731216813073,NE002006,2,ASO
2002,0.5681037720873172,0.5707963190463904,NE002006,2,ASO
2003,0.7976923993431775,0.7976923993431765,NE002006,2,ASO
2004,0.5829202131820581,0.5802276662229838,NE002006,2,ASO
2005,0.8075737619370134,0.8021886680188649,NE002006,2,ASO
2006,0.5351266253430176,0.5270489844657958,NE002006,2,ASO
2007,0.711449176649776,0.7006789888134801,NE002006,2,ASO
2008,0.7883200391989641,0.7748573044035949,NE002006,2,ASO
2009,0.8611767724993431,0.8450214907448997,NE002006,2,ASO
2010,0.9257971513612884,0.9069493226477717,NE002006,2,ASO
2011,0.5571159370014976,0.5355755613289068,NE002006,2,ASO
2012,0.6732728345811432,0.6490399119494791,NE002006,2,ASO
2013,0.5766657416076454,0.5497402720169071,NE002006,2,ASO
2014,0.8916634498837285,0.8620454333339169,NE002006,2,ASO
2015,0.817749287054995,0.7854387235461093,NE002006,2,ASO
2016,0.7187169548374966,0.6837138443695376,NE002006,2,ASO
2017,0.7652461537560147,0.7275504963289815,NE002006,2,ASO
2018,0.9920992095736932,0.9517110051875868,NE002006,2,ASO
2019,0.9450558269904805,0.9019750756452999,NE002006,2,ASO
2020,0.7652490561307692,0.7194757578265153,NE002006,2,ASO
2021,0.7048163357224155,0.6563504904590874,NE002006,2,ASO
2022,0.7088118118935389,0.6576534196711376,NE002006,2,ASO
2023,0.6288098600186535,0.5749589208371779,NE002006,2,ASO
2024,1.3620480324543713,1.3055045463138226,NE002006,2,ASO
2025,0.534141938430742,0.474905905331119,NE002006,2,ASO
2026,0.3574080398434886,0.29547945978479234,NE002006,2,ASO
1981,0.17546577664814858,0.16118770868628737,NE002006,2,SON
1982,0.18378703725364,0.1701579723809543,NE002006,2,SON
1983,0.10813763182677713,0.09515757004326689,NE002006,2,SON
1984,0.16067397083485258,0.1483429121405178,NE002006,2,SON
1985,0.3500538549731622,0.33837179936800293,NE002006,2,SON
1986,0.24981603836623492,0.23878298585025134,NE002006,2,SON
1987,0.32111371584037807,0.31072966641356997,NE002006,2,SON
1988,0.30537340851100603,0.2956383621733734,NE002006,2,SON
1989,0.37700757627501,0.3679215330265529,NE002006,2,SON
1990,0.15263699676169573,0.14419995660241408,NE002006,2,SON
1991,0.14327002287789647,0.1354819858077903,NE002006,2,SON
1992,0.4056865569990029,0.3985475230180722,NE002006,2,SON
1993,0.21038117347222357,0.20389114258046837,NE002006,2,SON
1994,0.7654883417832579,0.7596473139806781,NE002006,2,SON
1995,0.21056172914067645,0.2053697044272722,NE002006,2,SON
1996,0.39036423313950674,0.385821211515278,NE002006,2,SON
1997,0.1924613837648676,0.18856736522981454,NE002006,2,SON
1998,0.6173714103368486,0.614126394890971,NE002006,2,SON
1999,0.3856648855458308,0.3830688731891287,NE002006,2,SON
2000,0.10651137763850663,0.10456436837098002,NE002006,2,SON
2001,0.29828210132257155,0.2969840951442204,NE002006,2,SON
2002,0.1780929908356637,0.17744398774648806,NE002006,2,SON
2003,0.24313355582709056,0.2431335558270904,NE002006,2,SON
2004,0.11294991447080541,0.11359891755998072,NE002006,2,SON
2005,0.25022603327358384,0.25152403945193463,NE002006,2,SON
2006,0.28047843797535305,0.2824254472428793,NE002006,2,SON
2007,0.26775503987437116,0.2703510522310729,NE002006,2,SON
2008,0.24476583231295487,0.24801084775883211,NE002006,2,SON
2009,0.17603458126515886,0.1799285998002118,NE002006,2,SON
2010,0.25098177965876645,0.2555248012829949,NE002006,2,SON
2011,0.14678311841409142,0.15197514312749533,NE002006,2,SON
2012,0.04737620061667494,0.05321722841925433,NE002006,2,SON
2013,0.1582666100575792,0.16475664094933407,NE002006,2,SON
2014,0.30025328388737005,0.3073923178683004,NE002006,2,SON
2015,0.33314348881670475,0.3409315258868106,NE002006,2,SON
2016,0.19776578184593085,0.20620282200521217,NE002006,2,SON
2017,0.08577714733645819,0.09486319058491499,NE002006,2,SON
2018,0.3362496821952141,0.3459847285328464,NE002006,2,SON
2019,0.24784307455383095,0.25822712398063874,NE002006,2,SON
2020,0.23731972509297952,0.248352777608963,NE002006,2,SON
2021,0.09954026317791395,0.1112223187830729,NE002006,2,SON
2022,0.2779745193896952,0.2903055780840296,NE002006,2,SON
2023,0.1986081249504594,0.2115881867339693,NE002006,2,SON
2024,0.5435669407551111,0.5571960056277965,NE002006,2,SON
2025,0.2584619459199448,0.2727400138818057,NE002006,2,SON
2026,0.16750297477865428,0.18243004582969063,NE002006,2,SON
1981,0.7242183181178399,0.8229468059179949,NE004002,2,JAS
1982,0.9508393242032792,1.0450801534670628,NE004002,2,JAS
1983,0.7207196529011588,0.8104728236285729,NE004002,2,JAS
1984,0.4536590956503278,0.5389246078413705,NE004002,2,JAS
1985,0.9599197985705771,1.0406976522252485,NE004002,2,JAS
1986,0.9124562923655776,0.9887464874838794,NE004002,2,JAS
1987,0.8221447146183769,0.8939472512003074,NE004002,2,JAS
1988,1.1552274234396678,1.2225423014852286,NE004002,2,JAS
1989,1.1454676917970634,1.208294911306253,NE004002,2,JAS
1990,0.8778801251893942,0.9362196861622124,NE004002,2,JAS
1991,0.8765164956458623,0.930368398082311,NE004002,2,JAS
1992,0.9971983584932834,1.0465626023933607,NE004002,2,JAS
1993,0.8111452367016481,0.856021822065354,NE004002,2,JAS
1994,1.2138399108963547,1.2542288377236912,NE004002,2,JAS
1995,0.8642719397112565,0.9001732080022216,NE004002,2,JAS
1996,0.697412575270185,0.7288261850247805,NE004002,2,JAS
1997,0.8217031086822972,0.8486290599005214,NE004002,2,JAS
1998,1.2807559748879942,1.3031942675698471,NE004002,2,JAS
1999,1.4001683827560636,1.4181190169015467,NE004002,2,JAS
2000,0.7536676345442715,0.7671306101533835,NE004002,2,JAS
2001,0.9918845801734484,1.000859897246189,NE004002,2,JAS
2002,0.7636981051393203,0.7681857636756914,NE004002,2,JAS
2003,1.0336439933399115,1.0336439933399113,NE004002,2,JAS
2004,0.6351605227408732,0.6306728642045033,NE004002,2,JAS
2005,0.9643596452636656,0.9553843281909243,NE004002,2,JAS
2006,0.8341667520953588,0.8207037764862463,NE004002,2,JAS
2007,1.0180720576658948,1.0001214235204126,NE004002,2,JAS
2008,0.9032260998234258,0.8807878071415723,NE004002,2,JAS
2009,0.6017672811920407,0.5748413299738159,NE004002,2,JAS
2010,1.1755602230651698,1.1441466133105753,NE004002,2,JAS
2011,0.8460677020303875,0.8101664337394218,NE004002,2,JAS
2012,0.9241975633522667,0.8838086365249314,NE004002,2,JAS
2013,0.8346394686827998,0.7897628833190932,NE004002,2,JAS
2014,1.058761673518313,1.009397429618235,NE004002,2,JAS
2015,1.0977912743727098,1.0439393719362622,NE004002,2,JAS
2016,1.0267004407126121,0.9683608797397932,NE004002,2,JAS
2017,1.0118473902854486,0.9490201707762583,NE004002,2,JAS
2018,1.0517720783583033,0.9844572003127435,NE004002,2,JAS
2019,1.1830685020353946,1.1112659654534633,NE004002,2,JAS
2020,1.248107790481849,1.1718175953635481,NE004002,2,JAS
2021,0.6153283625294781,0.534550508874806,NE004002,2,JAS
2022,0.985241976429829,0.8999764642387856,NE004002,2,JAS
2023,0.6798843582965621,0.5901311875691492,NE004002,2,JAS
2024,1.9082294868514165,1.813988657587632,NE004002,2,JAS
2025,0.7877679188249334,0.6890394310247777,NE004002,2,JAS
2026,0.48625999895416316,0.38304385261763796,NE004002,2,JAS
1981,0.34239400382891727,0.4730435934810625,NE004002,2,ASO
1982,0.8695508029747233,0.9942617749154075,NE004002,2,ASO
1983,0.4640646961186485,0.5828370503478715,NE004002,2,ASO
1984,0.3373321985220111,0.45016593503977304,NE004002,2,ASO
1985,0.7192776893805398,0.8261728081868407,NE004002,2,ASO
1986,0.6308793087921153,0.7318358098869551,NE004002,2,ASO
1987,0.742040637573225,0.8370585209566037,NE004002,2,ASO
1988,0.9080199126866118,0.9970991783585293,NE004002,2,ASO
1989,0.9361195728835997,1.0192602208440562,NE004002,2,ASO
1990,0.5158846892423591,0.5930867194913545,NE004002,2,ASO
1991,0.6602820629202785,0.7315454754578128,NE004002,2,ASO
1992,0.8038403681127342,0.8691651629388074,NE004002,2,ASO
1993,0.6635450799171797,0.7229312570317918,NE004002,2,ASO
1994,1.1030922571875563,1.1565398165907075,NE004002,2,ASO
1995,0.6749940320865788,0.7225029737782688,NE004002,2,ASO
1996,0.5647433330563327,0.6063136570365616,NE004002,2,ASO
1997,0.7510955278957943,0.786727234164562,NE004002,2,ASO
1998,1.1236643052530697,1.1533573938103765,NE004002,2,ASO
1999,1.2371254259701856,1.2608798968160313,NE004002,2,ASO
2000,0.43620210029650763,0.45401795343089213,NE004002,2,ASO
2001,0.6556474694654332,0.6675247048883566,NE004002,2,ASO
2002,0.5263897801015464,0.5323283978130087,NE004002,2,ASO
2003,0.9059567738736884,0.9059567738736897,NE004002,2,ASO
2004,0.46405149340664004,0.45811287569518017,NE004002,2,ASO
2005,0.6933016573007098,0.6814244218777888,NE004002,2,ASO
2006,0.6714421306841661,0.6536262775497841,NE004002,2,ASO
2007,0.8219357152278091,0.7981812443819659,NE004002,2,ASO
2008,0.7679023913832899,0.7382093028259856,NE004002,2,ASO
2009,0.4798356314951234,0.4442039252263581,NE004002,2,ASO
2010,0.8865321391258489,0.8449618151456225,NE004002,2,ASO
2011,0.7203297521296202,0.6728208104379327,NE004002,2,ASO
2012,0.7866165793531779,0.7331690199500293,NE004002,2,ASO
2013,0.7185786801042234,0.6591925029896137,NE004002,2,ASO
2014,0.8194279168416051,0.7541031220155343,NE004002,2,ASO
2015,1.0043935460133606,0.9331301334758287,NE004002,2,ASO
2016,0.743840031193273,0.66663800094428,NE004002,2,ASO
2017,0.7998732984340177,0.7167326504735636,NE004002,2,ASO
2018,0.8621258804412466,0.7730466147693315,NE004002,2,ASO
2019,1.0188058132901816,0.9237879299068054,NE004002,2,ASO
2020,1.1229706032201316,1.0220141021252944,NE004002,2,ASO
2021,0.25722068148983135,0.15032556268353292,NE004002,2,ASO
2022,0.8141981152000297,0.7013643786822702,NE004002,2,ASO
2023,0.6530745632804711,0.5343022090512505,NE004002,2,ASO
2024,1.8371126763114207,1.712401704370739,NE004002,2,ASO
2025,0.6515169133269205,0.520867323674776,NE004002,2,ASO
2026,0.4142474180788606,0.27765921071525496,NE004002,2,ASO
1981,0.058023360638240845,0.10795018914311605,NE004002,2,SON
1982,0.326864418557081,0.37452184576628034,NE004002,2,SON
1983,0.07388097685970274,0.1192690027732253,NE004002,2,SON
1984,0.1049380782442576,0.1480567028621043,NE004002,2,SON
1985,0.3521718530218659,0.3930210763440367,NE004002,2,SON
1986,0.24981230287452272,0.2883921249010176,NE004002,2,SON
1987,0.23786943565663385,0.274179856387452,NE004002,2,SON
1988,0.14913004995266915,0.18317106938781144,NE004002,2,SON
1989,0.24330236752397094,0.2750739856634373,NE004002,2,SON
1990,0.08336466691350672,0.11286688375729637,NE004002,2,SON
1991,-0.008155194347337053,0.019077621200776718,NE004002,2,SON
1992,0.13928061904247524,0.16424403329491313,NE004002,2,SON
1993,0.24794194826520488,0.27063596122196687,NE004002,2,SON
1994,0.7558281907778819,0.7762528024389671,NE004002,2,SON
1995,0.2900870742976835,0.3082422846630929,NE004002,2,SON
1996,0.2606583498596512,0.27654415892938466,NE004002,2,SON
1997,0.25530364633542196,0.2689200541094787,NE004002,2,SON
1998,0.7247631859414181,0.7361101924197989,NE004002,2,SON
1999,0.47073444697679,0.47981205215949496,NE004002,2,SON
2000,-0.021247991930904236,-0.014439788043875107,NE004002,2,SON
2001,0.2702789163048175,0.2748177188961698,NE004002,2,SON
2002,0.12604065422094518,0.12831005551662164,NE004002,2,SON
2003,0.2528406861018573,0.25284068610185784,NE004002,2,SON
2004,0.036911672891587644,0.03464227159591146,NE004002,2,SON
2005,0.17776835751199482,0.17322955492064276,NE004002,2,SON
2006,0.2785158507207917,0.2717076468337638,NE004002,2,SON
2007,0.29230782621820434,0.28323022103550055,NE004002,2,SON
2008,0.3101369065013026,0.29878990002292205,NE004002,2,SON
2009,0.14106317620969241,0.12744676843563596,NE004002,2,SON
2010,0.35413394688223643,0.33824813781250407,NE004002,2,SON
2011,0.15384365977261372,0.13568844940720462,NE004002,2,SON
2012,0.07184820048395299,0.051423588822868016,NE004002,2,SON
2013,0.12061560431307486,0.09792159135631401,NE004002,2,SON
2014,0.2843683437236547,0.25940492947121796,NE004002,2,SON
2015,0.40239478372426507,0.37516196817615155,NE004002,2,SON
2016,0.17403262309415865,0.14453040625036928,NE004002,2,SON
2017,0.01869285983232591,-0.01307875830713931,NE004002,2,SON
2018,0.32404825536079745,0.29000723592565547,NE004002,2,SON
2019,0.2804602835026116,0.2441498627717937,NE004002,2,SON
2020,0.3678829245189342,0.32930310249244044,NE004002,2,SON
2021,0.03592383798624557,-0.0049253853359240984,NE004002,2,SON
2022,0.37845113488165305,0.3353325102638066,NE004002,2,SON
2023,0.18989065313700693,0.14450262722348464,NE004002,2,SON
2024,0.742297905459439,0.6946404782502408,NE004002,2,SON
2025,0.39979035126302853,0.34986352275815447,NE004002,2,SON
2026,0.1590384200178037,0.10684219021725289,NE004002,2,SON
1981,1.0926492620123636,1.1552743114557054,NE006007,2,JAS
1982,1.2985780539896705,1.3583565102764965,NE006007,2,JAS
1983,0.9838132675878588,1.040745130718169,NE006007,2,JAS
1984,0.6644348693595672,0.7185201393333625,NE006007,2,JAS
1985,1.3362535002859244,1.3874921771032038,NE006007,2,JAS
1986,1.4196806578942738,1.4680727415550374,NE006007,2,JAS
1987,0.9520789004801711,0.9976243909844198,NE006007,2,JAS
1988,1.3731303071623673,1.4158292045101002,NE006007,2,JAS
1989,1.4090249370700743,1.4488772412612914,NE006007,2,JAS
1990,1.0552658395681542,1.0922715506028564,NE006007,2,JAS
1991,1.0985254648470322,1.1326845827252185,NE006007,2,JAS
1992,1.122767503861037,1.1540800285827075,NE006007,2,JAS
1993,0.9707859318950498,0.9992518634602054,NE006007,2,JAS
1994,1.4404035880359234,1.4660229264445632,NE006007,2,JAS
1995,1.3827808334674254,1.4055535787195494,NE006007,2,JAS
1996,1.0969067358531435,1.1168328879487526,NE006007,2,JAS
1997,1.096690045114963,1.1137696040540563,NE006007,2,JAS
1998,1.270057073232268,1.2842900390148455,NE006007,2,JAS
1999,1.6578418736618292,1.6692282462878918,NE006007,2,JAS
2000,1.1337076794752687,1.1422474589448155,NE006007,2,JAS
2001,1.3793655663366509,1.3850587526496827,NE006007,2,JAS
2002,1.132787829143264,1.13563442229978,NE006007,2,JAS
2003,1.3780156154046979,1.378015615404698,NE006007,2,JAS
2004,0.9338915598489251,0.9310449666924104,NE006007,2,JAS
2005,1.274132383940929,1.2684391976278986,NE006007,2,JAS
2006,1.0978286574829492,1.089288878013403,NE006007,2,JAS
2007,1.237591653061758,1.2262052804356967,NE006007,2,JAS
2008,1.1283295362080292,1.1140965704254522,NE006007,2,JAS
2009,0.7645260474923589,0.747446488553266,NE006007,2,JAS
2010,1.3742100426290795,1.3542838905334718,NE006007,2,JAS
2011,0.9612484844283398,0.9384757391762162,NE006007,2,JAS
2012,1.568303482589517,1.5426841441808776,NE006007,2,JAS
2013,1.1455619612543133,1.117096029689159,NE006007,2,JAS
2014,1.2653541880423327,1.2340416633206626,NE006007,2,JAS
2015,1.316891127032203,1.282732009154017,NE006007,2,JAS
2016,1.2767349799037693,1.2397292688690684,NE006007,2,JAS
2017,1.3535213536957873,1.3136690495045706,NE006007,2,JAS
2018,1.3513370893735044,1.308638192025772,NE006007,2,JAS
2019,1.2896588145319408,1.2441133240276934,NE006007,2,JAS
2020,1.5639726815137167,1.5155805978529535,NE006007,2,JAS
2021,0.8169209870683782,0.7656823102511001,NE006007,2,JAS
2022,1.1907730914068022,1.1366878214330083,NE006007,2,JAS
2023,1.1698329594432726,1.1129010963129629,NE006007,2,JAS
2024,1.4222555897743365,1.3624771334875119,NE006007,2,JAS
2025,1.2857966553371631,1.2231716058938227,NE006007,2,JAS
2026,0.7403130014693702,0.6748413588695139,NE006007,2,JAS
1981,0.7295415589584523,0.8542365688041152,NE006007,2,ASO
1982,1.0873515949481234,1.2063786498008013,NE006007,2,ASO
1983,0.763163030053903,0.8765221299135959,NE006007,2,ASO
1984,0.5891547258042809,0.6968458706709906,NE006007,2,ASO
1985,1.1199803331616525,1.2220035230353772,NE006007,2,ASO
1986,0.9850196066972436,1.0813748415779834,NE006007,2,ASO
1987,0.838802977168534,0.9294902570562887,NE006007,2,ASO
1988,1.1476032414402957,1.2326225663350654,NE006007,2,ASO
1989,1.2212614528156776,1.300612822717464,NE006007,2,ASO
1990,0.663004163327336,0.7366875782361375,NE006007,2,ASO
1991,0.833609746750062,0.9016252066658785,NE006007,2,ASO
1992,0.820092613634027,0.8824401185568584,NE006007,2,ASO
1993,0.6809214979090649,0.7376010478389113,NE006007,2,ASO
1994,1.2434282909328,1.2944398858696633,NE006007,2,ASO
1995,1.1975812890858732,1.2429249290297515,NE006007,2,ASO
1996,0.9535992247545428,0.9932749097054361,NE006007,2,ASO
1997,1.0831792400287534,1.1171869699866617,NE006007,2,ASO
1998,1.0129788784024498,1.041318653367373,NE006007,2,ASO
1999,1.4999149595217058,1.5225867794936458,NE006007,2,ASO
2000,0.8070695008514721,0.8240733658304271,NE006007,2,ASO
2001,1.1225536118361346,1.1338895218221046,NE006007,2,ASO
2002,0.8637430828662458,0.8694110378592308,NE006007,2,ASO
2003,1.173400648135903,1.1734006481359047,NE006007,2,ASO
2004,0.7144892826768858,0.7088213276839026,NE006007,2,ASO
2005,1.0599125917019683,1.048576681716,NE006007,2,ASO
2006,0.9081358309991953,0.891131966020242,NE006007,2,ASO
2007,0.9553083709143505,0.9326365509424123,NE006007,2,ASO
2008,1.0115850092944387,0.9832452343295173,NE006007,2,ASO
2009,0.7287881230799456,0.6947803931220391,NE006007,2,ASO
2010,1.180490194283525,1.1408145093326336,NE006007,2,ASO
2011,0.8632719225257344,0.8179282825818579,NE006007,2,ASO
2012,1.2989685208376254,1.247956925900764,NE006007,2,ASO
2013,1.0512787679420623,0.9945992180122176,NE006007,2,ASO
2014,1.140416350419614,1.0780688454967844,NE006007,2,ASO
2015,1.221746592140768,1.1537311322249533,NE006007,2,ASO
2016,1.0409124329872077,0.967229018078408,NE006007,2,ASO
2017,1.1200890413202225,1.0407376714184378,NE006007,2,ASO
2018,1.2692556206524384,1.1842362957576704,NE006007,2,ASO
2019,1.182995579422952,1.0923082995351991,NE006007,2,ASO
2020,1.40193305257734,1.305577817696602,NE006007,2,ASO
2021,0.6974941738515423,0.5954709839778194,NE006007,2,ASO
2022,1.0834380778787758,0.9757469330120696,NE006007,2,ASO
2023,1.1047955705548707,0.9914364706951795,NE006007,2,ASO
2024,1.23509220406117,1.1160651492084939,NE006007,2,ASO
2025,1.0189430000185404,0.8942479901728793,NE006007,2,ASO
2026,0.711011057650889,0.5806480928122428,NE006007,2,ASO
1981,0.30840135044810063,0.3519841786739786,NE006007,2,SON
1982,0.6636546312546513,0.7052564218338988,NE006007,2,SON
1983,0.2507671028554912,0.2903878557881077,NE006007,2,SON
1984,0.32947273348360495,0.36711244876959054,NE006007,2,SON
1985,0.5177501136123308,0.5534087912516854,NE006007,2,SON
1986,0.5696087519715143,0.6032863919642384,NE006007,2,SON
1987,0.5302715216108185,0.5619681239569116,NE006007,2,SON
1988,0.38732022365705027,0.41703578835651256,NE006007,2,SON
1989,0.5283929161816645,0.5561274432344958,NE006007,2,SON
1990,0.20215748928218855,0.22791097868838942,NE006007,2,SON
1991,-0.055938783954272764,-0.03216633219470283,NE006007,2,SON
1992,0.22977923937571362,0.2515706534886526,NE006007,2,SON
1993,0.2514849432372534,0.27129531970356147,NE006007,2,SON
1994,0.7492163966974486,0.7670457355171261,NE006007,2,SON
1995,0.5565071521839857,0.5723554533570323,NE006007,2,SON
1996,0.5843075180816732,0.5981747816080889,NE006007,2,SON
1997,0.49750329593991904,0.5093895218197038,NE006007,2,SON
1998,0.6807936668369758,0.6906988550701301,NE006007,2,SON
1999,0.683620317615358,0.6915444682018814,NE006007,2,SON
2000,0.19644358481109975,0.20238669775099216,NE006007,2,SON
2001,0.519427104139589,0.5233891794328505,NE006007,2,SON
2002,0.3645840244577792,0.3665650621044102,NE006007,2,SON
2003,0.5033835377184149,0.503383537718415,NE006007,2,SON
2004,0.24158420844223713,0.23960317079560625,NE006007,2,SON
2005,0.4970285073396388,0.493066432046377,NE006007,2,SON
2006,0.28015409085152987,0.27421097791163757,NE006007,2,SON
2007,0.42550052367463953,0.4175763730881163,NE006007,2,SON
2008,0.4691971499159825,0.4592919616828283,NE006007,2,SON
2009,0.24295757775277926,0.23107135187299416,NE006007,2,SON
2010,0.4990633062751013,0.4851960427486857,NE006007,2,SON
2011,0.35157154307649474,0.3357232419034482,NE006007,2,SON
2012,0.22669561773445476,0.2088662789147773,NE006007,2,SON
2013,0.2694138560416399,0.24960347957533152,NE006007,2,SON
2014,0.43965752503375055,0.41786611092081166,NE006007,2,SON
2015,0.6432746134863556,0.6195021617267857,NE006007,2,SON
2016,0.25311457288221284,0.22736108347601208,NE006007,2,SON
2017,0.2999747500293902,0.27224022297655853,NE006007,2,SON
2018,0.6218139791541519,0.5920984144546897,NE006007,2,SON
2019,0.4487273678462253,0.4170307655001322,NE006007,2,SON
2020,0.6207127040703501,0.5870350640776265,NE006007,2,SON
2021,0.19161797962799557,0.15595930198864055,NE006007,2,SON
2022,0.595699486964751,0.5580597716787654,NE006007,2,SON
2023,0.6660900806585305,0.6264693277259137,NE006007,2,SON
2024,0.7445436615282399,0.7029418709489925,NE006007,2,SON
2025,0.5307528827533047,0.48717005452742684,NE006007,2,SON
2026,0.28802055306749164,0.24245668719498242,NE006007,2,SON
1981,1.1570480767764337,1.281498794219012,NE005005,2,JAS
1982,1.2060429980441463,1.3248368646938802,NE005005,2,JAS
1983,1.000350708309373,1.1134877241662626,NE005005,2,JAS
1984,0.7545499775550095,0.8620301426190549,NE005005,2,JAS
1985,1.090552201335643,1.192375515606844,NE005005,2,JAS
1986,1.160273435357713,1.2564398988360699,NE005005,2,JAS
1987,1.136019418845217,1.2265290315307296,NE005005,2,JAS
1988,1.1211058064373605,1.2059585683300287,NE005005,2,JAS
1989,1.167222378870409,1.246418289970233,NE005005,2,JAS
1990,0.8658026240780832,0.939341684385061,NE005005,2,JAS
1991,0.7636301119449375,0.8315123214590711,NE005005,2,JAS
1992,1.0705559723817182,1.1327813311030075,NE005005,2,JAS
1993,0.9431189781342231,0.9996874860626681,NE005005,2,JAS
1994,1.31165984804477,1.3625715051803708,NE005005,2,JAS
1995,1.1001566824545275,1.145411488797284,NE005005,2,JAS
1996,0.9280555009142727,0.9676534564641849,NE005005,2,JAS
1997,1.028832732841723,1.062773837598791,NE005005,2,JAS
1998,1.3149647094719132,1.3432489634361369,NE005005,2,JAS
1999,1.692745815466977,1.7153732186383546,NE005005,2,JAS
2000,1.0266052339326714,1.0435757863112047,NE005005,2,JAS
2001,1.1790334290582656,1.1903471306439546,NE005005,2,JAS
2002,1.0364086897482654,1.0420655405411101,NE005005,2,JAS
2003,1.147254830266482,1.1472548302664825,NE005005,2,JAS
2004,0.8767800439703501,0.8711231931775063,NE005005,2,JAS
2005,1.150755365805199,1.1394416642195109,NE005005,2,JAS
2006,1.06622171109368,1.0492511587151476,NE005005,2,JAS
2007,1.1853889691800847,1.162761566008708,NE005005,2,JAS
2008,1.037674222899427,1.0093899689352042,NE005005,2,JAS
2009,0.7705398154423915,0.7365987106853245,NE005005,2,JAS
2010,1.4307850875213768,1.3911871319714655,NE005005,2,JAS
2011,1.0378773521580917,0.9926225458153362,NE005005,2,JAS
2012,1.1663154366223114,1.1154037794867115,NE005005,2,JAS
2013,1.1240868854160861,1.067518377487642,NE005005,2,JAS
2014,1.3289126027828302,1.2666872440615418,NE005005,2,JAS
2015,1.2811349054974028,1.2132526959832701,NE005005,2,JAS
2016,1.3194578951339415,1.2459188348269645,NE005005,2,JAS
2017,1.137628480892789,1.058432569792966,NE005005,2,JAS
2018,1.2448900525037212,1.1600372906110539,NE005005,2,JAS
2019,1.5015432965468491,1.4110336838613375,NE005005,2,JAS
2020,1.6460330291368448,1.549866565658489,NE005005,2,JAS
2021,0.8299421384272448,0.7281188241560447,NE005005,2,JAS
2022,1.2640776777043672,1.1565975126403227,NE005005,2,JAS
2023,0.8050939153522298,0.6919568994953411,NE005005,2,JAS
2024,2.031076460040922,1.912282593391189,NE005005,2,JAS
2025,0.9555554902390508,0.8311047727964735,NE005005,2,JAS
2026,0.5705873120624468,0.4404797438270235,NE005005,2,JAS
1981,0.7237098697151055,0.8970339503957829,NE005005,2,ASO
1982,1.0114655154957868,1.1769112288727959,NE005005,2,ASO
1983,0.6633300603534809,0.8208974064268236,NE005005,2,ASO
1984,0.6245256251583333,0.7742146039280079,NE005005,2,ASO
1985,0.8805238202344323,1.0223344317004406,NE005005,2,ASO
1986,0.8961790386853584,1.0301112828477001,NE005005,2,ASO
1987,0.9753206591502573,1.1013745360089309,NE005005,2,ASO
1988,0.9700119469023325,1.0881874564573395,NE005005,2,ASO
1989,1.0412325329503402,1.1515296752016808,NE005005,2,ASO
1990,0.5064590681092098,0.6088778430568823,NE005005,2,ASO
1991,0.5249310913077241,0.6194714989517301,NE005005,2,ASO
1992,0.824545115009233,0.9112071553495726,NE005005,2,ASO
1993,0.6943102451940075,0.773093918230679,NE005005,2,ASO
1994,1.17584382412587,1.246749129858875,NE005005,2,ASO
1995,0.9343701427046199,0.9973970811339585,NE005005,2,ASO
1996,0.7933212067092232,0.8484697778348936,NE005005,2,ASO
1997,0.9854926957862172,1.0327628996082212,NE005005,2,ASO
1998,1.1243210150720193,1.1637128515903568,NE005005,2,ASO
1999,1.574708785520101,1.6062222547347704,NE005005,2,ASO
2000,0.6892278681179737,0.7128629700289766,NE005005,2,ASO
2001,0.8752738356367836,0.8910305702441201,NE005005,2,ASO
2002,0.7556731917774258,0.7635515590810941,NE005005,2,ASO
2003,1.018333844228331,1.0183338442283327,NE005005,2,ASO
2004,0.6895069152722446,0.6816285479685783,NE005005,2,ASO
2005,0.9234359569956075,0.9076792223882748,NE005005,2,ASO
2006,0.8962515958232671,0.8726164939122679,NE005005,2,ASO
2007,0.915338978998666,0.8838255097839987,NE005005,2,ASO
2008,0.8868621284686952,0.8474702919503614,NE005005,2,ASO
2009,0.6487731305243238,0.6015029267023236,NE005005,2,ASO
2010,1.235054943177516,1.1799063720518475,NE005005,2,ASO
2011,0.8896468566806247,0.8266199182512899,NE005005,2,ASO
2012,0.9361968001391909,0.8652914944061897,NE005005,2,ASO
2013,1.0296867461063195,0.95090307306965,NE005005,2,ASO
2014,1.2026773483275335,1.1160153079871975,NE005005,2,ASO
2015,1.1728282431258112,1.078287835481809,NE005005,2,ASO
2016,1.072846437470003,0.9704276625223326,NE005005,2,ASO
2017,0.9410108660594563,0.8307137238081194,NE005005,2,ASO
2018,1.0834673497009824,0.965291840145979,NE005005,2,ASO
2019,1.4176228219327924,1.291568945074121,NE005005,2,ASO
2020,1.489218675591179,1.355286431428841,NE005005,2,ASO
2021,0.5015119974846419,0.35970138601863577,NE005005,2,ASO
2022,1.0662793829762867,0.9165904042066141,NE005005,2,ASO
2023,0.7662357048488914,0.6086683587755524,NE005005,2,ASO
2024,1.9668042541115716,1.8013585407345643,NE005005,2,ASO
2025,0.7515985405573332,0.5782744598766596,NE005005,2,ASO
2026,0.5625065238617127,0.3813040758773727,NE005005,2,ASO
1981,0.30059963723080174,0.319406699184397,NE005005,2,SON
1982,0.6836807362194743,0.7016329317206335,NE005005,2,SON
1983,0.2744132794243578,0.29151060847308097,NE005005,2,SON
1984,0.35024360338410915,0.3664860659803962,NE005005,2,SON
1985,0.5203464472413493,0.5357340433852001,NE005005,2,SON
1986,0.5901874145328745,0.6047201442242892,NE005005,2,SON
1987,0.4373221697683905,0.45100003300736907,NE005005,2,SON
1988,0.2907069887229188,0.3035299855094612,NE005005,2,SON
1989,0.47089258927258815,0.4828607196066944,NE005005,2,SON
1990,0.1659534078679608,0.17706667174963092,NE005005,2,SON
1991,-0.005151450700857596,0.00510694672837636,NE005005,2,SON
1992,0.23923461763416615,0.24863814861096395,NE005005,2,SON
1993,0.2802393247843094,0.2887879893086713,NE005005,2,SON
1994,0.8723659463875729,0.8800597444594986,NE005005,2,SON
1995,0.40837128913811466,0.4152102207576042,NE005005,2,SON
1996,0.5138146230676057,0.5197986882346591,NE005005,2,SON
1997,0.4481369329247676,0.45326613163938484,NE005005,2,SON
1998,0.7710839148658762,0.7753582471280573,NE005005,2,SON
1999,0.6945529342957526,0.6979724001054975,NE005005,2,SON
2000,0.15325679232239225,0.15582139167970105,NE005005,2,SON
2001,0.42962071003713287,0.4313304429420055,NE005005,2,SON
2002,0.35540421894303165,0.35625908539546813,NE005005,2,SON
2003,0.4634231406528358,0.46342314065283635,NE005005,2,SON
2004,0.2633139444202942,0.2624590779678586,NE005005,2,SON
2005,0.41317132314686805,0.4114615902419963,NE005005,2,SON
2006,0.4634370222561239,0.46087242289881597,NE005005,2,SON
2007,0.3815491452680789,0.37812967945833487,NE005005,2,SON
2008,0.4823769464749623,0.4781026142127821,NE005005,2,SON
2009,0.2595280460760792,0.25439884736146284,NE005005,2,SON
2010,0.625593019837209,0.6196089546701565,NE005005,2,SON
2011,0.3012118407883728,0.29437290916888414,NE005005,2,SON
2012,0.21144441357872015,0.20375061550679532,NE005005,2,SON
2013,0.2655019174347218,0.25695325291036103,NE005005,2,SON
2014,0.44117899507997443,0.4317754641031775,NE005005,2,SON
2015,0.5921033317624587,0.5818449343332256,NE005005,2,SON
2016,0.3317528570785245,0.32063959319685525,NE005005,2,SON
2017,0.13458410514087377,0.12261597480676839,NE005005,2,SON
2018,0.5765113692009626,0.563688372414421,NE005005,2,SON
2019,0.426542999833019,0.41286513659404134,NE005005,2,SON
2020,0.4955872334972251,0.4810545038058113,NE005005,2,SON
2021,0.19024501803026286,0.17485742188641287,NE005005,2,SON
2022,0.49633125078299667,0.4800887881867105,NE005005,2,SON
2023,0.4213607378112138,0.4042634087624917,NE005005,2,SON
2024,0.8490445079090299,0.8310923124078716,NE005005,2,SON
2025,0.4412014221346002,0.4223943601810058,NE005005,2,SON
2026,0.2811342457158573,0.2614723173098268,NE005005,2,SON
1981,0.9646400279045269,1.0529008953309125,NE005009,2,JAS
1982,1.0424567100253905,1.1267057198414856,NE005009,2,JAS
1983,0.7222560738346797,0.8024932260404851,NE005009,2,JAS
1984,0.5873789892669306,0.6636042838624454,NE005009,2,JAS
1985,0.934728814224299,1.0069422512095234,NE005009,2,JAS
1986,0.9396254816670637,1.0078270610419984,NE005009,2,JAS
1987,0.9296441031834496,0.9938338249480937,NE005009,2,JAS
1988,0.9338677151035458,0.9940455792578994,NE005009,2,JAS
1989,1.002736303753164,1.058902310297227,NE005009,2,JAS
1990,0.787731979385863,0.8398861283196364,NE005009,2,JAS
1991,0.7581399418200252,0.806282233143508,NE005009,2,JAS
1992,0.8552624194806744,0.8993928531938666,NE005009,2,JAS
1993,0.8446428707009818,0.8847614468038844,NE005009,2,JAS
1994,1.1737267439345382,1.2098334624271503,NE005009,2,JAS
1995,0.8922638217928142,0.9243586826751365,NE005009,2,JAS
1996,0.752633467202061,0.7807164704740929,NE005009,2,JAS
1997,0.855457119620248,0.8795282652819892,NE005009,2,JAS
1998,1.1126957751269404,1.1327550631783911,NE005009,2,JAS
1999,1.4505015861058959,1.466549016547056,NE005009,2,JAS
2000,0.7909319369322456,0.8029675097631153,NE005009,2,JAS
2001,0.9938483589865507,1.0018720742071316,NE005009,2,JAS
2002,0.7769202739978877,0.780932131608178,NE005009,2,JAS
2003,0.8878973824875417,0.8878973824875415,NE005009,2,JAS
2004,0.7323955194030776,0.7283836617927868,NE005009,2,JAS
2005,0.951467341244282,0.9434436260237007,NE005009,2,JAS
2006,0.8014820891836195,0.7894465163527477,NE005009,2,JAS
2007,1.1653684437371505,1.14932101329599,NE005009,2,JAS
2008,0.8935044127325694,0.8734451246811182,NE005009,2,JAS
2009,0.6153960726932515,0.5913249270315097,NE005009,2,JAS
2010,1.2043321140313543,1.176249110759322,NE005009,2,JAS
2011,0.9058071750760803,0.8737123141937575,NE005009,2,JAS
2012,0.9663381201689816,0.9302314016763682,NE005009,2,JAS
2013,0.8824346258018201,0.8423160496989162,NE005009,2,JAS
2014,1.0499425286994013,1.0058120949862086,NE005009,2,JAS
2015,1.1145100743451923,1.066367783021709,NE005009,2,JAS
2016,1.0808755709312,1.028721421997426,NE005009,2,JAS
2017,0.9938916022933819,0.9377255957493176,NE005009,2,JAS
2018,1.1021427893922489,1.041964925237894,NE005009,2,JAS
2019,1.4546680872377498,1.3904783654731043,NE005009,2,JAS
2020,1.2286808281158363,1.1604792487409021,NE005009,2,JAS
2021,0.6487051014405422,0.5764916644553174,NE005009,2,JAS
2022,0.9612266102015739,0.8850013156060585,NE005009,2,JAS
2023,0.6333459879819288,0.5531088357761229,NE005009,2,JAS
2024,1.6195131301774022,1.5352641203613058,NE005009,2,JAS
2025,0.7012199589622945,0.6129590915359076,NE005009,2,JAS
2026,0.5385692527081534,0.44629652767147765,NE005009,2,JAS
1981,0.5518386200361128,0.6912670799529715,NE005009,2,ASO
1982,0.8920594219431649,1.0251502245910764,NE005009,2,ASO
1983,0.44270752418117115,0.5694606695601339,NE005009,2,ASO
1984,0.4655487817826712,0.5859642698926868,NE005009,2,ASO
1985,0.7362576207517239,0.8503354515927907,NE005009,2,ASO
1986,0.7142344135793585,0.8219745871514782,NE005009,2,ASO
1987,0.81367161814811,0.9150741344512808,NE005009,2,ASO
1988,0.7871018830549419,0.8821667420891657,NE005009,2,ASO
1989,0.8615739908627824,0.9503011926280573,NE005009,2,ASO
1990,0.48007435079684513,0.5624638952931712,NE005009,2,ASO
1991,0.5060297784224852,0.5820816656498642,NE005009,2,ASO
1992,0.6905154283042736,0.7602296582627037,NE005009,2,ASO
1993,0.6076345603358864,0.6710111330253694,NE005009,2,ASO
1994,1.0511128620193095,1.1081517774398437,NE005009,2,ASO
1995,0.7225355591202871,0.7732368172718742,NE005009,2,ASO
1996,0.5751040679375331,0.6194676688201713,NE005009,2,ASO
1997,0.8574513533891011,0.8954772970027922,NE005009,2,ASO
1998,0.9281205224099404,0.9598088087546827,NE005009,2,ASO
1999,1.325553539953347,1.3509041690291421,NE005009,2,ASO
2000,0.5055009610671727,0.524513932874019,NE005009,2,ASO
2001,0.7370685833934773,0.7497438979313765,NE005009,2,ASO
2002,0.568362691637259,0.5747003489062095,NE005009,2,ASO
2003,0.7194655330606113,0.7194655330606147,NE005009,2,ASO
2004,0.5512743533315798,0.5449366960626343,NE005009,2,ASO
2005,0.7455807452532712,0.7329054307153786,NE005009,2,ASO
2006,0.6449298712309188,0.6259168994240774,NE005009,2,ASO
2007,0.9503729334006212,0.9250223043248327,NE005009,2,ASO
2008,0.7672601906905585,0.7355719043458211,NE005009,2,ASO
2009,0.5345920000428499,0.4965660564291636,NE005009,2,ASO
2010,1.0057535929532788,0.9613899920706455,NE005009,2,ASO
2011,0.7751315569111156,0.7244302987595334,NE005009,2,ASO
2012,0.7629304811915013,0.705891565770972,NE005009,2,ASO
2013,0.780127623167846,0.7167510504783678,NE005009,2,ASO
2014,0.9497884164449606,0.8800741864865353,NE005009,2,ASO
2015,1.0223614929983453,0.9463096057709712,NE005009,2,ASO
2016,0.8240423680591805,0.7416528235628593,NE005009,2,ASO
2017,0.7889274255845716,0.7002002238193016,NE005009,2,ASO
2018,0.9564853278310961,0.861420468796879,NE005009,2,ASO
2019,1.391878704420119,1.290476188116953,NE005009,2,ASO
2020,1.1145850222070124,1.0068448486348993,NE005009,2,ASO
2021,0.40845704883698974,0.2943792179959278,NE005009,2,ASO
2022,0.8432143294947391,0.72279884138473,NE005009,2,ASO
2023,0.5779587851015157,0.4512056397225578,NE005009,2,ASO
2024,1.5675629629999377,1.4344721603520327,NE005009,2,ASO
2025,0.5561020952946826,0.41667363537782875,NE005009,2,ASO
2026,0.5129749956066603,0.36720887842085936,NE005009,2,ASO
1981,0.2294172961342803,0.2689816737051836,NE005009,2,SON
1982,0.49460075016090926,0.5323667469331351,NE005009,2,SON
1983,0.17389631212055198,0.2098639280941004,NE005009,2,SON
1984,0.2245559927016016,0.25872522787647256,NE005009,2,SON
1985,0.3549261382568352,0.38729699263302875,NE005009,2,SON
1986,0.41932597235230845,0.44989844592982453,NE005009,2,SON
1987,0.3542319385096613,0.38300603128850036,NE005009,2,SON
1988,0.1982768412642711,0.22525255324443272,NE005009,2,SON
1989,0.2780404721052265,0.30321780328671066,NE005009,2,SON
1990,0.11665793394714477,0.1400368843299515,NE005009,2,SON
1991,0.024460451326045907,0.0460410209101752,NE005009,2,SON
1992,0.10842065965816819,0.12820284844362004,NE005009,2,SON
1993,0.23173092453621266,0.24971473252298707,NE005009,2,SON
1994,0.7220279548208186,0.7382133820089156,NE005009,2,SON
1995,0.3048736964368568,0.31926074282627676,NE005009,2,SON
1996,0.3324164274934246,0.3450050930841671,NE005009,2,SON
1997,0.3673329991168588,0.37812328390892386,NE005009,2,SON
1998,0.6334691004187825,0.6424610044121701,NE005009,2,SON
1999,0.5197642707014868,0.5269577938961969,NE005009,2,SON
2000,0.08257538711338352,0.08797052950941625,NE005009,2,SON
2001,0.3099046636714478,0.3135014252688031,NE005009,2,SON
2002,0.2196392124098917,0.22143759320856954,NE005009,2,SON
2003,0.3320570814388052,0.332057081438806,NE005009,2,SON
2004,0.16754796692167176,0.16574958612299515,NE005009,2,SON
2005,0.3525427036118036,0.34894594201444956,NE005009,2,SON
2006,0.3371309831673258,0.3317358407712943,NE005009,2,SON
2007,0.29031093962438936,0.2831174164296804,NE005009,2,SON
2008,0.3595589283546421,0.3505670243612557,NE005009,2,SON
2009,0.20808498931890956,0.19729470452684572,NE005009,2,SON
2010,0.5013875597099737,0.48879889411923244,NE005009,2,SON
2011,0.23222473456981127,0.21783768818039298,NE005009,2,SON
2012,0.18805680700718716,0.17187137981909142,NE005009,2,SON
2013,0.2128015485648464,0.19481774057807322,NE005009,2,SON
2014,0.33675748562122454,0.3169752968357739,NE005009,2,SON
2015,0.5238354779651719,0.5022549083810439,NE005009,2,SON
2016,0.22110255655281685,0.19772360617001133,NE005009,2,SON
2017,0.11141005105015933,0.08623271986867637,NE005009,2,SON
2018,0.44663587157731977,0.41966015959715935,NE005009,2,SON
2019,0.34241170079341976,0.3136376080145819,NE005009,2,SON
2020,0.42035745256499996,0.3897849789874851,NE005009,2,SON
2021,0.16047754543621995,0.12810669106002764,NE005009,2,SON
2022,0.37586346491771055,0.3416942297428408,NE005009,2,SON
2023,0.28875330303735736,0.25278568706381016,NE005009,2,SON
2024,0.7547988117553279,0.7170328149831033,NE005009,2,SON
2025,0.33260438294834876,0.2930400053774467,NE005009,2,SON
2026,0.2404168826081872,0.19905412423860766,NE005009,2,SON
1981,1.1547799460102444,1.271601751175413,NE004007,2,JAS
1982,1.3017312290020064,1.4132429521142136,NE004007,2,JAS
1983,1.0231729233224356,1.1293745643816813,NE004007,2,JAS
1984,0.8872677980701715,0.988159357076454,NE004007,2,JAS
1985,1.4302050107110933,1.5257864876644143,NE004007,2,JAS
1986,1.3024672850216756,1.3927386799220334,NE004007,2,JAS
1987,1.354122962260691,1.4390842751080872,NE004007,2,JAS
1988,1.455637644777064,1.535288875571497,NE004007,2,JAS
1989,1.4177917032115528,1.4921328519530244,NE004007,2,JAS
1990,1.160545457897484,1.2295765245859942,NE004007,2,JAS
1991,1.0870375140200041,1.150758498655551,NE004007,2,JAS
1992,1.2901008404353664,1.3485117430179518,NE004007,2,JAS
1993,1.0457369702708843,1.0988377908005065,NE004007,2,JAS
1994,1.5604027063144608,1.6081934447911215,NE004007,2,JAS
1995,1.2208709169757521,1.2633515733994514,NE004007,2,JAS
1996,1.0983071706581191,1.1354777450288551,NE004007,2,JAS
1997,1.3597159849670577,1.3915764772848322,NE004007,2,JAS
1998,1.5868669583303923,1.6134173685952036,NE004007,2,JAS
1999,1.9430090090709793,1.9642493372828291,NE004007,2,JAS
2000,0.9572235060719274,0.9731537522308158,NE004007,2,JAS
2001,1.3667602592954324,1.3773804234013576,NE004007,2,JAS
2002,1.1507613903273755,1.1560714723803391,NE004007,2,JAS
2003,1.2539405976479894,1.2539405976479898,NE004007,2,JAS
2004,1.1758518883271862,1.1705418062742252,NE004007,2,JAS
2005,1.2863526542114612,1.2757324901055387,NE004007,2,JAS
2006,1.2061301746399593,1.1901999284810736,NE004007,2,JAS
2007,1.2638131927944358,1.2425728645825886,NE004007,2,JAS
2008,1.3290997562902895,1.3025493460254791,NE004007,2,JAS
2009,1.002588938162861,0.9707284458450891,NE004007,2,JAS
2010,1.6468970934573266,1.6097265190865933,NE004007,2,JAS
2011,1.187666315999995,1.1451856595762984,NE004007,2,JAS
2012,1.3765602899522522,1.3287695514755942,NE004007,2,JAS
2013,1.3451059684972984,1.292005147967677,NE004007,2,JAS
2014,1.2804176634871283,1.2220067609045455,NE004007,2,JAS
2015,1.4644815919184235,1.4007606072828775,NE004007,2,JAS
2016,1.338782473730946,1.2697514070424385,NE004007,2,JAS
2017,1.366982894046974,1.292641745305505,NE004007,2,JAS
2018,1.3636499087452494,1.2839986779508172,NE004007,2,JAS
2019,1.4362123465524688,1.3512510337050752,NE004007,2,JAS
2020,1.750125820104977,1.6598544252046201,NE004007,2,JAS
2021,1.1200514547410827,1.0244699777877644,NE004007,2,JAS
2022,1.4185362121600444,1.3176446531537647,NE004007,2,JAS
2023,1.1137648593878389,1.0075632183285959,NE004007,2,JAS
2024,2.032746711671199,1.9212349885589943,NE004007,2,JAS
2025,1.4129811900870213,1.2961593849218536,NE004007,2,JAS
2026,0.6450607113734,0.5229288241552709,NE004007,2,JAS
1981,0.6488125414723627,0.8202626027732645,NE004007,2,ASO
1982,1.114699539837996,1.2783564165343106,NE004007,2,ASO
1983,0.7268713623727976,0.8827350544645269,NE004007,2,ASO
1984,0.6752686773189012,0.8233391848060434,NE004007,2,ASO
1985,1.1992996830145093,1.3395770058970662,NE004007,2,ASO
1986,1.0948945474930762,1.227378685771046,NE004007,2,ASO
1987,1.164335576537082,1.2890265302104664,NE004007,2,ASO
1988,1.2005637262621371,1.3174614953309345,NE004007,2,ASO
1989,1.2322067459155075,1.3413113303797177,NE004007,2,ASO
1990,0.8334279031558984,0.9347393030155233,NE004007,2,ASO
1991,0.8681364853186174,0.9616547005736552,NE004007,2,ASO
1992,1.0797418725831456,1.165466903233598,NE004007,2,ASO
1993,0.7632442888871225,0.8411761349329878,NE004007,2,ASO
1994,1.4277646805790594,1.4979033420203376,NE004007,2,ASO
1995,1.0252224925545907,1.0875679693912836,NE004007,2,ASO
1996,0.8749599775311957,0.9295122697633015,NE004007,2,ASO
1997,1.261768047969678,1.3085271555971985,NE004007,2,ASO
1998,1.3759739741771901,1.4149398972001235,NE004007,2,ASO
1999,1.8072124789377622,1.8383852173561102,NE004007,2,ASO
2000,0.6095629227180097,0.6329424765317706,NE004007,2,ASO
2001,0.9739344168199465,0.9895207860291203,NE004007,2,ASO
2002,0.8652387889681993,0.8730319735727877,NE004007,2,ASO
2003,1.1099315829274041,1.1099315829274055,NE004007,2,ASO
2004,1.051617149890927,1.043823965286343,NE004007,2,ASO
2005,1.0021615572250362,0.9865751880158651,NE004007,2,ASO
2006,1.0042208582647802,0.980841304451022,NE004007,2,ASO
2007,1.1396308997663775,1.108458161348034,NE004007,2,ASO
2008,1.1759294386289474,1.1369635156060167,NE004007,2,ASO
2009,0.8932557166908682,0.8464966090633522,NE004007,2,ASO
2010,1.457282649576848,1.402730357344745,NE004007,2,ASO
2011,1.0664321491002713,1.0040866722635828,NE004007,2,ASO
2012,1.2011613477251637,1.1310226862838881,NE004007,2,ASO
2013,1.2551910113112865,1.1772591652654238,NE004007,2,ASO
2014,1.080306587740224,0.994581557089776,NE004007,2,ASO
2015,1.3551279530922917,1.2616097378372566,NE004007,2,ASO
2016,0.9335747346642276,0.8322633348046071,NE004007,2,ASO
2017,1.002997267943603,0.8938926834793954,NE004007,2,ASO
2018,1.2223894034840908,1.105491634415296,NE004007,2,ASO
2019,1.2738322892509495,1.1491413355775695,NE004007,2,ASO
2020,1.60610434231816,1.473620204040193,NE004007,2,ASO
2021,0.937653305357615,0.7973759824750626,NE004007,2,ASO
2022,1.266926036515297,1.1188555290281574,NE004007,2,ASO
2023,1.1016383872903526,0.9457746951986277,NE004007,2,ASO
2024,1.910984053182942,1.74732717648663,NE004007,2,ASO
2025,1.142310701472458,0.9708606401715589,NE004007,2,ASO
2026,0.8031667801248591,0.6239235342193746,NE004007,2,ASO
1981,0.2878711214687615,0.32060914937328155,NE004007,2,SON
1982,0.761116763539273,0.7923666992663149,NE004007,2,SON
1983,0.35363098159394213,0.3833928251435057,NE004007,2,SON
1984,0.35172682731153093,0.38000057868361625,NE004007,2,SON
1985,0.5861319565486935,0.6129176157433006,NE004007,2,SON
1986,0.7373237373792589,0.7626213043963878,NE004007,2,SON
1987,0.531453168273152,0.555262643112803,NE004007,2,SON
1988,0.4392473531309504,0.4615687357931232,NE004007,2,SON
1989,0.7114438164174952,0.7322771069021897,NE004007,2,SON
1990,0.33070987849973005,0.3500550768069463,NE004007,2,SON
1991,0.06858578411162808,0.08644289024136609,NE004007,2,SON
1992,0.546992216348435,0.5633612303006947,NE004007,2,SON
1993,0.22946630003570168,0.24434722181048363,NE004007,2,SON
1994,1.0205777383491108,1.0339705679464144,NE004007,2,SON
1995,0.5102200863918741,0.5221248238116996,NE004007,2,SON
1996,0.5867019131375766,0.5971185583799238,NE004007,2,SON
1997,0.564487992787076,0.5734165458519449,NE004007,2,SON
1998,0.8558970907454599,0.8633375516328506,NE004007,2,SON
1999,0.9181377261745899,0.9240900948845028,NE004007,2,SON
2000,0.1742830321953417,0.17874730872777633,NE004007,2,SON
2001,0.6260686305736207,0.6290448149285771,NE004007,2,SON
2002,0.3897801495707481,0.3912682417482262,NE004007,2,SON
2003,0.5975608188885455,0.5975608188885454,NE004007,2,SON
2004,0.3636209421499852,0.3621328499725073,NE004007,2,SON
2005,0.4710730200103896,0.4680968356554334,NE004007,2,SON
2006,0.530612223608818,0.5261479470763836,NE004007,2,SON
2007,0.5057946598073507,0.49984229109743805,NE004007,2,SON
2008,0.7151260583575257,0.7076855974701348,NE004007,2,SON
2009,0.37332635147833876,0.3643977984134696,NE004007,2,SON
2010,0.6541602055284285,0.6437435602860815,NE004007,2,SON
2011,0.43019410765339294,0.4182893702335677,NE004007,2,SON
2012,0.2165747939946217,0.20318196439731823,NE004007,2,SON
2013,0.40616399736544195,0.3912830755906602,NE004007,2,SON
2014,0.5924583665726354,0.5760893526203754,NE004007,2,SON
2015,0.7887306696843059,0.7708735635545677,NE004007,2,SON
2016,0.40884060174630427,0.38949540343908823,NE004007,2,SON
2017,0.2029095012300164,0.1820762107453221,NE004007,2,SON
2018,0.6548392807372077,0.6325178980750351,NE004007,2,SON
2019,0.4461586708453039,0.4223491960056531,NE004007,2,SON
2020,0.6072318993646552,0.5819343323475261,NE004007,2,SON
2021,0.40607466302319584,0.37928900382858854,NE004007,2,SON
2022,0.6895438608567346,0.6612701094846495,NE004007,2,SON
2023,0.5312274246557319,0.5014655811061686,NE004007,2,SON
2024,0.8865618171051308,0.8553118813780892,NE004007,2,SON
2025,0.6351243372757986,0.6023863093712788,NE004007,2,SON
2026,0.45248958921655813,0.41826346913456003,NE004007,2,SON
1981,1.2159192395804237,1.299389622057774,NE004001,2,JAS
1982,1.3190462015472013,1.3987224757301275,NE004001,2,JAS
1983,1.0764047601120452,1.1522869260005464,NE004001,2,JAS
1984,0.9583841706051938,1.0304722281992698,NE004001,2,JAS
1985,1.4937966585817941,1.5620906078814452,NE004001,2,JAS
1986,1.4043065806732185,1.4688064216784444,NE004001,2,JAS
1987,1.3703619466054613,1.4310676793162622,NE004001,2,JAS
1988,1.5050915886506129,1.5620032130669887,NE004001,2,JAS
1989,1.4630481864874354,1.5161657026093862,NE004001,2,JAS
1990,1.228820919990049,1.2781443278175748,NE004001,2,JAS
1991,1.1762860120757572,1.221815311608858,NE004001,2,JAS
1992,1.4047634024652835,1.44649859370396,NE004001,2,JAS
1993,1.1104062790832188,1.1483473620274702,NE004001,2,JAS
1994,1.5795864526176637,1.6137334272674901,NE004001,2,JAS
1995,1.2708264977751311,1.3011793641305325,NE004001,2,JAS
1996,1.1326529756735446,1.159211733734521,NE004001,2,JAS
1997,1.3280171548194268,1.350781804585978,NE004001,2,JAS
1998,1.6836829618630211,1.7026535033351473,NE004001,2,JAS
1999,1.8745474925004935,1.8897239256781946,NE004001,2,JAS
2000,1.0409829761942266,1.0523653010775027,NE004001,2,JAS
2001,1.3829662312296478,1.3905544478184988,NE004001,2,JAS
2002,1.1595213612071669,1.1633154695015937,NE004001,2,JAS
2003,1.3344852001959613,1.334485200195963,NE004001,2,JAS
2004,1.2125419729604758,1.2087478646660526,NE004001,2,JAS
2005,1.322241301419596,1.3146530848307476,NE004001,2,JAS
2006,1.274271347976507,1.2628890230932337,NE004001,2,JAS
2007,1.2651181671168863,1.2499417339391878,NE004001,2,JAS
2008,1.340707540716148,1.3217369992440244,NE004001,2,JAS
2009,1.054486661247694,1.0317220114811454,NE004001,2,JAS
2010,1.5629339894771195,1.5363752314161458,NE004001,2,JAS
2011,1.2545952147760762,1.2242423484206775,NE004001,2,JAS
2012,1.4185350073722833,1.3843880327224605,NE004001,2,JAS
2013,1.266680477733214,1.228739394788966,NE004001,2,JAS
2014,1.378410985231301,1.336675793992628,NE004001,2,JAS
2015,1.5113341855843874,1.4658048860512893,NE004001,2,JAS
2016,1.3115716553799568,1.2622482475524337,NE004001,2,JAS
2017,1.4383621835567169,1.3852446674347687,NE004001,2,JAS
2018,1.3298187111874438,1.2729070867710706,NE004001,2,JAS
2019,1.5481681528662616,1.4874624201554634,NE004001,2,JAS
2020,1.7392788101629042,1.6747789691576809,NE004001,2,JAS
2021,1.0921585266947238,1.0238645773950754,NE004001,2,JAS
2022,1.452990678495714,1.3809026209016406,NE004001,2,JAS
2023,1.1890453977934983,1.1131632319050007,NE004001,2,JAS
2024,1.9388105990018865,1.8591343248189638,NE004001,2,JAS
2025,1.3594253403409777,1.27595495786363,NE004001,2,JAS
2026,0.7128693484974237,0.6256048577256509,NE004001,2,JAS
1981,0.6888668312906597,0.8407342547031172,NE004001,2,ASO
1982,1.1465800306336802,1.2915443893455716,NE004001,2,ASO
1983,0.7385766640369595,0.8766379580482848,NE004001,2,ASO
1984,0.6874120534840167,0.8185702827947758,NE004001,2,ASO
1985,1.2674005549003196,1.3916557195105126,NE004001,2,ASO
1986,1.16403105119642,1.281383151106047,NE004001,2,ASO
1987,1.1713544981914745,1.2818035334005353,NE004001,2,ASO
1988,1.2862648745929575,1.3898108451014521,NE004001,2,ASO
1989,1.2777808446488814,1.37442375045681,NE004001,2,ASO
1990,0.8378162658873378,0.9275561069947003,NE004001,2,ASO
1991,0.9249283403873266,1.007765116794121,NE004001,2,ASO
1992,1.1661165268410156,1.242050238547244,NE004001,2,ASO
1993,0.8698688695236652,0.9388995165293275,NE004001,2,ASO
1994,1.4161141547567238,1.47824173706182,NE004001,2,ASO
1995,1.084494252803225,1.1397187704077552,NE004001,2,ASO
1996,0.9286467493441031,0.976968202248067,NE004001,2,ASO
1997,1.158192682423002,1.1996110706263998,NE004001,2,ASO
1998,1.4671353529497753,1.501650676452607,NE004001,2,ASO
1999,1.7353721516698264,1.762984410472092,NE004001,2,ASO
2000,0.7059554852222805,0.7266646793239799,NE004001,2,ASO
2001,0.9944865759873085,1.0082927053884418,NE004001,2,ASO
2002,0.8571496799155706,0.8640527446161378,NE004001,2,ASO
2003,1.1607054433816766,1.160705443381676,NE004001,2,ASO
2004,1.026394442852772,1.0194913781522053,NE004001,2,ASO
2005,1.0503013476546694,1.0364952182535365,NE004001,2,ASO
2006,1.052944561710733,1.032235367609034,NE004001,2,ASO
2007,1.10160385959625,1.073991600793985,NE004001,2,ASO
2008,1.1538165089439538,1.1193011854411226,NE004001,2,ASO
2009,0.9420659421910663,0.9006475539876689,NE004001,2,ASO
2010,1.3032553155946525,1.254933862690689,NE004001,2,ASO
2011,1.1062742590597572,1.0510497414552276,NE004001,2,ASO
2012,1.1985305262107375,1.1364029439056418,NE004001,2,ASO
2013,1.1789447093297596,1.1099140623240977,NE004001,2,ASO
2014,1.1655644179266358,1.0896307062204078,NE004001,2,ASO
2015,1.4110103349713619,1.3281735585645678,NE004001,2,ASO
2016,0.9608749695406731,0.8711351284333111,NE004001,2,ASO
2017,1.2074685806158494,1.1108256748079213,NE004001,2,ASO
2018,1.1802360794082485,1.0766901088997543,NE004001,2,ASO
2019,1.3595449609298416,1.2490959257207812,NE004001,2,ASO
2020,1.5959160499756444,1.478563950066018,NE004001,2,ASO
2021,0.8637631527033589,0.7395079880931663,NE004001,2,ASO
2022,1.3614684823336887,1.23031025302293,NE004001,2,ASO
2023,1.1512891698204533,1.0132278758091284,NE004001,2,ASO
2024,1.8119656061986018,1.6670012474867109,NE004001,2,ASO
2025,1.1237728704688368,0.9719054470563797,NE004001,2,ASO
2026,0.8422742834287775,0.6835037953157543,NE004001,2,ASO
1981,0.26499007592274015,0.29178216296551274,NE004001,2,SON
1982,0.7466450639595509,0.7722193288640158,NE004001,2,SON
1983,0.333412874913247,0.3577693176794038,NE004001,2,SON
1984,0.3205946277758519,0.343733248403701,NE004001,2,SON
1985,0.6394784928561646,0.6613992913457061,NE004001,2,SON
1986,0.7086868513039806,0.7293898276552139,NE004001,2,SON
1987,0.5364111997232244,0.55589635393615,NE004001,2,SON
1988,0.4341374164863553,0.45240474856097324,NE004001,2,SON
1989,0.7253898708935753,0.7424393808298851,NE004001,2,SON
1990,0.4115633458816999,0.42739503367970205,NE004001,2,SON
1991,0.06432163181379036,0.07893549747348483,NE004001,2,SON
1992,0.5807988145405756,0.5941948580619619,NE004001,2,SON
1993,0.21977901794697502,0.2319572393300537,NE004001,2,SON
1994,1.0304719651339667,1.0414323643787378,NE004001,2,SON
1995,0.4921795703137079,0.5019221474201707,NE004001,2,SON
1996,0.5981503537453472,0.6066751087135024,NE004001,2,SON
1997,0.5376785598906685,0.5449854927205156,NE004001,2,SON
1998,0.8452052679948985,0.8512943786864379,NE004001,2,SON
1999,0.9346419997358142,0.9395132882890459,NE004001,2,SON
2000,0.17583128262741377,0.17948474904233735,NE004001,2,SON
2001,0.6389372711755961,0.641372915452212,NE004001,2,SON
2002,0.4274197110603586,0.4286375331986668,NE004001,2,SON
2003,0.5940762637188162,0.5940762637188163,NE004001,2,SON
2004,0.31539140378485475,0.3141735816465472,NE004001,2,SON
2005,0.4390565346173877,0.43662089034077245,NE004001,2,SON
2006,0.5365392298920212,0.5328857634770978,NE004001,2,SON
2007,0.5368232427006552,0.5319519541474241,NE004001,2,SON
2008,0.6907754425293824,0.6846863318378432,NE004001,2,SON
2009,0.3858638067373326,0.37855687390748577,NE004001,2,SON
2010,0.5937529296338845,0.58522817466573,NE004001,2,SON
2011,0.4389284704195394,0.42918589331307677,NE004001,2,SON
2012,0.2135624005511645,0.20260200130639416,NE004001,2,SON
2013,0.3904657015143648,0.3782874801312868,NE004001,2,SON
2014,0.585100549354332,0.5717045058329459,NE004001,2,SON
2015,0.7480458290719045,0.7334319634122107,NE004001,2,SON
2016,0.38975409582119314,0.37392240802319165,NE004001,2,SON
2017,0.18601855254131267,0.16896904260500306,NE004001,2,SON
2018,0.6034914513437653,0.585224119269148,NE004001,2,SON
2019,0.4831094495839565,0.4636242953710311,NE004001,2,SON
2020,0.6281461622651888,0.6074431859139557,NE004001,2,SON
2021,0.3386088902333386,0.31668809174379786,NE004001,2,SON
2022,0.7074453136957645,0.6843066930679156,NE004001,2,SON
2023,0.5660189270038446,0.541662484237688,NE004001,2,SON
2024,0.8785942928081536,0.8530200279036894,NE004001,2,SON
2025,0.6266360792883956,0.5998439922456232,NE004001,2,SON
2026,0.4357711815085824,0.40776127232750237,NE004001,2,SON
1981,1.3982733958735245,1.476037793710096,NE007003,2,JAS
1982,1.3702744055764653,1.4445040580568287,NE007003,2,JAS
1983,1.2739562377477776,1.344651144871933,NE007003,2,JAS
1984,0.9410681331720703,1.0082282949400185,NE007003,2,JAS
1985,1.6149984919713303,1.6786239083830705,NE007003,2,JAS
1986,1.4322782270879542,1.4923688981434864,NE007003,2,JAS
1987,1.4489680774801486,1.5055240031794728,NE007003,2,JAS
1988,1.5798141605055496,1.6328353408486667,NE007003,2,JAS
1989,1.6143835687682973,1.6638700037552063,NE007003,2,JAS
1990,1.2928517297080084,1.3388034193387095,NE007003,2,JAS
1991,1.3924043822284549,1.434821326502948,NE007003,2,JAS
1992,1.6009778807672008,1.6398600796854867,NE007003,2,JAS
1993,1.163177297480373,1.1985247510424508,NE007003,2,JAS
1994,1.7993276665112998,1.8311403747171697,NE007003,2,JAS
1995,1.3240077262373378,1.3522856890869996,NE007003,2,JAS
1996,1.2548105868216621,1.279553804315117,NE007003,2,JAS
1997,1.1571555329454006,1.1783640050826474,NE007003,2,JAS
1998,1.76249210236791,1.7801658291489488,NE007003,2,JAS
1999,1.9307666923443958,1.9449056737692265,NE007003,2,JAS
2000,1.2353841221346495,1.2459883582032731,NE007003,2,JAS
2001,1.5105853738496324,1.517654864562048,NE007003,2,JAS
2002,1.205146834514405,1.2086815798706125,NE007003,2,JAS
2003,1.4269200473678314,1.426920047367831,NE007003,2,JAS
2004,1.2659911991253159,1.2624564537691083,NE007003,2,JAS
2005,1.5670325748037865,1.559963084091371,NE007003,2,JAS
2006,1.4133703109089022,1.4027660748402786,NE007003,2,JAS
2007,1.4439680081858828,1.4298290267610512,NE007003,2,JAS
2008,1.5080421895561782,1.4903684627751395,NE007003,2,JAS
2009,1.045736748715126,1.0245282765778791,NE007003,2,JAS
2010,1.6125097821887906,1.5877665646953358,NE007003,2,JAS
2011,1.2819302609993475,1.2536522981496847,NE007003,2,JAS
2012,1.326655720927227,1.294843012721357,NE007003,2,JAS
2013,1.3626888957957606,1.3273414422336827,NE007003,2,JAS
2014,1.4663361580271947,1.4274539591089088,NE007003,2,JAS
2015,1.5890369378249831,1.54661999355049,NE007003,2,JAS
2016,1.5896206843175582,1.5436689946868571,NE007003,2,JAS
2017,1.6304197412344574,1.5809333062475484,NE007003,2,JAS
2018,1.4602715285477739,1.4072503482046568,NE007003,2,JAS
2019,1.5397652135437654,1.4832092878444412,NE007003,2,JAS
2020,1.656098942664404,1.5960082716088717,NE007003,2,JAS
2021,1.3953099863278187,1.3316845699160784,NE007003,2,JAS
2022,1.615392070230131,1.5482319084621827,NE007003,2,JAS
2023,1.3438852660470366,1.2731903589228812,NE007003,2,JAS
2024,1.8691289731760197,1.7948993206956563,NE007003,2,JAS
2025,1.4411254057040268,1.3633610078674554,NE007003,2,JAS
2026,0.716995737356683,0.6356965941639036,NE007003,2,JAS
1981,0.8283098405557824,0.9726158917933817,NE007003,2,ASO
1982,1.1947036008130727,1.3324502860853258,NE007003,2,ASO
1983,0.9229076096729625,1.0540949289798711,NE007003,2,ASO
1984,0.6645803437596657,0.7892082971012281,NE007003,2,ASO
1985,1.3752982895246297,1.4933668769008477,NE007003,2,ASO
1986,1.1152418899985213,1.226751111409393,NE007003,2,ASO
1987,1.253820805458711,1.3587706609042383,NE007003,2,ASO
1988,1.293894489407383,1.392284978887564,NE007003,2,ASO
1989,1.4109534376386046,1.5027845611534412,NE007003,2,ASO
1990,0.843344294717423,0.9286160522669133,NE007003,2,ASO
1991,1.1270235760587246,1.2057359676428705,NE007003,2,ASO
1992,1.3104444303853233,1.382597456004123,NE007003,2,ASO
1993,0.9554718281556336,1.0210654878090888,NE007003,2,ASO
1994,1.56097184473367,1.620006138421779,NE007003,2,ASO
1995,1.155067184320708,1.2075421120434726,NE007003,2,ASO
1996,1.0053720544266498,1.0512876161840699,NE007003,2,ASO
1997,0.9603195421124704,0.9996757379045442,NE007003,2,ASO
1998,1.5143389803197658,1.5471358101464951,NE007003,2,ASO
1999,1.6669448872513948,1.693182351112778,NE007003,2,ASO
2000,0.665566954015287,0.6852450519113257,NE007003,2,ASO
2001,1.184162555012201,1.1972812869428935,NE007003,2,ASO
2002,0.9565065605425453,0.9630659265078934,NE007003,2,ASO
2003,1.21466689291882,1.2146668929188218,NE007003,2,ASO
2004,0.9898480380241228,0.9832886720587801,NE007003,2,ASO
2005,1.3211616464329592,1.3080429145022703,NE007003,2,ASO
2006,1.204527547311183,1.1848494494151496,NE007003,2,ASO
2007,1.2195347539930073,1.1932972901316277,NE007003,2,ASO
2008,1.3492999900671379,1.3165031602404138,NE007003,2,ASO
2009,0.986929121925606,0.9475729261335357,NE007003,2,ASO
2010,1.1978851196907254,1.1519695579333107,NE007003,2,ASO
2011,1.1056116579046327,1.0531367301818717,NE007003,2,ASO
2012,1.025007337915185,0.9659730442270795,NE007003,2,ASO
2013,1.2328804277312482,1.1672867680777965,NE007003,2,ASO
2014,1.2748339030762061,1.20268087745741,NE007003,2,ASO
2015,1.4441138223106467,1.365401430726506,NE007003,2,ASO
2016,1.2885900547443065,1.2033182971948198,NE007003,2,ASO
2017,1.4401833911189152,1.348352267604084,NE007003,2,ASO
2018,1.3334622016355364,1.235071712155359,NE007003,2,ASO
2019,1.3237866327904173,1.2188367773448954,NE007003,2,ASO
2020,1.4283049497601794,1.3167957283493112,NE007003,2,ASO
2021,0.9910269444602877,0.8729583570840751,NE007003,2,ASO
2022,1.5126168099560902,1.3879888566145313,NE007003,2,ASO
2023,1.311775100379251,1.1805877810723477,NE007003,2,ASO
2024,1.6841115767792383,1.5463648915069887,NE007003,2,ASO
2025,1.170020899006006,1.025714847768412,NE007003,2,ASO
2026,0.7295449702845612,0.578679553081621,NE007003,2,ASO
1981,0.19053060522429366,0.21496474875890176,NE007003,2,SON
1982,0.5874449900124834,0.6107684906591546,NE007003,2,SON
1983,0.28440758067035105,0.3066204384290855,NE007003,2,SON
1984,0.3355921550015354,0.356694369872333,NE007003,2,SON
1985,0.691758489284991,0.7117500612678522,NE007003,2,SON
1986,0.5578511245106784,0.5767320536056029,NE007003,2,SON
1987,0.628111086028333,0.6458813722353205,NE007003,2,SON
1988,0.4263476875880666,0.4430073309071178,NE007003,2,SON
1989,0.7572824531629692,0.7728314535940835,NE007003,2,SON
1990,0.4142488086383213,0.4286871661814988,NE007003,2,SON
1991,0.056242404027564696,0.06957011868280538,NE007003,2,SON
1992,0.5951818446543874,0.6073989164216917,NE007003,2,SON
1993,0.2559272005868046,0.2670336294661721,NE007003,2,SON
1994,0.9335575592398169,0.9435533452312475,NE007003,2,SON
1995,0.5350899869848557,0.5439751300883495,NE007003,2,SON
1996,0.6175759288482231,0.6253504290637806,NE007003,2,SON
1997,0.4180640937065371,0.42472795103415767,NE007003,2,SON
1998,0.8408348371397578,0.8463880515794415,NE007003,2,SON
1999,0.8391406035749753,0.8435831751267222,NE007003,2,SON
2000,0.15755669892852175,0.1608886275923323,NE007003,2,SON
2001,0.6096295685477788,0.6118508543236525,NE007003,2,SON
2002,0.43958874329765935,0.44069938618559623,NE007003,2,SON
2003,0.5509568117811537,0.5509568117811539,NE007003,2,SON
2004,0.24384727272631607,0.24273662983837974,NE007003,2,SON
2005,0.41005330931408035,0.4078320235382072,NE007003,2,SON
2006,0.4932183396751124,0.4898864110113024,NE007003,2,SON
2007,0.43856868055887405,0.4341261090071272,NE007003,2,SON
2008,0.6859113520528594,0.6803581376131762,NE007003,2,SON
2009,0.3391664964118008,0.33250263908418076,NE007003,2,SON
2010,0.5016686028304438,0.4938941026148869,NE007003,2,SON
2011,0.3866062927596778,0.3777211496561841,NE007003,2,SON
2012,0.2573280320163061,0.24733224602487602,NE007003,2,SON
2013,0.425763632242041,0.4146572033626741,NE007003,2,SON
2014,0.5298858868606648,0.517668815093361,NE007003,2,SON
2015,0.5987000496715881,0.5853723350163476,NE007003,2,SON
2016,0.4617088517647684,0.44727049422159143,NE007003,2,SON
2017,0.19839346018437215,0.18284445975325836,NE007003,2,SON
2018,0.6281278643928014,0.6114682210737508,NE007003,2,SON
2019,0.4250411713700419,0.4072708851630549,NE007003,2,SON
2020,0.5273928692547472,0.5085119401598233,NE007003,2,SON
2021,0.2622308450455094,0.24223927306264875,NE007003,2,SON
2022,0.7573517957522917,0.7362495808814942,NE007003,2,SON
2023,0.5145524434699411,0.49233958571120723,NE007003,2,SON
2024,0.8135069040759828,0.790183403429312,NE007003,2,SON
2025,0.6350398767463076,0.6106057332117001,NE007003,2,SON
2026,0.3525485584339798,0.32700377201143543,NE007003,2,SON
1981,1.2710434550543381,1.3884900567052991,NE004006,2,JAS
1982,1.4311582302357801,1.543266349993517,NE004006,2,JAS
1983,1.1853118820939923,1.2920815199585034,NE004006,2,JAS
1984,1.035573673889502,1.1370048298607873,NE004006,2,JAS
1985,1.5281059791855245,1.624198653263584,NE004006,2,JAS
1986,1.446163323804656,1.5369175159894897,NE004006,2,JAS
1987,1.4822835268684738,1.5676992371600833,NE004006,2,JAS
1988,1.587938915099185,1.6680161434975687,NE004006,2,JAS
1989,1.5187499702901086,1.5934887167952665,NE004006,2,JAS
1990,1.2587549836277496,1.3281552482396817,NE004006,2,JAS
1991,1.2305676846240667,1.2946294673427747,NE004006,2,JAS
1992,1.41238493351608,1.4711082343415622,NE004006,2,JAS
1993,1.2106032759640668,1.2639880948963231,NE004006,2,JAS
1994,1.660971590944542,1.7090179279835724,NE004006,2,JAS
1995,1.3685226636538008,1.4112305187996055,NE004006,2,JAS
1996,1.2406052811925246,1.2779746544451052,NE004006,2,JAS
1997,1.4048647895251325,1.4368956808844873,NE004006,2,JAS
1998,1.6990888820041592,1.7257812914702881,NE004006,2,JAS
1999,1.921180102247445,1.9425340298203482,NE004006,2,JAS
2000,1.1291512137539117,1.1451666594335908,NE004006,2,JAS
2001,1.488608028080209,1.4992849918666622,NE004006,2,JAS
2002,1.3032533149345924,1.3085917968278198,NE004006,2,JAS
2003,1.404336002166826,1.4043360021668276,NE004006,2,JAS
2004,1.4204033155464297,1.4150648336532055,NE004006,2,JAS
2005,1.3624493034241154,1.351772339637667,NE004006,2,JAS
2006,1.3561393678935392,1.340123922213865,NE004006,2,JAS
2007,1.3525925904614482,1.3312386628885482,NE004006,2,JAS
2008,1.4675339112582515,1.4408415017921257,NE004006,2,JAS
2009,1.2353900421233588,1.2033591507640071,NE004006,2,JAS
2010,1.669187340458626,1.6318179672060502,NE004006,2,JAS
2011,1.3309216189362478,1.2882137637904463,NE004006,2,JAS
2012,1.4065097757006206,1.3584634386615932,NE004006,2,JAS
2013,1.434337815125717,1.3809529961934637,NE004006,2,JAS
2014,1.4294221121345294,1.3706988113090521,NE004006,2,JAS
2015,1.578979308513027,1.514917525794324,NE004006,2,JAS
2016,1.5584687080154191,1.4890684434034902,NE004006,2,JAS
2017,1.4078299465217754,1.3330912000166206,NE004006,2,JAS
2018,1.5078706275064773,1.4277933991080967,NE004006,2,JAS
2019,1.5626021935055612,1.4771864832139565,NE004006,2,JAS
2020,1.812994505380489,1.7222403131956585,NE004006,2,JAS
2021,1.2386187879628827,1.1425261138848264,NE004006,2,JAS
2022,1.6629152048072133,1.5614840488359312,NE004006,2,JAS
2023,1.2923013447783243,1.185531706913818,NE004006,2,JAS
2024,2.1072877958115726,1.9951796760538405,NE004006,2,JAS
2025,1.529980640443002,1.4125340387920442,NE004006,2,JAS
2026,0.789924521290276,0.6671394377460923,NE004006,2,JAS
1981,0.754026261465423,0.9283271000853179,NE004006,2,ASO
1982,1.2231440498354456,1.3895221230635277,NE004006,2,ASO
1983,0.8229578226297423,0.9814131304660116,NE004006,2,ASO
1984,0.8214643757428228,0.9719969181872794,NE004006,2,ASO
1985,1.2900644503118228,1.4326742273644648,NE004006,2,ASO
1986,1.2594469175218512,1.3941339291826804,NE004006,2,ASO
1987,1.2990608406687625,1.4258250869377789,NE004006,2,ASO
1988,1.3214416467464623,1.440283127623664,NE004006,2,ASO
1989,1.3311293260556383,1.4420480415410273,NE004006,2,ASO
1990,0.9342594577046239,1.0372554077982001,NE004006,2,ASO
1991,1.0009794409627297,1.0960526256644931,NE004006,2,ASO
1992,1.1952964482299973,1.282446867539946,NE004006,2,ASO
1993,0.912582770791404,0.9918104247095401,NE004006,2,ASO
1994,1.4943128934543997,1.5656177819807229,NE004006,2,ASO
1995,1.1855423878315903,1.2489245109661007,NE004006,2,ASO
1996,1.0350919180005225,1.0905512757432183,NE004006,2,ASO
1997,1.2845683467767794,1.3321049391276625,NE004006,2,ASO
1998,1.4702306470214133,1.5098444739804835,NE004006,2,ASO
1999,1.7775218623555658,1.8092129239228214,NE004006,2,ASO
2000,0.7915048303935427,0.8152731265689855,NE004006,2,ASO
2001,1.0781655448115315,1.0940110755951615,NE004006,2,ASO
2002,1.041037839728448,1.0489606051202653,NE004006,2,ASO
2003,1.2440347270856988,1.2440347270857015,NE004006,2,ASO
2004,1.252825404542228,1.2449026391504179,NE004006,2,ASO
2005,1.106337034778174,1.090491503994551,NE004006,2,ASO
2006,1.150568142776427,1.1267998466009912,NE004006,2,ASO
2007,1.2043995531874612,1.1727084916202108,NE004006,2,ASO
2008,1.2933677610960808,1.2537539341370176,NE004006,2,ASO
2009,1.1254109047853893,1.0778743124345134,NE004006,2,ASO
2010,1.4644531429593213,1.4089937852166308,NE004006,2,ASO
2011,1.1810385524757863,1.117656429341283,NE004006,2,ASO
2012,1.2023945111927863,1.1310896226664702,NE004006,2,ASO
2013,1.335144875691158,1.255917221773029,NE004006,2,ASO
2014,1.2415530807849082,1.1544026614749647,NE004006,2,ASO
2015,1.4711235762719457,1.3760503915701894,NE004006,2,ASO
2016,1.155551580513834,1.052555630420265,NE004006,2,ASO
2017,1.014463561689712,0.9035448462043301,NE004006,2,ASO
2018,1.3879656778848704,1.2691241970076739,NE004006,2,ASO
2019,1.4005831787446135,1.2738189324756042,NE004006,2,ASO
2020,1.6760319522568254,1.5413449405960034,NE004006,2,ASO
2021,1.0029817253225541,0.8603719482699175,NE004006,2,ASO
2022,1.507662506433198,1.3571299639887504,NE004006,2,ASO
2023,1.2654806680878221,1.1070253602515598,NE004006,2,ASO
2024,1.9547055923716024,1.7883275191435255,NE004006,2,ASO
2025,1.298146533282685,1.123845694662797,NE004006,2,ASO
2026,0.9462482993190275,0.7640246953073251,NE004006,2,ASO
1981,0.3971242705768385,0.42837111647312454,NE004006,2,SON
1982,0.8681620071800297,0.8979885418992121,NE004006,2,SON
1983,0.43991267168798137,0.4683188952300597,NE004006,2,SON
1984,0.4315615223267866,0.45854743469176085,NE004006,2,SON
1985,0.6733035599896925,0.6988691611775631,NE004006,2,SON
1986,0.8737110614316965,0.8978563514424631,NE004006,2,SON
1987,0.6397525881461266,0.6624775669797891,NE004006,2,SON
1988,0.5198939713975997,0.5411986390541587,NE004006,2,SON
1989,0.8496742112645349,0.8695585677439898,NE004006,2,SON
1990,0.4481002418866591,0.4665642871890099,NE004006,2,SON
1991,0.16177475556070858,0.17881848968595576,NE004006,2,SON
1992,0.6404160218701516,0.6560394448182947,NE004006,2,SON
1993,0.39634000846464656,0.4105431202356856,NE004006,2,SON
1994,1.035728944393369,1.0485117449873045,NE004006,2,SON
1995,0.6334161458589515,0.6447786352757828,NE004006,2,SON
1996,0.6772969707032447,0.687239148942972,NE004006,2,SON
1997,0.6187294599535266,0.6272513270161503,NE004006,2,SON
1998,0.9060208818369461,0.9131224377224657,NE004006,2,SON
1999,1.0095084239053673,1.015189668613783,NE004006,2,SON
2000,0.27231683459845657,0.27657776812976853,NE004006,2,SON
2001,0.7122910357758747,0.7151316581300826,NE004006,2,SON
2002,0.5651410379789403,0.5665613491560442,NE004006,2,SON
2003,0.6858255851170046,0.6858255851170049,NE004006,2,SON
2004,0.49412959212800567,0.49270928095090183,NE004006,2,SON
2005,0.5413874165925232,0.5385467942383153,NE004006,2,SON
2006,0.6210026977785333,0.6167417642472218,NE004006,2,SON
2007,0.5488472345009882,0.5431659897925726,NE004006,2,SON
2008,0.8197418256238665,0.8126402697383469,NE004006,2,SON
2009,0.5075636518036326,0.49904178474100935,NE004006,2,SON
2010,0.7462841395539468,0.7363419613142195,NE004006,2,SON
2011,0.5451998294916209,0.5338373400747896,NE004006,2,SON
2012,0.31368787107642615,0.30090507048249115,NE004006,2,SON
2013,0.49522646904225487,0.4810233572712158,NE004006,2,SON
2014,0.704281050835345,0.6886576278872019,NE004006,2,SON
2015,0.8517673223104922,0.8347235881852455,NE004006,2,SON
2016,0.5691318910022617,0.5506678456999109,NE004006,2,SON
2017,0.26063246057588163,0.24074810409642677,NE004006,2,SON
2018,0.7485100132461083,0.7272053455895499,NE004006,2,SON
2019,0.5891606928350214,0.5664357140013588,NE004006,2,SON
2020,0.7185775407644677,0.6944322507537011,NE004006,2,SON
2021,0.43325012635183047,0.40768452516396025,NE004006,2,SON
2022,0.8112160302217133,0.784230117856739,NE004006,2,SON
2023,0.6835582307617132,0.6551520072196348,NE004006,2,SON
2024,0.9283365952875593,0.8985100605683773,NE004006,2,SON
2025,0.7380096498223354,0.7067628039260494,NE004006,2,SON
2026,0.5384579750578772,0.5057908179844876,NE004006,2,SON
1981,0.8759480934836938,0.9461635844236983,NE006004,2,JAS
1982,0.9968373809899962,1.0638612587054554,NE006004,2,JAS
1983,0.6037766456437506,0.667608910134664,NE006004,2,JAS
1984,0.33667429798858406,0.39731494925495237,NE006004,2,JAS
1985,0.8733963642508509,0.9308454022926732,NE006004,2,JAS
1986,0.7858654975042785,0.8401229223215548,NE006004,2,JAS
1987,0.5458577892075022,0.5969236008002334,NE006004,2,JAS
1988,0.9953675195646265,1.043241717932812,NE006004,2,JAS
1989,0.9859744265150931,1.0306570116587332,NE006004,2,JAS
1990,0.6482155410778575,0.6897065129969517,NE006004,2,JAS
1991,0.8414799552656161,0.8797793139601644,NE006004,2,JAS
1992,0.6382714149095167,0.6733791603795198,NE006004,2,JAS
1993,0.8073230224223404,0.8392391546677976,NE006004,2,JAS
1994,0.954258388342081,0.9829829073629922,NE006004,2,JAS
1995,0.8298921603122256,0.8554250661085917,NE006004,2,JAS
1996,0.6015125144603377,0.6238538070321579,NE006004,2,JAS
1997,0.7250334522290396,0.7441831315763147,NE006004,2,JAS
1998,1.0489716854473101,1.0649297515700393,NE006004,2,JAS
1999,1.345730508270358,1.358496961168541,NE006004,2,JAS
2000,0.6687175501166172,0.6782923897902552,NE006004,2,JAS
2001,0.8599891277613436,0.8663723542104357,NE006004,2,JAS
2002,0.8259901686412651,0.8291817818658112,NE006004,2,JAS
2003,0.8192071351545372,0.8192071351545382,NE006004,2,JAS
2004,0.6626854270138771,0.6594938137893321,NE006004,2,JAS
2005,0.9824766871790505,0.9760934607299604,NE006004,2,JAS
2006,0.7946275669699097,0.7850527272962736,NE006004,2,JAS
2007,1.0213241841624285,1.0085577312642466,NE006004,2,JAS
2008,0.6331763823676995,0.6172183162449724,NE006004,2,JAS
2009,0.6018309762558671,0.582681296908594,NE006004,2,JAS
2010,1.0343418058657163,1.012000513293898,NE006004,2,JAS
2011,0.9638079486701808,0.9382750428738167,NE006004,2,JAS
2012,0.9464418884651763,0.9177173694442662,NE006004,2,JAS
2013,0.8174297630695416,0.7855136308240864,NE006004,2,JAS
2014,1.0495287551906989,1.0144210097206976,NE006004,2,JAS
2015,1.0716607622909904,1.0333614035964431,NE006004,2,JAS
2016,0.9970720668113582,0.955581094892266,NE006004,2,JAS
2017,0.9746444858632816,0.9299619007196434,NE006004,2,JAS
2018,1.0344228831737927,0.9865486848056094,NE006004,2,JAS
2019,1.09888778452511,1.0478219729323808,NE006004,2,JAS
2020,1.0526164169785763,0.9983589921613011,NE006004,2,JAS
2021,0.42952921382877685,0.3720801757869565,NE006004,2,JAS
2022,0.6889614030564994,0.6283207517901331,NE006004,2,JAS
2023,0.5767842219597923,0.51295195746888,NE006004,2,JAS
2024,1.0155252575644658,0.9485013798490084,NE006004,2,JAS
2025,0.8559878677452127,0.7857723768052094,NE006004,2,JAS
2026,0.39623355747031985,0.3228264533057714,NE006004,2,JAS
1981,0.48251496957321904,0.6068430524357078,NE006004,2,ASO
1982,0.7825504142260054,0.901227220594745,NE006004,2,ASO
1983,0.366421425274411,0.47944695514939983,NE006004,2,ASO
1984,0.2732252706548478,0.38059952403608754,NE006004,2,ASO
1985,0.6942582711341426,0.7959812480216333,NE006004,2,ASO
1986,0.6017567582540938,0.6978284586478354,NE006004,2,ASO
1987,0.4903047086679644,0.5807251325679569,NE006004,2,ASO
1988,0.8203510994927441,0.9051202468989857,NE006004,2,ASO
1989,0.8663031977189898,0.9454210686314823,NE006004,2,ASO
1990,0.29646031869619244,0.3699269131149359,NE006004,2,ASO
1991,0.5793753270966051,0.6471906450215995,NE006004,2,ASO
1992,0.4174662593114356,0.47963030074267915,NE006004,2,ASO
1993,0.48390806273165354,0.540420827669148,NE006004,2,ASO
1994,0.8824957440654586,0.933357232509204,NE006004,2,ASO
1995,0.5087311545384288,0.5539413664884251,NE006004,2,ASO
1996,0.4627276790171227,0.50228661447337,NE006004,2,ASO
1997,0.7188816485464741,0.7527893075089704,NE006004,2,ASO
1998,0.740575859865269,0.7688322423340163,NE006004,2,ASO
1999,1.20344326052853,1.226048366503528,NE006004,2,ASO
2000,0.5069148434918318,0.5238686729730809,NE006004,2,ASO
2001,0.6572884452653537,0.668590998252852,NE006004,2,ASO
2002,0.5986199442160907,0.6042712207098399,NE006004,2,ASO
2003,0.6330532546131992,0.6330532546131993,NE006004,2,ASO
2004,0.43691311831680807,0.4312618418230591,NE006004,2,ASO
2005,0.768765891898798,0.7574633389112999,NE006004,2,ASO
2006,0.6886325857267587,0.6716787562455098,NE006004,2,ASO
2007,0.8229946107770054,0.8003895048020074,NE006004,2,ASO
2008,0.5124569762552986,0.48420059378655156,NE006004,2,ASO
2009,0.5397321659302167,0.5058245069677205,NE006004,2,ASO
2010,0.7254296197493775,0.6858706842931305,NE006004,2,ASO
2011,0.8674608868713485,0.8222506749213524,NE006004,2,ASO
2012,0.6999670507390344,0.6491055622952893,NE006004,2,ASO
2013,0.6796400963627336,0.6231273314252394,NE006004,2,ASO
2014,0.9845273975932834,0.9223633561620401,NE006004,2,ASO
2015,0.9641162411393245,0.8963009232143303,NE006004,2,ASO
2016,0.7960605681283333,0.72259397370959,NE006004,2,ASO
2017,0.7636790106009939,0.6845611396885015,NE006004,2,ASO
2018,0.9695737847978277,0.8848046373915863,NE006004,2,ASO
2019,1.0391095846391338,0.9486891607391416,NE006004,2,ASO
2020,0.9208383635119022,0.8247666631181608,NE006004,2,ASO
2021,0.31084555472262315,0.20912257783513272,NE006004,2,ASO
2022,0.5698556591983133,0.46248140581707375,NE006004,2,ASO
2023,0.5391851496451475,0.4261596197701589,NE006004,2,ASO
2024,0.9186617421898325,0.7999849358210931,NE006004,2,ASO
2025,0.6459861108199215,0.521658027957433,NE006004,2,ASO
2026,0.32131469332243306,0.19133533396619545,NE006004,2,ASO
1981,0.13054322722622164,0.16677939001827138,NE006004,2,SON
1982,0.37127275791501746,0.40586182239833746,NE006004,2,SON
1983,0.09584621208557509,0.12878817826016573,NE006004,2,SON
1984,0.1384683948880303,0.16976326275389161,NE006004,2,SON
1985,0.23381393810373255,0.2634617076608641,NE006004,2,SON
1986,0.28311564752934404,0.31111631877774626,NE006004,2,SON
1987,0.25414280210997114,0.28049637504964353,NE006004,2,SON
1988,0.16866629044098033,0.1933727650719234,NE006004,2,SON
1989,0.2140354354713647,0.23709481179357844,NE006004,2,SON
1990,0.06507018808634726,0.08648246609983123,NE006004,2,SON
1991,-0.05190194606170015,-0.03213676635694554,NE006004,2,SON
1992,0.026742670539223495,0.044860751935248355,NE006004,2,SON
1993,0.1324278474766002,0.14889883056389572,NE006004,2,SON
1994,0.5586341232580774,0.5734580080366436,NE006004,2,SON
1995,0.23558238621617206,0.24875917268600847,NE006004,2,SON
1996,0.2943761872996752,0.3059058754607823,NE006004,2,SON
1997,0.33636218869888956,0.34624477855126734,NE006004,2,SON
1998,0.44709156385621995,0.45532705539986795,NE006004,2,SON
1999,0.40498310269385507,0.41157149592877373,NE006004,2,SON
2000,0.05095545208469848,0.05589674701088734,NE006004,2,SON
2001,0.21835490826547957,0.2216491048829391,NE006004,2,SON
2002,0.15468700945861802,0.1563341077673482,NE006004,2,SON
2003,0.24974958409705056,0.24974958409705098,NE006004,2,SON
2004,0.11937258832722948,0.11772549001850056,NE006004,2,SON
2005,0.3000400953051612,0.2967458986877025,NE006004,2,SON
2006,0.21619638038991615,0.21125508546372812,NE006004,2,SON
2007,0.2765440105559521,0.2699556173210348,NE006004,2,SON
2008,0.21879793922765767,0.21056244768401053,NE006004,2,SON
2009,0.14737338534923577,0.1374907954968593,NE006004,2,SON
2010,0.31527015746517717,0.3037404693040714,NE006004,2,SON
2011,0.14972958570159006,0.13655279923175448,NE006004,2,SON
2012,0.10750732180732513,0.09268343702876022,NE006004,2,SON
2013,0.0736876261646763,0.05721664307738161,NE006004,2,SON
2014,0.23874455499288524,0.22062647359686122,NE006004,2,SON
2015,0.45268596845600484,0.4329207887512515,NE006004,2,SON
2016,0.09783168980784016,0.07641941179435702,NE006004,2,SON
2017,0.16081592965842073,0.13775655333620826,NE006004,2,SON
2018,0.2775842886447162,0.25287781401377396,NE006004,2,SON
2019,0.1903206746011412,0.1639671016614696,NE006004,2,SON
2020,0.3375206508159868,0.3095199795675859,NE006004,2,SON
2021,0.09116434055127534,0.06151657099414465,NE006004,2,SON
2022,0.2805458028514576,0.24925093498559756,NE006004,2,SON
2023,0.26571482560969717,0.2327728594351078,NE006004,2,SON
2024,0.5506975185644908,0.5161084540811717,NE006004,2,SON
2025,0.26474729103754296,0.2285111282454945,NE006004,2,SON
2026,0.14663081294348912,0.10874755184271087,NE006004,2,SON
1981,1.0673033941080743,1.1115325319844178,NE006002,2,JAS
1982,1.0678494760568815,1.1100681985752092,NE006002,2,JAS
1983,0.8126594009406936,0.8528677081010058,NE006002,2,JAS
1984,0.46216366478173876,0.5003615565840351,NE006002,2,JAS
1985,0.9848605386306555,1.0210480150749364,NE006002,2,JAS
1986,1.0175217384683237,1.0516987995545888,NE006002,2,JAS
1987,0.613852616724799,0.6460192624530483,NE006002,2,JAS
1988,1.1281916977539463,1.1583479281241802,NE006002,2,JAS
1989,1.125291529863015,1.153437344875233,NE006002,2,JAS
1990,0.9490497751348946,0.9751851747890974,NE006002,2,JAS
1991,0.8277230079974769,0.8518479922936638,NE006002,2,JAS
1992,0.7970011084322586,0.8191156773704297,NE006002,2,JAS
1993,0.806295717214094,0.8263998707942493,NE006002,2,JAS
1994,1.0590407711304843,1.0771345093526246,NE006002,2,JAS
1995,1.0468575065697097,1.0629408294338343,NE006002,2,JAS
1996,0.7677139862966749,0.7817868938027835,NE006002,2,JAS
1997,0.9301876992261515,0.9422501913742444,NE006002,2,JAS
1998,1.0884619050558062,1.0985139818458842,NE006002,2,JAS
1999,1.479065270499742,1.487106931931804,NE006002,2,JAS
2000,0.8448926609384975,0.8509239070125437,NE006002,2,JAS
2001,1.1328630975235183,1.1368839282395489,NE006002,2,JAS
2002,0.8513932056727425,0.8534036210307571,NE006002,2,JAS
2003,1.1303513853991671,1.130351385399167,NE006002,2,JAS
2004,0.8545248427130248,0.8525144273550086,NE006002,2,JAS
2005,1.0571005769248338,1.0530797462088017,NE006002,2,JAS
2006,0.8434460031207611,0.8374147570467133,NE006002,2,JAS
2007,1.0721882756601193,1.0641466142280556,NE006002,2,JAS
2008,0.8027977449585708,0.7927456681684922,NE006002,2,JAS
2009,0.6942038036106356,0.6821413114625412,NE006002,2,JAS
2010,1.1772086340888623,1.1631357265827522,NE006002,2,JAS
2011,0.9066160513666095,0.8905327285024834,NE006002,2,JAS
2012,1.3936466492992354,1.3755529110770937,NE006002,2,JAS
2013,0.8607094028338191,0.8406052492536623,NE006002,2,JAS
2014,0.9388433516716935,0.9167287827335209,NE006002,2,JAS
2015,1.1327084372235354,1.108583452927347,NE006002,2,JAS
2016,0.9766037040341865,0.9504683043799822,NE006002,2,JAS
2017,1.3424078300167397,1.3142620150045206,NE006002,2,JAS
2018,1.100506531320479,1.0703503009502437,NE006002,2,JAS
2019,1.154282234408276,1.1221155886800251,NE006002,2,JAS
2020,1.0286977012817775,0.9945206401955108,NE006002,2,JAS
2021,0.5929346245986017,0.5567471481543191,NE006002,2,JAS
2022,0.9311366708472965,0.892938779044999,NE006002,2,JAS
2023,0.744688001978395,0.7044796948180817,NE006002,2,JAS
2024,1.030955247381509,0.9887365248631798,NE006002,2,JAS
2025,0.9683159716607265,0.9240868337843815,NE006002,2,JAS
2026,0.47041705690987967,0.4241775036755189,NE006002,2,JAS
1981,0.7148079794861869,0.8219755104584031,NE006002,2,ASO
1982,0.8680348872694549,0.9703311668338436,NE006002,2,ASO
1983,0.5766886028723597,0.6741136310289191,NE006002,2,ASO
1984,0.446934906023988,0.5394886827727199,NE006002,2,ASO
1985,0.7029183104849702,0.7906008358258746,NE006002,2,ASO
1986,0.6387435861594923,0.7215548600925692,NE006002,2,ASO
1987,0.5408353601536662,0.6187753826789137,NE006002,2,ASO
1988,0.8712299134991968,0.9442986846166168,NE006002,2,ASO
1989,0.9772723520056021,1.0454698717151947,NE006002,2,ASO
1990,0.5112896966487268,0.5746159649504918,NE006002,2,ASO
1991,0.6281058648612244,0.6865608817551602,NE006002,2,ASO
1992,0.5864313462585471,0.6400151117446553,NE006002,2,ASO
1993,0.47690041728715243,0.5256129313654332,NE006002,2,ASO
1994,0.9665654353562231,1.0104066980266762,NE006002,2,ASO
1995,0.6455939023782641,0.6845639136408898,NE006002,2,ASO
1996,0.6455369577397544,0.6796357175945508,NE006002,2,ASO
1997,0.8535822787630976,0.8828097872100664,NE006002,2,ASO
1998,0.8201816323884864,0.8445378894276278,NE006002,2,ASO
1999,1.28495632487382,1.304441330505134,NE006002,2,ASO
2000,0.6160545378694499,0.6306682920929344,NE006002,2,ASO
2001,0.7711446402361265,0.7808871430517835,NE006002,2,ASO
2002,0.5993166356589263,0.6041878870667559,NE006002,2,ASO
2003,0.806626135722788,0.80662613572279,NE006002,2,ASO
2004,0.682578424548799,0.6777071731409717,NE006002,2,ASO
2005,0.823810608492809,0.8140681056771542,NE006002,2,ASO
2006,0.7120456321718076,0.6974318779483253,NE006002,2,ASO
2007,0.8615228161678418,0.8420378105365319,NE006002,2,ASO
2008,0.7307890941180579,0.7064328370789188,NE006002,2,ASO
2009,0.5689921495447309,0.5397646410977642,NE006002,2,ASO
2010,0.9849311376444233,0.9508323777896291,NE006002,2,ASO
2011,0.7942558149009826,0.755285803638361,NE006002,2,ASO
2012,1.1591317957085936,1.1152905330381444,NE006002,2,ASO
2013,0.7478143314421168,0.6991018173638384,NE006002,2,ASO
2014,0.8627681298728054,0.8091843643866994,NE006002,2,ASO
2015,1.015570099784175,0.9571150828902415,NE006002,2,ASO
2016,0.7169502249985892,0.6536239566968282,NE006002,2,ASO
2017,1.1380330873098146,1.0698355676002242,NE006002,2,ASO
2018,1.0283910661775986,0.9553222950601807,NE006002,2,ASO
2019,1.0653967629357697,0.9874567404105243,NE006002,2,ASO
2020,0.8617983540585579,0.778987080125485,NE006002,2,ASO
2021,0.4553179740068765,0.36763544866597436,NE006002,2,ASO
2022,0.7881913490186647,0.6956375722699351,NE006002,2,ASO
2023,0.7232060200273239,0.6257809918707667,NE006002,2,ASO
2024,0.9138096605067785,0.8115133809423938,NE006002,2,ASO
2025,0.6812920432300412,0.5741245122578272,NE006002,2,ASO
2026,0.40827762968412723,0.29623884730408573,NE006002,2,ASO
1981,0.19508394573468507,0.23310100577185416,NE006002,2,SON
1982,0.4823516766954602,0.5186406885491219,NE006002,2,SON
1983,0.16399935386575049,0.19856031753590442,NE006002,2,SON
1984,0.25634135021317,0.28917426569981614,NE006002,2,SON
1985,0.247751664537599,0.27885653184073733,NE006002,2,SON
1986,0.28941597340691605,0.3187927925265466,NE006002,2,SON
1987,0.30393657260658696,0.33158534354271013,NE006002,2,SON
1988,0.22079931170676462,0.24672003445937998,NE006002,2,SON
1989,0.27778727861864455,0.3019799531877521,NE006002,2,SON
1990,0.13228996662042034,0.1547545930060201,NE006002,2,SON
1991,-0.03958036132005899,-0.018843783117966584,NE006002,2,SON
1992,0.10355104585396746,0.12255957587255206,NE006002,2,SON
1993,0.15390089545940888,0.17118137729448568,NE006002,2,SON
1994,0.5718582002565182,0.5874106339080872,NE006002,2,SON
1995,0.2892594341146823,0.3030838195827435,NE006002,2,SON
1996,0.28229822940813604,0.2943945666926899,NE006002,2,SON
1997,0.3865056204483182,0.39687390954936425,NE006002,2,SON
1998,0.5089684816654525,0.5176087225829907,NE006002,2,SON
1999,0.420148541959564,0.42706073469359446,NE006002,2,SON
2000,0.09257741449924187,0.09776155904976494,NE006002,2,SON
2001,0.2562874646989197,0.259743561065935,NE006002,2,SON
2002,0.22158690704430833,0.2233149552278158,NE006002,2,SON
2003,0.30104852249659264,0.3010485224965923,NE006002,2,SON
2004,0.12683955852225123,0.1251115103387431,NE006002,2,SON
2005,0.35262088909987,0.3491647927328545,NE006002,2,SON
2006,0.22649203994102557,0.22130789539050227,NE006002,2,SON
2007,0.32648128437758406,0.31956909164355296,NE006002,2,SON
2008,0.23743077323886136,0.22879053232132246,NE006002,2,SON
2009,0.16363101085411963,0.15326272175307293,NE006002,2,SON
2010,0.3456391453870095,0.33354280810245546,NE006002,2,SON
2011,0.18382544136669907,0.1700010558986372,NE006002,2,SON
2012,0.1475876323563985,0.13203519870482883,NE006002,2,SON
2013,0.143665689516572,0.12638520768149453,NE006002,2,SON
2014,0.2387311720121712,0.21972264199358638,NE006002,2,SON
2015,0.45890203040274247,0.43816545220064984,NE006002,2,SON
2016,0.1427015666588268,0.12023694027322637,NE006002,2,SON
2017,0.2739885755584471,0.24979590098933885,NE006002,2,SON
2018,0.35729719937207977,0.33137647661946373,NE006002,2,SON
2019,0.2535255463861049,0.22587677544998153,NE006002,2,SON
2020,0.39801052018338345,0.36863370106375226,NE006002,2,SON
2021,0.11316022494179792,0.08205535763865893,NE006002,2,SON
2022,0.363903024306746,0.3310701088200992,NE006002,2,SON
2023,0.3797865857299626,0.34522562205980845,NE006002,2,SON
2024,0.5699761836424231,0.5336871717887611,NE006002,2,SON
2025,0.35835107536919947,0.3203340153320297,NE006002,2,SON
2026,0.2221493844256102,0.18240427620493263,NE006002,2,SON
1981,1.4197856043529196,1.572937300599895,NE003005,2,JAS
1982,1.412186486752733,1.5583767422612098,NE003005,2,JAS
1983,1.1071291985418632,1.2463580133118415,NE003005,2,JAS
1984,1.0240351361351732,1.1563025101666529,NE003005,2,JAS
1985,1.6385554221667042,1.7638613554596836,NE003005,2,JAS
1986,1.6180202207835053,1.736364713337986,NE003005,2,JAS
1987,1.3305205570511138,1.441903608867096,NE003005,2,JAS
1988,1.658822616585913,1.7632442276633966,NE003005,2,JAS
1989,1.7826731541005831,1.8801333244395682,NE003005,2,JAS
1990,1.114933790774894,1.2054325203753804,NE003005,2,JAS
1991,1.6077803184178496,1.6913176072798375,NE003005,2,JAS
1992,1.474001593913222,1.5505774420367096,NE003005,2,JAS
1993,1.3669539335423098,1.4365683409272987,NE003005,2,JAS
1994,1.717367819173911,1.7800207858204014,NE003005,2,JAS
1995,1.6882799073677255,1.7439714332757172,NE003005,2,JAS
1996,1.4530742025418508,1.501804287711344,NE003005,2,JAS
1997,1.1859716420378406,1.2277402864688352,NE003005,2,JAS
1998,1.7010795312177365,1.7358867349102307,NE003005,2,JAS
1999,1.7168566015630558,1.7447023645170514,NE003005,2,JAS
2000,1.3521393041729826,1.3730236263884796,NE003005,2,JAS
2001,1.7464212501497436,1.760344131626742,NE003005,2,JAS
2002,1.5643681892093269,1.5713296299478268,NE003005,2,JAS
2003,1.5010857181284258,1.5010857181284272,NE003005,2,JAS
2004,1.3171126437064307,1.3101512029679334,NE003005,2,JAS
2005,1.442960999945754,1.4290381184687564,NE003005,2,JAS
2006,1.4828879359145202,1.462003613699024,NE003005,2,JAS
2007,1.6179769973248002,1.5901312343708054,NE003005,2,JAS
2008,1.4222316129176769,1.3874244092251835,NE003005,2,JAS
2009,1.5860521706412967,1.5442835262103047,NE003005,2,JAS
2010,1.6149182831909845,1.566188198021494,NE003005,2,JAS
2011,1.1417544972191085,1.0860629713111194,NE003005,2,JAS
2012,1.610450233420199,1.5477972667737097,NE003005,2,JAS
2013,1.4939536512654301,1.424339243880442,NE003005,2,JAS
2014,1.7557764172084454,1.6792005690849587,NE003005,2,JAS
2015,1.8153338164970405,1.7317965276350553,NE003005,2,JAS
2016,1.76913531735585,1.6786365877553662,NE003005,2,JAS
2017,1.4590245621043467,1.3615643917653644,NE003005,2,JAS
2018,1.5537651315927568,1.449343520515274,NE003005,2,JAS
2019,1.6131366518566899,1.5017536000407086,NE003005,2,JAS
2020,1.8258869327089229,1.707542440154443,NE003005,2,JAS
2021,1.6689320914725778,1.5436261581795994,NE003005,2,JAS
2022,1.8560786913998082,1.7238113173683312,NE003005,2,JAS
2023,1.4900269904537087,1.350798175683733,NE003005,2,JAS
2024,1.8380131267438962,1.691822871235422,NE003005,2,JAS
2025,1.7207282949351996,1.567576598688225,NE003005,2,JAS
2026,0.8521008189507211,0.691987681965248,NE003005,2,JAS
1981,1.0913236401444333,1.2753744094389765,NE003005,2,ASO
1982,1.1793385043155593,1.3550233295512613,NE003005,2,ASO
1983,0.8760144472174678,1.043333328394325,NE003005,2,ASO
1984,0.9096662301134191,1.068619167231435,NE003005,2,ASO
1985,1.418360731236529,1.5689477242957,NE003005,2,ASO
1986,1.3105850570437236,1.4528061060440534,NE003005,2,ASO
1987,1.2339126294248,1.3677677343662848,NE003005,2,ASO
1988,1.3822892369110138,1.5077783977936574,NE003005,2,ASO
1989,1.5730004234301664,1.6901236402539688,NE003005,2,ASO
1990,0.8775323007693236,0.9862895735342811,NE003005,2,ASO
1991,1.0590402423546041,1.1594315710607204,NE003005,2,ASO
1992,1.1937840253045193,1.2858094099517907,NE003005,2,ASO
1993,1.1029796226550428,1.186639063243473,NE003005,2,ASO
1994,1.5451800701526144,1.6204735666821997,NE003005,2,ASO
1995,1.5310668932160236,1.5979944456867676,NE003005,2,ASO
1996,1.3258118006052684,1.3843734090171675,NE003005,2,ASO
1997,1.107786425882064,1.1579820902351219,NE003005,2,ASO
1998,1.4766410015500353,1.518470721844252,NE003005,2,ASO
1999,1.5958347022768724,1.6292984785122442,NE003005,2,ASO
2000,1.0350733157055487,1.0601711478820792,NE003005,2,ASO
2001,1.3285054839556698,1.3452373720733555,NE003005,2,ASO
2002,1.3320875025411991,1.3404534466000435,NE003005,2,ASO
2003,1.3265083643045872,1.3265083643045867,NE003005,2,ASO
2004,1.0896662687377692,1.0813003246789274,NE003005,2,ASO
2005,1.2199885884560002,1.2032567003383137,NE003005,2,ASO
2006,1.2112340961625876,1.1861362639860598,NE003005,2,ASO
2007,1.4166874628406128,1.38322368660524,NE003005,2,ASO
2008,1.2429659001395656,1.2011361798453517,NE003005,2,ASO
2009,1.4825420588812346,1.4323463945281794,NE003005,2,ASO
2010,1.4277138128078748,1.3691522043959747,NE003005,2,ASO
2011,1.0710610320517127,1.0041334795809713,NE003005,2,ASO
2012,1.3528246007476834,1.2775311042180972,NE003005,2,ASO
2013,1.3978611259508127,1.3142016853623852,NE003005,2,ASO
2014,1.6221834815702116,1.5301580969229394,NE003005,2,ASO
2015,1.7606865755672425,1.660295246861129,NE003005,2,ASO
2016,1.3685664218716238,1.2598091491066654,NE003005,2,ASO
2017,1.253717869718479,1.1365946528946793,NE003005,2,ASO
2018,1.4858874876877464,1.3603983268051054,NE003005,2,ASO
2019,1.4681515006078834,1.3342963956663976,NE003005,2,ASO
2020,1.6955776485690726,1.5533565995687455,NE003005,2,ASO
2021,1.3972541844706365,1.2466671914114646,NE003005,2,ASO
2022,1.637213490049648,1.4782605529316348,NE003005,2,ASO
2023,1.4128430837612647,1.2455242025844067,NE003005,2,ASO
2024,1.4857106962582929,1.3100258710225936,NE003005,2,ASO
2025,1.4234990627538355,1.2394482934592914,NE003005,2,ASO
2026,1.0673170576867301,0.8749003443333447,NE003005,2,ASO
1981,0.4430176091012708,0.5187352712093234,NE003005,2,SON
1982,0.6584709992380042,0.7307469494320548,NE003005,2,SON
1983,0.39133666616021173,0.46017090444026026,NE003005,2,SON
1984,0.5684092386160986,0.6338017649821442,NE003005,2,SON
1985,0.6992599407724515,0.7612107552244951,NE003005,2,SON
1986,0.9298374255828534,0.9883465281208942,NE003005,2,SON
1987,0.835338216682885,0.8904056073069238,NE003005,2,SON
1988,0.5715211221077925,0.6231468008178284,NE003005,2,SON
1989,0.9379778494945845,0.9861618162906184,NE003005,2,SON
1990,0.32714524145176627,0.37188749633379725,NE003005,2,SON
1991,0.20877488384632442,0.2500754268143534,NE003005,2,SON
1992,0.4595282349676991,0.4973870660217252,NE003005,2,SON
1993,0.5476505627030779,0.582067681843102,NE003005,2,SON
1994,0.9814463928264188,1.012421800052441,NE003005,2,SON
1995,0.7974932254591761,0.8250269207711953,NE003005,2,SON
1996,0.8030627220346778,0.827154705432695,NE003005,2,SON
1997,0.6115996916084111,0.6322499630924254,NE003005,2,SON
1998,0.8771632654974317,0.8943718250674441,NE003005,2,SON
1999,0.9643644642058857,0.9781313118618952,NE003005,2,SON
2000,0.39309693415926006,0.4034220699012675,NE003005,2,SON
2001,0.8091037414070135,0.815987165235018,NE003005,2,SON
2002,0.767325736012024,0.7707674479260266,NE003005,2,SON
2003,0.6241232374765909,0.6241232374765906,NE003005,2,SON
2004,0.394738097783582,0.39129638586957965,NE003005,2,SON
2005,0.6024836171224347,0.5956001932944304,NE003005,2,SON
2006,0.45381145529468214,0.4434863195526749,NE003005,2,SON
2007,0.663696866323513,0.6499300186675038,NE003005,2,SON
2008,0.8116230498046729,0.7944144902346608,NE003005,2,SON
2009,0.8267723944743957,0.8061221229903816,NE003005,2,SON
2010,0.743201774274594,0.719109790876577,NE003005,2,SON
2011,0.479302289385138,0.45176859407311903,NE003005,2,SON
2012,0.448070891686949,0.41709548446092715,NE003005,2,SON
2013,0.5175189772405255,0.48310185810050166,NE003005,2,SON
2014,0.7897703537527974,0.7519115226987706,NE003005,2,SON
2015,1.014512957395804,0.9732124144277753,NE003005,2,SON
2016,0.6559414241087962,0.6111991692267654,NE003005,2,SON
2017,0.5233134228451646,0.4751294560491309,NE003005,2,SON
2018,0.9113603631679383,0.8597346844579027,NE003005,2,SON
2019,0.7318652404253846,0.676797849801346,NE003005,2,SON
2020,0.8463642155622142,0.7878551130241737,NE003005,2,SON
2021,0.29343003459219935,0.23147922014015593,NE003005,2,SON
2022,0.9185009248312519,0.8531083984652065,NE003005,2,SON
2023,0.8976345190272577,0.8288002807472094,NE003005,2,SON
2024,0.9257016432509053,0.853425693056855,NE003005,2,SON
2025,0.7227318439510485,0.6470141818429953,NE003005,2,SON
2026,0.4521643978244151,0.3730050238023599,NE003005,2,SON
1981,1.3517316517648572,1.4191151894129845,NE007006,2,JAS
1982,1.4099363420842765,1.474256991657489,NE007006,2,JAS
1983,1.3122097451065844,1.373467506604882,NE007006,2,JAS
1984,0.9662414318844835,1.0244363053078662,NE007006,2,JAS
1985,1.6481383495788333,1.7032703349273013,NE007006,2,JAS
1986,1.4944568667636788,1.546525964037232,NE007006,2,JAS
1987,1.4924378368107558,1.541444046009394,NE007006,2,JAS
1988,1.6512944231839546,1.697237744307678,NE007006,2,JAS
1989,1.6102929315816972,1.6531733646305058,NE007006,2,JAS
1990,1.337580547910984,1.3773980928848777,NE007006,2,JAS
1991,1.3735317599532029,1.4102864168521818,NE007006,2,JAS
1992,1.6346007547330537,1.6682925235571178,NE007006,2,JAS
1993,1.2250515460972229,1.2556804268463722,NE007006,2,JAS
1994,1.8364404695443342,1.8640064622185686,NE007006,2,JAS
1995,1.3414843532021599,1.3659874578014795,NE007006,2,JAS
1996,1.2630845651057,1.2845247816301049,NE007006,2,JAS
1997,1.2686672986700471,1.287044627119537,NE007006,2,JAS
1998,1.7980847512899232,1.8133991916644983,NE007006,2,JAS
1999,1.9409417443935657,1.953193296693226,NE007006,2,JAS
2000,1.2345535800472962,1.2437422442720416,NE007006,2,JAS
2001,1.5256606451109809,1.5317864212608114,NE007006,2,JAS
2002,1.2723923162980908,1.2754552043730065,NE007006,2,JAS
2003,1.442595169217661,1.442595169217662,NE007006,2,JAS
2004,1.2919370949264661,1.2888742068515522,NE007006,2,JAS
2005,1.5737479841776025,1.5676222080277737,NE007006,2,JAS
2006,1.4599350626643839,1.4507463984396394,NE007006,2,JAS
2007,1.4398976177360376,1.4276460654363783,NE007006,2,JAS
2008,1.56336257298768,1.548048132613106,NE007006,2,JAS
2009,1.1394580389593802,1.1210807105098912,NE007006,2,JAS
2010,1.6296996486558692,1.6082594321314654,NE007006,2,JAS
2011,1.3040609143378368,1.279557809738518,NE007006,2,JAS
2012,1.41113660162677,1.3835706089525364,NE007006,2,JAS
2013,1.443148356766153,1.4125194760170046,NE007006,2,JAS
2014,1.486225505833409,1.4525337370093458,NE007006,2,JAS
2015,1.5959024654022866,1.5591478085033086,NE007006,2,JAS
2016,1.601434252427796,1.5616167074539031,NE007006,2,JAS
2017,1.5572890629020384,1.5144086298532307,NE007006,2,JAS
2018,1.4846386146494923,1.4386952935257697,NE007006,2,JAS
2019,1.5645564712816573,1.51555026208302,NE007006,2,JAS
2020,1.6767486851016888,1.6246795878281366,NE007006,2,JAS
2021,1.349152203075762,1.2940202177272948,NE007006,2,JAS
2022,1.613753418385542,1.55555854496216,NE007006,2,JAS
2023,1.3383388172309436,1.2770810557326469,NE007006,2,JAS
2024,1.8649060166533176,1.800585367080106,NE007006,2,JAS
2025,1.5023243697724422,1.4349408321243158,NE007006,2,JAS
2026,0.7863136422831783,0.7158672165601371,NE007006,2,JAS
1981,0.8128617637714269,0.9407167603359398,NE007006,2,ASO
1982,1.1828433006920662,1.3048867065036467,NE007006,2,ASO
1983,0.9743517316658735,1.0905835467245217,NE007006,2,ASO
1984,0.6573742698474683,0.767794494153184,NE007006,2,ASO
1985,1.3901757811012576,1.494784414654041,NE007006,2,ASO
1986,1.1835441185722646,1.2823411613721156,NE007006,2,ASO
1987,1.2805535364883338,1.3735389885352525,NE007006,2,ASO
1988,1.4254769885447534,1.5126508498387397,NE007006,2,ASO
1989,1.402458956770269,1.483821227311323,NE007006,2,ASO
1990,0.8983352216871777,0.9738859014752993,NE007006,2,ASO
1991,1.0785121521019352,1.1482512411371244,NE007006,2,ASO
1992,1.3516239018973883,1.4155514001796452,NE007006,2,ASO
1993,0.9685123889059271,1.0266282964352516,NE007006,2,ASO
1994,1.6025430597410506,1.654847376517441,NE007006,2,ASO
1995,1.1680549647724134,1.2145476907958714,NE007006,2,ASO
1996,1.012629605317279,1.0533107405878046,NE007006,2,ASO
1997,1.074192769610222,1.1090623141278153,NE007006,2,ASO
1998,1.595134677902202,1.624192631666863,NE007006,2,ASO
1999,1.6895966915996672,1.7128430546113957,NE007006,2,ASO
2000,0.7331024503129652,0.7505372225717614,NE007006,2,ASO
2001,1.1997034888635967,1.2113266703694605,NE007006,2,ASO
2002,0.9703042162424893,0.9761158069954208,NE007006,2,ASO
2003,1.2276566474800232,1.2276566474800223,NE007006,2,ASO
2004,1.0113323112597208,1.0055207205067875,NE007006,2,ASO
2005,1.327075036842763,1.3154518553368975,NE007006,2,ASO
2006,1.262579314491796,1.245144542232998,NE007006,2,ASO
2007,1.2142478505064875,1.1910014874947572,NE007006,2,ASO
2008,1.372989575775515,1.3439316220108524,NE007006,2,ASO
2009,1.0319332664833367,0.9970637219657399,NE007006,2,ASO
2010,1.2346979809545204,1.1940168456839912,NE007006,2,ASO
2011,1.143148176964768,1.0966554509413065,NE007006,2,ASO
2012,1.0932296823511953,1.0409253655748014,NE007006,2,ASO
2013,1.2951217774480646,1.2370058699187383,NE007006,2,ASO
2014,1.2691134947095528,1.2051859964272942,NE007006,2,ASO
2015,1.4368636352887456,1.3671245462535546,NE007006,2,ASO
2016,1.2400117789022163,1.164461099114093,NE007006,2,ASO
2017,1.338264949689366,1.2569026791483102,NE007006,2,ASO
2018,1.3069784299501093,1.2198045686561212,NE007006,2,ASO
2019,1.3076449242053179,1.2146594721583974,NE007006,2,ASO
2020,1.4756521167854104,1.3768550739855576,NE007006,2,ASO
2021,0.967842679005396,0.8632340454526108,NE007006,2,ASO
2022,1.524759370604203,1.4143391462984856,NE007006,2,ASO
2023,1.263037318857952,1.1468055037993021,NE007006,2,ASO
2024,1.6960489324267805,1.5740055266151982,NE007006,2,ASO
2025,1.243184434869794,1.1153294383052776,NE007006,2,ASO
2026,0.7918795380994434,0.6582129507819947,NE007006,2,ASO
1981,0.20932759537607032,0.23733769854218828,NE007006,2,SON
1982,0.6547069798237554,0.6814438964823227,NE007006,2,SON
1983,0.30477070567826664,0.33023443582928297,NE007006,2,SON
1984,0.36587757775404783,0.39006812139751357,NE007006,2,SON
1985,0.6876520463372781,0.7105694034731932,NE007006,2,SON
1986,0.5988808580847159,0.62052502871308,NE007006,2,SON
1987,0.6325578243143148,0.6529288084351283,NE007006,2,SON
1988,0.44916760150566076,0.46826539911892323,NE007006,2,SON
1989,0.7983317260683211,0.816156337174033,NE007006,2,SON
1990,0.46464243852379056,0.4811938631219514,NE007006,2,SON
1991,0.05231974309383214,0.06759798118444238,NE007006,2,SON
1992,0.6184801939229456,0.6324852455060048,NE007006,2,SON
1993,0.2688811646407003,0.2816130297162089,NE007006,2,SON
1994,1.003976996368132,1.0154356749360895,NE007006,2,SON
1995,0.5460624961955276,0.5562479882559346,NE007006,2,SON
1996,0.6503344188327242,0.6592467243855802,NE007006,2,SON
1997,0.4560625409343507,0.46370165997965607,NE007006,2,SON
1998,0.8897180186866191,0.8960839512243735,NE007006,2,SON
1999,0.8929355200464035,0.8980282660766072,NE007006,2,SON
2000,0.1597476909795375,0.16356725050219018,NE007006,2,SON
2001,0.6371384390478022,0.6396848120629043,NE007006,2,SON
2002,0.4595608479221119,0.4608340344296629,NE007006,2,SON
2003,0.6076987872170722,0.6076987872170726,NE007006,2,SON
2004,0.26648869990624724,0.26521551339869665,NE007006,2,SON
2005,0.43609909625441906,0.43355272323931787,NE007006,2,SON
2006,0.5199986486375763,0.516179089114924,NE007006,2,SON
2007,0.5027776660239748,0.49768491999377196,NE007006,2,SON
2008,0.7475077249243545,0.7411417923866006,NE007006,2,SON
2009,0.34686607533582836,0.3392269562905239,NE007006,2,SON
2010,0.5697413369034593,0.5608290313506038,NE007006,2,SON
2011,0.36902893963244165,0.35884344757203557,NE007006,2,SON
2012,0.2459611541879269,0.23450247561996979,NE007006,2,SON
2013,0.41914604272221845,0.40641417764671073,NE007006,2,SON
2014,0.5669646332548596,0.5529595816718008,NE007006,2,SON
2015,0.6494865539449526,0.6342083158543432,NE007006,2,SON
2016,0.4616341998649366,0.44508277526677664,NE007006,2,SON
2017,0.21504306939968776,0.19721845829397677,NE007006,2,SON
2018,0.6577596680731488,0.6386618704598872,NE007006,2,SON
2019,0.44368400510296935,0.42331302098215673,NE007006,2,SON
2020,0.5854160063534174,0.5637718357250542,NE007006,2,SON
2021,0.2781530573213268,0.25523570018541253,NE007006,2,SON
2022,0.8046391674265863,0.7804486237831214,NE007006,2,SON
2023,0.5744449659165625,0.5489812357655466,NE007006,2,SON
2024,0.8627247481939986,0.8359878315354321,NE007006,2,SON
2025,0.6822881697205582,0.6542780665544407,NE007006,2,SON
2026,0.3939646539521451,0.36468136427847697,NE007006,2,SON
1981,1.1779597890346902,1.2971057420326682,NE005004,2,JAS
1982,1.319021902566861,1.4327521304285669,NE005004,2,JAS
1983,0.9802487738000756,1.0885632765255093,NE005004,2,JAS
1984,0.7037111631485939,0.8066099407377556,NE005004,2,JAS
1985,1.2080036226904525,1.3054866751433438,NE005004,2,JAS
1986,1.1812681609412923,1.2733354882579115,NE005004,2,JAS
1987,1.102120381742253,1.1887719839226,NE005004,2,JAS
1988,1.2427571761359526,1.3239930531800277,NE005004,2,JAS
1989,1.2239414617103095,1.2997616136181143,NE005004,2,JAS
1990,0.9804494407302298,1.0508538675017625,NE005004,2,JAS
1991,0.8606335250320036,0.9256222266672642,NE005004,2,JAS
1992,1.2394839019669377,1.2990568784659262,NE005004,2,JAS
1993,1.002359442534329,1.0565166938970472,NE005004,2,JAS
1994,1.396515630476117,1.4452571567025632,NE005004,2,JAS
1995,1.055738431252839,1.099064232343013,NE005004,2,JAS
1996,0.9961977061230458,1.0341077820769478,NE005004,2,JAS
1997,1.0604911371568901,1.09298548797452,NE005004,2,JAS
1998,1.3957865468008859,1.4228651724822454,NE005004,2,JAS
1999,1.753132658879915,1.7747955594250024,NE005004,2,JAS
2000,1.0153721743274764,1.0316193497362918,NE005004,2,JAS
2001,1.2164525541068145,1.2272840043793578,NE005004,2,JAS
2002,1.0706778857648283,1.0760936109011012,NE005004,2,JAS
2003,1.1796203409614257,1.1796203409614265,NE005004,2,JAS
2004,0.9567636787172574,0.9513479535809862,NE005004,2,JAS
2005,1.1695810672469407,1.1587496169743974,NE005004,2,JAS
2006,1.114143324338972,1.0978961489301584,NE005004,2,JAS
2007,1.3723572411180396,1.350694340572954,NE005004,2,JAS
2008,1.1270395942936786,1.0999609686123208,NE005004,2,JAS
2009,0.8083198047910773,0.7758254539734475,NE005004,2,JAS
2010,1.4225884786660585,1.3846784027121584,NE005004,2,JAS
2011,1.132757496128553,1.0894316950383807,NE005004,2,JAS
2012,1.2034934404979105,1.1547519142714662,NE005004,2,JAS
2013,1.090918566845609,1.0367613154828925,NE005004,2,JAS
2014,1.401686635418857,1.3421136589198703,NE005004,2,JAS
2015,1.3067892637045104,1.2418005620692516,NE005004,2,JAS
2016,1.2989491655482681,1.2285447387767372,NE005004,2,JAS
2017,1.1875655220459336,1.1117453701381306,NE005004,2,JAS
2018,1.2770077061178307,1.1957718290737573,NE005004,2,JAS
2019,1.4215567357164343,1.3349051335360889,NE005004,2,JAS
2020,1.5910904966887998,1.4990231693721823,NE005004,2,JAS
2021,0.8456455038975121,0.7481624514446226,NE005004,2,JAS
2022,1.4055190275708114,1.3026202499816515,NE005004,2,JAS
2023,0.8559877870170067,0.7476732842915748,NE005004,2,JAS
2024,2.109967732112078,1.9962375042503742,NE005004,2,JAS
2025,1.102945470478451,0.9837995174804748,NE005004,2,JAS
2026,0.5893922890954556,0.46483061096120915,NE005004,2,JAS
1981,0.7508065223367965,0.9085530083838883,NE005004,2,ASO
1982,1.1493157790567217,1.2998919702834904,NE005004,2,ASO
1983,0.6605027515126176,0.8039086479190649,NE005004,2,ASO
1984,0.5771219539076701,0.7133575554937942,NE005004,2,ASO
1985,0.9649120019159779,1.093977308681779,NE005004,2,ASO
1986,0.8426120861946448,0.9645070981401244,NE005004,2,ASO
1987,0.9484398529239226,1.063164570049079,NE005004,2,ASO
1988,1.0305870554395071,1.1381414777443422,NE005004,2,ASO
1989,1.0343685868670218,1.1347527143515337,NE005004,2,ASO
1990,0.5969629424965395,0.69017677516073,NE005004,2,ASO
1991,0.6654427333594477,0.751486271203315,NE005004,2,ASO
1992,0.9836601876204927,1.0625334306440386,NE005004,2,ASO
1993,0.7357456262444996,0.8074485744477223,NE005004,2,ASO
1994,1.2611528341523295,1.325685487535229,NE005004,2,ASO
1995,0.8553129397801346,0.9126752983427128,NE005004,2,ASO
1996,0.7951320768808583,0.8453241406231133,NE005004,2,ASO
1997,0.9804415006062758,1.0234632695282095,NE005004,2,ASO
1998,1.2473376753882779,1.2831891494898884,NE005004,2,ASO
1999,1.5910091738531702,1.6196903531344593,NE005004,2,ASO
2000,0.6400631559015274,0.6615740403624933,NE005004,2,ASO
2001,0.8801256491535814,0.8944662387942242,NE005004,2,ASO
2002,0.7314810630729566,0.738651357893278,NE005004,2,ASO
2003,0.9917924711921609,0.9917924711921591,NE005004,2,ASO
2004,0.771258495416642,0.7640882005963189,NE005004,2,ASO
2005,0.9135114322766857,0.8991708426360394,NE005004,2,ASO
2006,0.9184661348644031,0.8969552504034354,NE005004,2,ASO
2007,1.183746068687035,1.155064889405744,NE005004,2,ASO
2008,0.9816035483710677,0.9457520742694554,NE005004,2,ASO
2009,0.6594220856682218,0.6164003167462864,NE005004,2,ASO
2010,1.2088716964451638,1.1586796327029052,NE005004,2,ASO
2011,0.940497113814987,0.883134755252407,NE005004,2,ASO
2012,0.9786669177507288,0.9141342643678256,NE005004,2,ASO
2013,0.9777422562272887,0.9060393080240642,NE005004,2,ASO
2014,1.19024600525052,1.1113727622269722,NE005004,2,ASO
2015,1.1689508543788645,1.0829073165349954,NE005004,2,ASO
2016,0.9343345826185042,0.841120749954312,NE005004,2,ASO
2017,0.9431380356403929,0.8427539081558775,NE005004,2,ASO
2018,1.099796011007261,0.9922415887024243,NE005004,2,ASO
2019,1.2854228892530335,1.1706981721278735,NE005004,2,ASO
2020,1.4346086999578525,1.312713688012371,NE005004,2,ASO
2021,0.44363107026012927,0.31456576349432475,NE005004,2,ASO
2022,1.2225514893803433,1.0863158877942174,NE005004,2,ASO
2023,0.7986234117651185,0.6552175153586695,NE005004,2,ASO
2024,2.0359473897450515,1.885371198518281,NE005004,2,ASO
2025,0.874926689686419,0.7171802036393253,NE005004,2,ASO
2026,0.5231447603745387,0.35822797950712193,NE005004,2,ASO
1981,0.26136979092737406,0.3182820882382316,NE005004,2,SON
1982,0.6161566889369512,0.6704820636427702,NE005004,2,SON
1983,0.21692920942712124,0.26866766152790167,NE005004,2,SON
1984,0.25792615951819375,0.30707768901393473,NE005004,2,SON
1985,0.5459534485343692,0.5925180554250716,NE005004,2,SON
1986,0.532400360307495,0.576378044593158,NE005004,2,SON
1987,0.3578431852510728,0.39923394693169717,NE005004,2,SON
1988,0.27893783312916554,0.31774167220475047,NE005004,2,SON
1989,0.4559687029306298,0.49218561940117617,NE005004,2,SON
1990,0.12578778848055544,0.15941778234606235,NE005004,2,SON
1991,-0.0564426140342667,-0.025399542773798356,NE005004,2,SON
1992,0.2722121705075231,0.3006683191629529,NE005004,2,SON
1993,0.18743800641377117,0.2133072324641615,NE005004,2,SON
1994,0.9529377792555137,0.9762200827008655,NE005004,2,SON
1995,0.35724622177520066,0.37794160261551296,NE005004,2,SON
1996,0.4477505148981653,0.46585897313343905,NE005004,2,SON
1997,0.4127935241992659,0.4283150598295002,NE005004,2,SON
1998,0.876660418743884,0.8895950317690797,NE005004,2,SON
1999,0.7953481013243939,0.8056957917445511,NE005004,2,SON
2000,0.06156102993777124,0.06932179775288894,NE005004,2,SON
2001,0.4513632486799251,0.45653709389000424,NE005004,2,SON
2002,0.27254992627336877,0.27513684887840845,NE005004,2,SON
2003,0.41166622130196817,0.4116662213019693,NE005004,2,SON
2004,0.15868642597909338,0.15609950337405504,NE005004,2,SON
2005,0.4074170599186439,0.402243214708567,NE005004,2,SON
2006,0.48375388495273675,0.4759931171376204,NE005004,2,SON
2007,0.3778235572827205,0.36747586686256556,NE005004,2,SON
2008,0.5164504158982441,0.5035158028730506,NE005004,2,SON
2009,0.21789043556280108,0.20236889993256812,NE005004,2,SON
2010,0.6387035041975617,0.6205950459622902,NE005004,2,SON
2011,0.283179879068534,0.262484498228223,NE005004,2,SON
2012,0.17896547062766124,0.15568316718231168,NE005004,2,SON
2013,0.28929576440470545,0.26342653835431645,NE005004,2,SON
2014,0.4871560969978855,0.4586999483424579,NE005004,2,SON
2015,0.6210094646792012,0.5899663934187341,NE005004,2,SON
2016,0.30994901362740146,0.2763190197618959,NE005004,2,SON
2017,0.08273373161554326,0.04651681514499911,NE005004,2,SON
2018,0.5522630769970509,0.5134592379214673,NE005004,2,SON
2019,0.4538605904324889,0.4124698287518667,NE005004,2,SON
2020,0.5417629235486091,0.4977852392629475,NE005004,2,SON
2021,0.1685801301635012,0.12201552327280102,NE005004,2,SON
2022,0.5392980035466066,0.490146474050867,NE005004,2,SON
2023,0.3658323261370363,0.3140938740362581,NE005004,2,SON
2024,0.9524819030884213,0.8981565283826045,NE005004,2,SON
2025,0.5505219411007316,0.4936096437898754,NE005004,2,SON
2026,0.22620995332094654,0.16671073340505174,NE005004,2,SON
1981,1.1402300608866631,1.2018835243441075,NE007007,2,JAS
1982,1.2740029753320588,1.332854008632347,NE007007,2,JAS
1983,1.2230364582660787,1.27908506140921,NE007007,2,JAS
1984,0.8130420705353466,0.8662882435213218,NE007007,2,JAS
1985,1.5569177349666108,1.607361477795429,NE007007,2,JAS
1986,1.3010709129571032,1.3487122256287654,NE007007,2,JAS
1987,1.3776373119234882,1.4224761944379933,NE007007,2,JAS
1988,1.5641665763520898,1.606203028709438,NE007007,2,JAS
1989,1.4964841574985146,1.5357181796987067,NE007007,2,JAS
1990,1.2716780006261668,1.308109592669202,NE007007,2,JAS
1991,1.1984035777988025,1.2320327396846815,NE007007,2,JAS
1992,1.490647172246657,1.521473903975379,NE007007,2,JAS
1993,1.0487273743639949,1.0767516759355609,NE007007,2,JAS
1994,1.783103526872833,1.808325398287242,NE007007,2,JAS
1995,1.1951558165335607,1.2175752577908137,NE007007,2,JAS
1996,1.148160957726169,1.167777968826265,NE007007,2,JAS
1997,1.1843010475821076,1.2011156285250475,NE007007,2,JAS
1998,1.6954642994478573,1.7094764502336401,NE007007,2,JAS
1999,1.8488701257887443,1.8600798464173711,NE007007,2,JAS
2000,1.0292896615279827,1.0376969519994526,NE007007,2,JAS
2001,1.358472217450628,1.3640770777649418,NE007007,2,JAS
2002,1.1861323696463364,1.1889347998034931,NE007007,2,JAS
2003,1.2399967350133934,1.239996735013394,NE007007,2,JAS
2004,1.1284785640187285,1.1256761338615722,NE007007,2,JAS
2005,1.4104263406064788,1.4048214802921664,NE007007,2,JAS
2006,1.3774790110907953,1.369071720619326,NE007007,2,JAS
2007,1.4181297121261938,1.4069199914975683,NE007007,2,JAS
2008,1.4030644728873345,1.389052322101552,NE007007,2,JAS
2009,0.9614153768287346,0.9446007958857952,NE007007,2,JAS
2010,1.5727231418119034,1.553106130711808,NE007007,2,JAS
2011,1.158519651601751,1.1361002103444986,NE007007,2,JAS
2012,1.1858739785655814,1.1606521071511728,NE007007,2,JAS
2013,1.259457698799085,1.2314333972275195,NE007007,2,JAS
2014,1.3647048263574755,1.3338780946287538,NE007007,2,JAS
2015,1.4528139223178527,1.419184760431974,NE007007,2,JAS
2016,1.430494214909336,1.3940626228663013,NE007007,2,JAS
2017,1.4277937722925884,1.3885597500923967,NE007007,2,JAS
2018,1.4182127234307722,1.3761762710734244,NE007007,2,JAS
2019,1.498229317986983,1.4533904354724783,NE007007,2,JAS
2020,1.4760803690606208,1.42843905638896,NE007007,2,JAS
2021,1.1344444779281826,1.0840007350993648,NE007007,2,JAS
2022,1.4707542077283444,1.4175080347423705,NE007007,2,JAS
2023,1.1334492679474024,1.0774006648042715,NE007007,2,JAS
2024,1.8459827537263087,1.7871317204260218,NE007007,2,JAS
2025,1.353554680777803,1.291901217320359,NE007007,2,JAS
2026,0.6806754650963205,0.6162195714817205,NE007007,2,JAS
1981,0.6947226671839257,0.8054067882146188,NE007007,2,ASO
1982,1.0558077404526545,1.161460765072862,NE007007,2,ASO
1983,0.8720339702585431,0.972655898468265,NE007007,2,ASO
1984,0.49980472429499945,0.5953955560942357,NE007007,2,ASO
1985,1.3337886217355546,1.4243483571243034,NE007007,2,ASO
1986,1.0464863935418647,1.132015032520128,NE007007,2,ASO
1987,1.1923617520985599,1.2728592946663375,NE007007,2,ASO
1988,1.365761396192107,1.441227842349399,NE007007,2,ASO
1989,1.2978639240724932,1.3682992738192978,NE007007,2,ASO
1990,0.8456201949269606,0.9110244482632797,NE007007,2,ASO
1991,0.9332683041596429,0.9936414610854764,NE007007,2,ASO
1992,1.2089749997746202,1.264317060289968,NE007007,2,ASO
1993,0.8241723244338687,0.8744832885387291,NE007007,2,ASO
1994,1.5663184239092662,1.611598291603641,NE007007,2,ASO
1995,1.0322509997911105,1.0724997710749997,NE007007,2,ASO
1996,0.9044664304743235,0.9396841053477272,NE007007,2,ASO
1997,0.9978545835841929,1.0280411620471108,NE007007,2,ASO
1998,1.4954751782169413,1.520630660269372,NE007007,2,ASO
1999,1.6141239454801863,1.6342483311221314,NE007007,2,ASO
2000,0.5797340935253171,0.5948273827567766,NE007007,2,ASO
2001,1.0303550294385155,1.0404172222594894,NE007007,2,ASO
2002,0.8721904727056011,0.8772215691160876,NE007007,2,ASO
2003,1.0326206744130881,1.032620674413089,NE007007,2,ASO
2004,0.8988845002560023,0.8938534038455176,NE007007,2,ASO
2005,1.1422161028503044,1.132153910029334,NE007007,2,ASO
2006,1.1763147547509856,1.1612214655195279,NE007007,2,ASO
2007,1.1688590752222892,1.1487346895803459,NE007007,2,ASO
2008,1.240304123267061,1.2151486412146322,NE007007,2,ASO
2009,0.8949571433644927,0.8647705649015782,NE007007,2,ASO
2010,1.2136269257089356,1.1784092508355337,NE007007,2,ASO
2011,0.9942866791271733,0.9540379078432858,NE007007,2,ASO
2012,0.9063637489448584,0.8610838812504853,NE007007,2,ASO
2013,1.1225555708696715,1.0722446067648128,NE007007,2,ASO
2014,1.1286170836746896,1.0732750231593435,NE007007,2,ASO
2015,1.305224900701458,1.2448517437756264,NE007007,2,ASO
2016,1.0798726458287993,1.014468392492482,NE007007,2,ASO
2017,1.1949095358499493,1.1244741861031464,NE007007,2,ASO
2018,1.2475241233974699,1.1720576772401796,NE007007,2,ASO
2019,1.2950303053019736,1.2145327627341977,NE007007,2,ASO
2020,1.2894636012049623,1.2039349622267008,NE007007,2,ASO
2021,0.6642424896404824,0.5736827542517353,NE007007,2,ASO
2022,1.3735739104228475,1.277983078623613,NE007007,2,ASO
2023,1.0504126577091,0.9497907294993799,NE007007,2,ASO
2024,1.708565952442445,1.6029129278222394,NE007007,2,ASO
2025,1.145041782933717,1.0343576619030257,NE007007,2,ASO
2026,0.6997895820671702,0.5840743646259916,NE007007,2,ASO
1981,0.10315550922682265,0.13536620449681674,NE007007,2,SON
1982,0.5029071301124892,0.5336537028702106,NE007007,2,SON
1983,0.2119143417267905,0.24119679197223967,NE007007,2,SON
1984,0.25055449450391104,0.278372822237088,NE007007,2,SON
1985,0.6455265051807553,0.6718807104016595,NE007007,2,SON
1986,0.4753886717083657,0.5002787544169978,NE007007,2,SON
1987,0.5757825762081201,0.5992085364044795,NE007007,2,SON
1988,0.32790736230780304,0.34986919999189015,NE007007,2,SON
1989,0.6212808114505487,0.6417785266223631,NE007007,2,SON
1990,0.39192241841663567,0.41095601107617785,NE007007,2,SON
1991,-0.02193486856523502,-0.004365398417965516,NE007007,2,SON
1992,0.5650099731122679,0.5811153207472651,NE007007,2,SON
1993,0.1820568950073343,0.19669812013005888,NE007007,2,SON
1994,0.9660856189520939,0.9792627215625462,NE007007,2,SON
1995,0.38020828085917047,0.39192126095735014,NE007007,2,SON
1996,0.4987269612189741,0.5089758188048815,NE007007,2,SON
1997,0.4163356226735826,0.4251203577472178,NE007007,2,SON
1998,0.8784768969953126,0.8857975095566751,NE007007,2,SON
1999,0.8520342104465651,0.8578907004956554,NE007007,2,SON
2000,0.04315685223790933,0.047549219774726925,NE007007,2,SON
2001,0.5541811727288561,0.5571094177534015,NE007007,2,SON
2002,0.31410426256671997,0.31556838507899265,NE007007,2,SON
2003,0.46812101941318535,0.4681210194131858,NE007007,2,SON
2004,0.17218551199776883,0.1707213894854966,NE007007,2,SON
2005,0.3781343155500102,0.37520607052546573,NE007007,2,SON
2006,0.4825636639077664,0.47817129637094924,NE007007,2,SON
2007,0.40785402106571483,0.40199753101662544,NE007007,2,SON
2008,0.6580148235386374,0.6506942109772753,NE007007,2,SON
2009,0.2782140958082653,0.269429360734631,NE007007,2,SON
2010,0.4654196331626494,0.45517077557674285,NE007007,2,SON
2011,0.28896419773033577,0.27725121763215654,NE007007,2,SON
2012,0.12498021360533468,0.11180311099488321,NE007007,2,SON
2013,0.30608528924273587,0.2914440641200117,NE007007,2,SON
2014,0.47971535861828873,0.46361001098329235,NE007007,2,SON
2015,0.5581297145698231,0.540560244422554,NE007007,2,SON
2016,0.36375568911926165,0.34472209645972035,NE007007,2,SON
2017,0.11203734606076515,0.09153963088895117,NE007007,2,SON
2018,0.5538599127340589,0.5318980750499727,NE007007,2,SON
2019,0.34923087915567896,0.32580491895932007,NE007007,2,SON
2020,0.5024265579456622,0.477536475237031,NE007007,2,SON
2021,0.16741998446580142,0.1410657792448976,NE007007,2,SON
2022,0.6818021622675683,0.6539838345343922,NE007007,2,SON
2023,0.414939996771836,0.38565754652638773,NE007007,2,SON
2024,0.8520988554436046,0.8213522826858837,NE007007,2,SON
2025,0.6284564088772036,0.5962457136072103,NE007007,2,SON
2026,0.34371804086837554,0.31004322308610965,NE007007,2,SON
1981,1.002317705331748,1.0633542262502702,NE006009,2,JAS
1982,1.1732639151279676,1.231526048732011,NE006009,2,JAS
1983,0.8208590749337573,0.8763468212233229,NE006009,2,JAS
1984,0.48249437416042795,0.5352077331355156,NE006009,2,JAS
1985,1.1880927097495229,1.2380316814101318,NE006009,2,JAS
1986,1.012992936574551,1.060157520920682,NE006009,2,JAS
1987,0.6994979600689818,0.743888157100634,NE006009,2,JAS
1988,1.227424410854872,1.2690402205720464,NE006009,2,JAS
1989,1.1552592966660133,1.194100719068709,NE006009,2,JAS
1990,0.8881096638233263,0.9241766989115441,NE006009,2,JAS
1991,1.0152386866184784,1.0485313343922174,NE006009,2,JAS
1992,0.9292340396235891,0.9597523000828502,NE006009,2,JAS
1993,0.8977537867484808,0.925497659893264,NE006009,2,JAS
1994,1.1459164754782811,1.1708859613085856,NE006009,2,JAS
1995,1.034558242379616,1.0567533408954426,NE006009,2,JAS
1996,0.7765689303902699,0.7959896415916177,NE006009,2,JAS
1997,0.9292130620367269,0.9458593859235969,NE006009,2,JAS
1998,1.169631747049325,1.183503683621716,NE006009,2,JAS
1999,1.5345526931637226,1.5456502424216358,NE006009,2,JAS
2000,0.8644233372313584,0.872746499174793,NE006009,2,JAS
2001,1.208931887364111,1.2144806619930677,NE006009,2,JAS
2002,0.9168424605373402,0.919616847851819,NE006009,2,JAS
2003,1.042859606679047,1.042859606679047,NE006009,2,JAS
2004,0.831106878877603,0.8283324915631252,NE006009,2,JAS
2005,1.1204500874051397,1.114901312776183,NE006009,2,JAS
2006,0.978507327471539,0.9701841655281045,NE006009,2,JAS
2007,1.187397748828709,1.1763001995707958,NE006009,2,JAS
2008,0.919756772810042,0.9058848362376508,NE006009,2,JAS
2009,0.7530419170891904,0.7363955932023205,NE006009,2,JAS
2010,1.2206609650966127,1.201240253895265,NE006009,2,JAS
2011,0.8421335944491967,0.8199384959333701,NE006009,2,JAS
2012,1.278797020222485,1.2538275343921805,NE006009,2,JAS
2013,1.0527085519271608,1.0249646787823785,NE006009,2,JAS
2014,1.1673310755380544,1.1368128150787933,NE006009,2,JAS
2015,1.188082936195793,1.154790288422054,NE006009,2,JAS
2016,1.1126460865510577,1.07657905146284,NE006009,2,JAS
2017,1.2758895036240188,1.2370480812213231,NE006009,2,JAS
2018,1.1669903543032503,1.1253745445860759,NE006009,2,JAS
2019,1.2103860921007192,1.165995895069067,NE006009,2,JAS
2020,1.276066954642883,1.2289023702967519,NE006009,2,JAS
2021,0.5981269499983756,0.5481879783377667,NE006009,2,JAS
2022,0.8872988267228861,0.8345854677477993,NE006009,2,JAS
2023,0.8110762647273144,0.7555885184377489,NE006009,2,JAS
2024,1.2139604582081618,1.1556983246041184,NE006009,2,JAS
2025,1.0744324486957153,1.0133959277771931,NE006009,2,JAS
2026,0.49864090880816325,0.4348300005751632,NE006009,2,JAS
1981,0.5809276899973586,0.701742135848118,NE006009,2,ASO
1982,0.9429942777243757,1.0583171578546469,NE006009,2,ASO
1983,0.5461535067522661,0.655984821162047,NE006009,2,ASO
1984,0.4320393991672066,0.5363791478564991,NE006009,2,ASO
1985,0.9558145174995036,1.054662700468306,NE006009,2,ASO
1986,0.8121167850343434,0.9054734022826574,NE006009,2,ASO
1987,0.6155659344585332,0.7034309859863589,NE006009,2,ASO
1988,1.0172601126825718,1.0996335984899073,NE006009,2,ASO
1989,1.0185895071769542,1.0954714272638013,NE006009,2,ASO
1990,0.48421423417861714,0.5556045885449741,NE006009,2,ASO
1991,0.7491753550848701,0.8150741437307387,NE006009,2,ASO
1992,0.7109462050799995,0.7713534280053798,NE006009,2,ASO
1993,0.5688656576961266,0.6237813149010167,NE006009,2,ASO
1994,1.0283695646935789,1.0777936561779806,NE006009,2,ASO
1995,0.7310760400563716,0.7750085658202832,NE006009,2,ASO
1996,0.6174210631962083,0.6558620232396315,NE006009,2,ASO
1997,0.9300573147550503,0.9630067090779834,NE006009,2,ASO
1998,0.8346648007420666,0.8621226293445113,NE006009,2,ASO
1999,1.3728915685382224,1.3948578314201787,NE006009,2,ASO
2000,0.5881344719508679,0.6046091691123341,NE006009,2,ASO
2001,0.8298057555869955,0.8407888870279734,NE006009,2,ASO
2002,0.6266225321949757,0.6321140979154634,NE006009,2,ASO
2003,0.8286601497187168,0.8286601497187162,NE006009,2,ASO
2004,0.6434990102355405,0.6380074445150496,NE006009,2,ASO
2005,0.8799302758276664,0.8689471443866872,NE006009,2,ASO
2006,0.8343151047926507,0.8178404076311832,NE006009,2,ASO
2007,0.921823837064606,0.8998575741826483,NE006009,2,ASO
2008,0.8443989651902822,0.8169411365878362,NE006009,2,ASO
2009,0.6819837981127818,0.6490344037898456,NE006009,2,ASO
2010,0.9268049658001511,0.8883640057567266,NE006009,2,ASO
2011,0.7368515432152655,0.6929190174513525,NE006009,2,ASO
2012,1.0780166393494401,1.028592547865037,NE006009,2,ASO
2013,0.9114424484433206,0.8565267912384291,NE006009,2,ASO
2014,1.0879706522530672,1.0275634293276856,NE006009,2,ASO
2015,1.0770167116428397,1.0111179229969698,NE006009,2,ASO
2016,0.8703314882554224,0.7989411338890623,NE006009,2,ASO
2017,1.0788502323297806,1.0019683122429321,NE006009,2,ASO
2018,1.0941397129700572,1.0117662271627204,NE006009,2,ASO
2019,1.1212585237076653,1.0333934721798383,NE006009,2,ASO
2020,1.097675076732753,1.0043184594844377,NE006009,2,ASO
2021,0.471736629314843,0.3728884463460375,NE006009,2,ASO
2022,0.7371343294078954,0.6327945807186015,NE006009,2,ASO
2023,0.7755498719369972,0.665718557527215,NE006009,2,ASO
2024,1.0769850492093274,0.961662169079055,NE006009,2,ASO
2025,0.8289473920910946,0.7081329462403338,NE006009,2,ASO
2026,0.4736539539178049,0.34734794234655403,NE006009,2,ASO
1981,0.19480385699605274,0.2249908932912867,NE006009,2,SON
1982,0.5298963035929422,0.5587112018747564,NE006009,2,SON
1983,0.1789398288505912,0.2063825891189857,NE006009,2,SON
1984,0.2586715605146397,0.28474218276961444,NE006009,2,SON
1985,0.3364925411255909,0.3611910253671459,NE006009,2,SON
1986,0.3905896712528904,0.4139160174810257,NE006009,2,SON
1987,0.33883203304956744,0.360786241264283,NE006009,2,SON
1988,0.24065612143680168,0.26123819163809747,NE006009,2,SON
1989,0.3244346145738397,0.3436445467617158,NE006009,2,SON
1990,0.1074832737698018,0.12532106794425815,NE006009,2,SON
1991,-0.038903312756678854,-0.02243765659564223,NE006009,2,SON
1992,0.11914426524650373,0.13423778339412062,NE006009,2,SON
1993,0.18189354004063846,0.19561492017483562,NE006009,2,SON
1994,0.6230151671590334,0.6353644092798107,NE006009,2,SON
1995,0.3489182902294199,0.3598953943367776,NE006009,2,SON
1996,0.4175832379068147,0.42718820400075264,NE006009,2,SON
1997,0.3932151492421222,0.4014479773226404,NE006009,2,SON
1998,0.527281877795361,0.5341425678624594,NE006009,2,SON
1999,0.49629111703556117,0.50177966908924,NE006009,2,SON
2000,0.1250986197757527,0.12921503381601174,NE006009,2,SON
2001,0.34935272048567223,0.35209699651251153,NE006009,2,SON
2002,0.21863980545560452,0.22001194346902408,NE006009,2,SON
2003,0.3381610566106435,0.33816105661064333,NE006009,2,SON
2004,0.17975314896243555,0.17838101094901565,NE006009,2,SON
2005,0.3475656826381573,0.34482140661131766,NE006009,2,SON
2006,0.23636540854177562,0.23224899450151626,NE006009,2,SON
2007,0.3234689477339812,0.3179803956803021,NE006009,2,SON
2008,0.3246438044654655,0.31778311439836665,NE006009,2,SON
2009,0.17148920432699516,0.1632563762464766,NE006009,2,SON
2010,0.37566361699797635,0.36605865090403805,NE006009,2,SON
2011,0.23141130385344622,0.2204341997460882,NE006009,2,SON
2012,0.16759706250014508,0.15524782037936732,NE006009,2,SON
2013,0.16225734147503335,0.14853596134083585,NE006009,2,SON
2014,0.28571472905172574,0.2706212109041085,NE006009,2,SON
2015,0.4993142729033174,0.48284861674228047,NE006009,2,SON
2016,0.15441693265143383,0.13657913847697714,NE006009,2,SON
2017,0.22101724133091183,0.2018073091430354,NE006009,2,SON
2018,0.4157494506229258,0.39516738042162963,NE006009,2,SON
2019,0.2713066786203632,0.2493524704056473,NE006009,2,SON
2020,0.4212850037214242,0.39795865749328857,NE006009,2,SON
2021,0.15370414382080258,0.12900565957924723,NE006009,2,SON
2022,0.4048190095187983,0.3787483872638232,NE006009,2,SON
2023,0.4278087333902632,0.4003659731218684,NE006009,2,SON
2024,0.5800777318363899,0.5512628335545753,NE006009,2,SON
2025,0.3606150803516193,0.33042804405638504,NE006009,2,SON
2026,0.22838621297486061,0.1968270386662066,NE006009,2,SON
1981,1.147291386670333,1.2623333078317887,NE006003,2,JAS
1982,1.271633087156073,1.3814458300829178,NE006003,2,JAS
1983,0.8120963961594581,0.91667996085169,NE006003,2,JAS
1984,0.5683577176833204,0.6677121041409414,NE006003,2,JAS
1985,1.2580459154641515,1.3521711236871614,NE006003,2,JAS
1986,1.2402697289169657,1.329165758905363,NE006003,2,JAS
1987,0.8782569450464496,0.9619237968002358,NE006003,2,JAS
1988,1.1554809612712826,1.2339186347904578,NE006003,2,JAS
1989,1.2754263751610613,1.3486348704456237,NE006003,2,JAS
1990,0.825895745192694,0.8938750622426455,NE006003,2,JAS
1991,0.9657935697291009,1.0285437085444395,NE006003,2,JAS
1992,1.289513971217013,1.3470349317977406,NE006003,2,JAS
1993,0.8924944237839907,0.9447862061301073,NE006003,2,JAS
1994,1.2980256351132249,1.3450882392247288,NE006003,2,JAS
1995,1.2071588170057523,1.2489922428826452,NE006003,2,JAS
1996,0.9890546322013367,1.0256588798436186,NE006003,2,JAS
1997,1.1279638476322926,1.1593389170399617,NE006003,2,JAS
1998,1.3005444577853646,1.3266903489584227,NE006003,2,JAS
1999,1.5405977406686162,1.5615144536070633,NE006003,2,JAS
2000,0.8632413248972994,0.8789288596011338,NE006003,2,JAS
2001,1.4038517845998775,1.4143101410691008,NE006003,2,JAS
2002,1.07853544600161,1.0837646242362224,NE006003,2,JAS
2003,1.1660531577310596,1.166053157731059,NE006003,2,JAS
2004,0.86535123072653,0.8601220524919185,NE006003,2,JAS
2005,1.1836227304218176,1.1731643739525934,NE006003,2,JAS
2006,1.2111093586541226,1.1954218239502874,NE006003,2,JAS
2007,1.4393589201667292,1.418442207228283,NE006003,2,JAS
2008,1.1041808741118138,1.0780349829387548,NE006003,2,JAS
2009,0.7841575322499927,0.7527824628423228,NE006003,2,JAS
2010,1.3202458685167595,1.2836416208744785,NE006003,2,JAS
2011,0.8609171304963776,0.8190837046194839,NE006003,2,JAS
2012,1.455355694614227,1.4082930905027222,NE006003,2,JAS
2013,1.2180960173944755,1.1658042350483597,NE006003,2,JAS
2014,1.5707790715764958,1.5132581109957672,NE006003,2,JAS
2015,1.4132607817597256,1.350510642944386,NE006003,2,JAS
2016,1.3449669402533322,1.2769876232033799,NE006003,2,JAS
2017,1.0884873960281995,1.0152789007436362,NE006003,2,JAS
2018,1.3185244197368324,1.2400867462176581,NE006003,2,JAS
2019,1.3378565065185217,1.2541896547647347,NE006003,2,JAS
2020,1.3747778848104881,1.28588185482209,NE006003,2,JAS
2021,0.7503555684961907,0.6562303602731816,NE006003,2,JAS
2022,1.1843071259346534,1.0849527394770315,NE006003,2,JAS
2023,0.9558761600200069,0.851292595327774,NE006003,2,JAS
2024,1.5426660081440056,1.4328532652171617,NE006003,2,JAS
2025,1.2707748123839275,1.155732891222471,NE006003,2,JAS
2026,0.5172825867072086,0.397011487311141,NE006003,2,JAS
1981,0.7763548312566368,0.9324990046987834,NE006003,2,ASO
1982,1.0132108301311264,1.162257541144085,NE006003,2,ASO
1983,0.6030791097273214,0.7450283583110916,NE006003,2,ASO
1984,0.5051722737900746,0.6400240599446566,NE006003,2,ASO
1985,1.035273326359056,1.163027650084448,NE006003,2,ASO
1986,1.03216784578456,1.152824707080764,NE006003,2,ASO
1987,0.7787861808272063,0.892345579694222,NE006003,2,ASO
1988,0.9579356718971939,1.0643976083350215,NE006003,2,ASO
1989,1.182985997492269,1.2823504715009082,NE006003,2,ASO
1990,0.5313964569699883,0.6236634685494394,NE006003,2,ASO
1991,0.6815186134738023,0.7666881626240635,NE006003,2,ASO
1992,1.0806072135524538,1.1586793002735267,NE006003,2,ASO
1993,0.643769254171061,0.7147438784629458,NE006003,2,ASO
1994,1.1473326128591965,1.211209774721893,NE006003,2,ASO
1995,0.9858279257995674,1.0426076252330758,NE006003,2,ASO
1996,0.8623549978749011,0.9120372348792214,NE006003,2,ASO
1997,1.090339920914146,1.1329246954892764,NE006003,2,ASO
1998,0.9896224512161873,1.0251097633621296,NE006003,2,ASO
1999,1.4532468584530691,1.4816367081698232,NE006003,2,ASO
2000,0.630189457686537,0.6514818449741028,NE006003,2,ASO
2001,0.9630769803610033,0.9772719052193809,NE006003,2,ASO
2002,0.748468364219694,0.7555658266488834,NE006003,2,ASO
2003,1.0280021488219155,1.028002148821915,NE006003,2,ASO
2004,0.6684875693695767,0.6613901069403879,NE006003,2,ASO
2005,1.0005551277715876,0.9863602029132107,NE006003,2,ASO
2006,1.0291971163606868,1.0079047290731218,NE006003,2,ASO
2007,1.180518539902268,1.1521286901855148,NE006003,2,ASO
2008,1.0387354272779512,1.0032481151320098,NE006003,2,ASO
2009,0.7615056889169436,0.7189209143418122,NE006003,2,ASO
2010,1.065452258555891,1.0157700215515715,NE006003,2,ASO
2011,0.7454608989450353,0.6886811995115275,NE006003,2,ASO
2012,1.2682535958186905,1.2043764339559946,NE006003,2,ASO
2013,1.0555723822671252,0.9845977579752411,NE006003,2,ASO
2014,1.453627720813295,1.3755556340922226,NE006003,2,ASO
2015,1.3702819749516908,1.2851124258014286,NE006003,2,ASO
2016,1.0611032154855067,0.9688362039060562,NE006003,2,ASO
2017,0.930170927954286,0.8308064539456473,NE006003,2,ASO
2018,1.2320804237068035,1.1256184872689765,NE006003,2,ASO
2019,1.251986720325735,1.1384273214587202,NE006003,2,ASO
2020,1.2653598105818313,1.144702949285628,NE006003,2,ASO
2021,0.6119671156106745,0.4842127918852813,NE006003,2,ASO
2022,0.9739757378097774,0.839123951655196,NE006003,2,ASO
2023,0.904125986230915,0.7621767376471454,NE006003,2,ASO
2024,1.379941790216782,1.2308950792038242,NE006003,2,ASO
2025,0.977181312150977,0.8210371387088311,NE006003,2,ASO
2026,0.5892492603210078,0.42600762444967366,NE006003,2,ASO
1981,0.247367952143228,0.2711614136152097,NE006003,2,SON
1982,0.608410747925241,0.6311226884212238,NE006003,2,SON
1983,0.23364507107473548,0.25527549059471893,NE006003,2,SON
1984,0.31657097317554317,0.3371198717195273,NE006003,2,SON
1985,0.5233325501357415,0.5427999277037268,NE006003,2,SON
1986,0.6003750718404388,0.6187609284324247,NE006003,2,SON
1987,0.49166738431740487,0.5089717199333919,NE006003,2,SON
1988,0.3032620731349597,0.3194848877749473,NE006003,2,SON
1989,0.5323389579373934,0.5474802516013817,NE006003,2,SON
1990,0.10674905512523808,0.12080882781322749,NE006003,2,SON
1991,-0.047307679446285555,-0.03432942773429548,NE006003,2,SON
1992,0.22719216527487082,0.239088896010862,NE006003,2,SON
1993,0.24236272835013567,0.2531779381101275,NE006003,2,SON
1994,0.6965255257862148,0.7062592145702078,NE006003,2,SON
1995,0.4759495997519707,0.4846017675599643,NE006003,2,SON
1996,0.6080343494391338,0.6156049962711281,NE006003,2,SON
1997,0.4354418025503674,0.4419309284063628,NE006003,2,SON
1998,0.6675782724974006,0.6729858773773967,NE006003,2,SON
1999,0.6665518912075069,0.670877975111504,NE006003,2,SON
2000,0.18244527693233692,0.18568983986033472,NE006003,2,SON
2001,0.5112017468760118,0.5133647888280103,NE006003,2,SON
2002,0.3259517594633369,0.32703328043933644,NE006003,2,SON
2003,0.45223000386300133,0.45223000386300155,NE006003,2,SON
2004,0.18718605024838036,0.1861045292723817,NE006003,2,SON
2005,0.35472931860492246,0.35256627665292445,NE006003,2,SON
2006,0.2633858037931288,0.2601412408651319,NE006003,2,SON
2007,0.39222534272173865,0.3878992588177424,NE006003,2,SON
2008,0.45829119567855897,0.4528835907985634,NE006003,2,SON
2009,0.2001343361669682,0.19364521031097373,NE006003,2,SON
2010,0.4235796361216584,0.41600898928966457,NE006003,2,SON
2011,0.27359704162357484,0.2649448738155821,NE006003,2,SON
2012,0.20341621700413365,0.1936825282201416,NE006003,2,SON
2013,0.22431387823254434,0.21349866847255294,NE006003,2,SON
2014,0.4087355693204272,0.3968388385844369,NE006003,2,SON
2015,0.6310800929620176,0.618101841250028,NE006003,2,SON
2016,0.2599315318713369,0.24587175918334836,NE006003,2,SON
2017,0.2389372058771889,0.22379591221320103,NE006003,2,SON
2018,0.5880738049990752,0.5718509903590885,NE006003,2,SON
2019,0.36832612473386783,0.35102178911788173,NE006003,2,SON
2020,0.5362298102001547,0.5178439536081693,NE006003,2,SON
2021,0.19707141500590944,0.1776040374379251,NE006003,2,SON
2022,0.5437907879974214,0.5232418894534377,NE006003,2,SON
2023,0.5354353764008206,0.513804956880838,NE006003,2,SON
2024,0.680756787536777,0.6580448470407951,NE006003,2,SON
2025,0.4415734776509752,0.41778001617899396,NE006003,2,SON
2026,0.2803577752482426,0.2554827928002625,NE006003,2,SON
1981,1.1183611189093992,1.1199345718431533,NE002002,2,JAS
1982,1.3463056380758422,1.3478075704216983,NE002002,2,JAS
1983,0.9393114475446256,0.9407418593025838,NE002002,2,JAS
1984,0.5896711436528634,0.5910300348229238,NE002002,2,JAS
1985,1.2435817273106111,1.2448690978927734,NE002002,2,JAS
1986,1.003244052004664,1.0044599019989284,NE002002,2,JAS
1987,1.055548104314753,1.0566924337211194,NE002002,2,JAS
1988,1.744863479406579,1.7459362882250475,NE002002,2,JAS
1989,1.3118602306369163,1.3128615188674868,NE002002,2,JAS
1990,1.067882054906851,1.0688118225495238,NE002002,2,JAS
1991,1.0034515059201379,1.0043097529749125,NE002002,2,JAS
1992,1.3353784649987546,1.3361651914656314,NE002002,2,JAS
1993,0.815747367024626,0.816462572903605,NE002002,2,JAS
1994,1.7289189011516708,1.7295625864427517,NE002002,2,JAS
1995,1.242357868090323,1.242930032793506,NE002002,2,JAS
1996,0.9813318118512755,0.9818324559665605,NE002002,2,JAS
1997,0.8765448331566257,0.8769739566840129,NE002002,2,JAS
1998,1.4223399077713377,1.4226975107108268,NE002002,2,JAS
1999,1.5751994521137467,1.575485534465338,NE002002,2,JAS
2000,0.9793115537719079,0.9795261155356012,NE002002,2,JAS
2001,0.9762776388042811,0.9764206799800765,NE002002,2,JAS
2002,0.981786272191819,0.9818577927797166,NE002002,2,JAS
2003,1.0494294348052522,1.0494294348052517,NE002002,2,JAS
2004,0.912768146462632,0.9126966258747338,NE002002,2,JAS
2005,1.1770234659459893,1.176880424770193,NE002002,2,JAS
2006,0.8468306386688288,0.8466160769051346,NE002002,2,JAS
2007,1.0913261758130588,1.0910400934614666,NE002002,2,JAS
2008,1.0812342439421123,1.0808766410026223,NE002002,2,JAS
2009,0.9961264939333022,0.9956973704059141,NE002002,2,JAS
2010,1.518892740330162,1.518392096214876,NE002002,2,JAS
2011,0.7950818011892091,0.7945096364860254,NE002002,2,JAS
2012,0.9356553101347405,0.9350116248436586,NE002002,2,JAS
2013,0.8351809362076463,0.8344657303286667,NE002002,2,JAS
2014,1.2072153266917907,1.206428600224913,NE002002,2,JAS
2015,1.203393302138115,1.2025350550833394,NE002002,2,JAS
2016,1.2619761410190358,1.2610463733763622,NE002002,2,JAS
2017,1.053078130151202,1.0520768419206306,NE002002,2,JAS
2018,1.2690641065147619,1.2679912976962924,NE002002,2,JAS
2019,1.070794342494544,1.0696500130881768,NE002002,2,JAS
2020,1.0993370943397,1.098121244345435,NE002002,2,JAS
2021,1.2663131717091458,1.2650258011269826,NE002002,2,JAS
2022,1.2406306463593277,1.2392717551892667,NE002002,2,JAS
2023,0.8956700894092362,0.8942396776512771,NE002002,2,JAS
2024,1.7148651258264715,1.7133631934806146,NE002002,2,JAS
2025,0.9373170410923052,0.9357435881585502,NE002002,2,JAS
2026,0.5344554381274835,0.5328104646058307,NE002002,2,JAS
1981,0.5810068242464435,0.6537134855288368,NE002002,2,ASO
1982,1.2396177885800832,1.3090196016223672,NE002002,2,ASO
1983,0.64914407880191,0.7152410436040858,NE002002,2,ASO
1984,0.37950170800130645,0.44229382456337296,NE002002,2,ASO
1985,0.9916131297207661,1.0511003980427243,NE002002,2,ASO
1986,0.8022936432749496,0.8584760633567985,NE002002,2,ASO
1987,0.8387408386238944,0.891618410465635,NE002002,2,ASO
1988,1.5675451178696758,1.617117841471308,NE002002,2,ASO
1989,1.1352807037842998,1.1815485791458227,NE002002,2,ASO
1990,0.7034871882413612,0.7464502153627759,NE002002,2,ASO
1991,0.721355492310483,0.7610136711917884,NE002002,2,ASO
1992,1.1651999340257435,1.2015532646669405,NE002002,2,ASO
1993,0.6795184144439875,0.7125668968450753,NE002002,2,ASO
1994,1.5762089726126853,1.605952606773665,NE002002,2,ASO
1995,1.0375276454817888,1.0639664314026591,NE002002,2,ASO
1996,0.8011532782708021,0.824287215951564,NE002002,2,ASO
1997,0.7015725735935351,0.7214016630341877,NE002002,2,ASO
1998,1.2399086469303777,1.256432888130922,NE002002,2,ASO
1999,1.3402738170999795,1.3534932100604147,NE002002,2,ASO
2000,0.49028843479904805,0.5002029795193748,NE002002,2,ASO
2001,0.723073605973904,0.7296833024541224,NE002002,2,ASO
2002,0.7326116930104947,0.7359165412506038,NE002002,2,ASO
2003,0.8963478752469959,0.8963478752469967,NE002002,2,ASO
2004,0.7058528309674399,0.7025479827273314,NE002002,2,ASO
2005,0.9495867174786689,0.942977020998452,NE002002,2,ASO
2006,0.7192832980546491,0.709368753334323,NE002002,2,ASO
2007,0.8905207422931587,0.8773013493327243,NE002002,2,ASO
2008,0.9789876731093047,0.962463431908761,NE002002,2,ASO
2009,0.9182733028043845,0.8984442133637325,NE002002,2,ASO
2010,1.171027698038458,1.1478937603576966,NE002002,2,ASO
2011,0.7017153148745292,0.6752765289536596,NE002002,2,ASO
2012,0.821778522509831,0.792034888348853,NE002002,2,ASO
2013,0.7649802693925213,0.7319317869914341,NE002002,2,ASO
2014,1.0656605933426546,1.029307262701459,NE002002,2,ASO
2015,1.114291088469376,1.0746329095880713,NE002002,2,ASO
2016,0.8855062925699744,0.8425432654485613,NE002002,2,ASO
2017,0.8960579819384096,0.8497901065768872,NE002002,2,ASO
2018,1.2245882385810167,1.175015514979386,NE002002,2,ASO
2019,1.009183137580471,0.956305565738731,NE002002,2,ASO
2020,0.9928904581508191,0.9367080380689708,NE002002,2,ASO
2021,1.0543059719734418,0.9948187036514843,NE002002,2,ASO
2022,0.9675878129675318,0.904795696405466,NE002002,2,ASO
2023,0.8963169379813144,0.8302199731791393,NE002002,2,ASO
2024,1.637797039359366,1.5683952263170826,NE002002,2,ASO
2025,0.7055054371618283,0.6327987758794366,NE002002,2,ASO
2026,0.4521871879013805,0.37617567837887955,NE002002,2,ASO
1981,0.23815860775610753,0.2335477024088643,NE002002,2,SON
1982,0.22592290660549325,0.22152158786494286,NE002002,2,SON
1983,0.14840349850431162,0.14421176637045413,NE002002,2,SON
1984,0.1778053932217705,0.17382324769460586,NE002002,2,SON
1985,0.4470639171574853,0.44329135823701354,NE002002,2,SON
1986,0.36166731850523093,0.3581043461914521,NE002002,2,SON
1987,0.3977748465953577,0.39442146088827174,NE002002,2,SON
1988,0.37719985706555637,0.3740560579651633,NE002002,2,SON
1989,0.526809007643221,0.5238747951495208,NE002002,2,SON
1990,0.23406637997817226,0.23134175409116492,NE002002,2,SON
1991,0.16042025019903328,0.15790521091871879,NE002002,2,SON
1992,0.5428345098827663,0.5405290572091447,NE002002,2,SON
1993,0.29907622025269903,0.2969803541857703,NE002002,2,SON
1994,0.8808667117898727,0.878980432329637,NE002002,2,SON
1995,0.2944551891072165,0.2927784962536736,NE002002,2,SON
1996,0.5001018558685423,0.4986347496216922,NE002002,2,SON
1997,0.23986195008271066,0.23860443044255347,NE002002,2,SON
1998,0.6740313254833341,0.6729833924498698,NE002002,2,SON
1999,0.5470956027466543,0.5462572563198829,NE002002,2,SON
2000,0.113009276128826,0.1123805163087474,NE002002,2,SON
2001,0.4384044008744451,0.4379852276610594,NE002002,2,SON
2002,0.2706965328659543,0.27048694625926145,NE002002,2,SON
2003,0.3888063840294501,0.38880638402945017,NE002002,2,SON
2004,0.13133292829604076,0.13154251490273372,NE002002,2,SON
2005,0.2943274810357303,0.2947466542491161,NE002002,2,SON
2006,0.31701146275240033,0.31764022257247904,NE002002,2,SON
2007,0.33248956797577145,0.333327914402543,NE002002,2,SON
2008,0.3675707591911325,0.368618692224597,NE002002,2,SON
2009,0.2380073328719603,0.2392648525121176,NE002002,2,SON
2010,0.3813238202250483,0.3827909264718985,NE002002,2,SON
2011,0.2519788051278562,0.25365549798139925,NE002002,2,SON
2012,0.08001633436856542,0.08190261382880137,NE002002,2,SON
2013,0.2703174248657693,0.27241329093269817,NE002002,2,SON
2014,0.43574538213672953,0.43805083481035123,NE002002,2,SON
2015,0.43200399653084587,0.43451903581116047,NE002002,2,SON
2016,0.25970227442314253,0.26242690031015,NE002002,2,SON
2017,0.11336634194933404,0.11630055444303439,NE002002,2,SON
2018,0.4408844398867211,0.4440282389871143,NE002002,2,SON
2019,0.35252728265067784,0.35588066835776394,NE002002,2,SON
2020,0.28015812004563195,0.2837210923594109,NE002002,2,SON
2021,0.15252858211652034,0.1563011410369922,NE002002,2,SON
2022,0.4089257972603913,0.41290794278755605,NE002002,2,SON
2023,0.2843917875312062,0.2885835196650638,NE002002,2,SON
2024,0.6668179218311354,0.6712192405716859,NE002002,2,SON
2025,0.3633015138870056,0.36791241923424894,NE002002,2,SON
2026,0.25793553738337005,0.2627560293373063,NE002002,2,SON
1981,1.3305855567731297,1.4136967076411824,NE006013,2,JAS
1982,1.4159198010171183,1.4952531723002593,NE006013,2,JAS
1983,1.0587954016803218,1.1343509933785512,NE006013,2,JAS
1984,0.883970827018994,0.9557486391323126,NE006013,2,JAS
1985,1.53480155659442,1.6028015891228269,NE006013,2,JAS
1986,1.7092078070706676,1.7734300600141628,NE006013,2,JAS
1987,1.2320072091057228,1.2924516824643064,NE006013,2,JAS
1988,1.4892817682320016,1.5459484620056745,NE006013,2,JAS
1989,1.6715990118738846,1.7244879260626458,NE006013,2,JAS
1990,1.1195930336673223,1.1687041682711719,NE006013,2,JAS
1991,1.1675551889256888,1.2128885439446275,NE006013,2,JAS
1992,1.305098575180836,1.346654150614863,NE006013,2,JAS
1993,1.1885861786369512,1.2263639744860666,NE006013,2,JAS
1994,1.6645017756724119,1.6985017919366157,NE006013,2,JAS
1995,1.5919414579723288,1.6221636946516218,NE006013,2,JAS
1996,1.261213780363498,1.2876582374578793,NE006013,2,JAS
1997,1.1411321699598713,1.163798847469341,NE006013,2,JAS
1998,1.514796957592109,1.533685855516668,NE006013,2,JAS
1999,1.6976560892988717,1.712767207638519,NE006013,2,JAS
2000,1.4441045647118183,1.4554379034665539,NE006013,2,JAS
2001,1.494048931997319,1.5016044911671438,NE006013,2,JAS
2002,1.3895878115773235,1.3933655911622367,NE006013,2,JAS
2003,1.5190862623341246,1.5190862623341261,NE006013,2,JAS
2004,1.1430157299444383,1.1392379503595282,NE006013,2,JAS
2005,1.3996692613624406,1.3921137021926198,NE006013,2,JAS
2006,1.3134404061268834,1.3021070673721509,NE006013,2,JAS
2007,1.3593104093955783,1.3441992910559342,NE006013,2,JAS
2008,1.2786307777255963,1.2597418798010414,NE006013,2,JAS
2009,1.0867661674536402,1.0640994899441736,NE006013,2,JAS
2010,1.5742674207050327,1.5478229636106544,NE006013,2,JAS
2011,1.161752164935312,1.131529928256022,NE006013,2,JAS
2012,1.5603955452284726,1.5263955289642719,NE006013,2,JAS
2013,1.3030955982649663,1.265317802415854,NE006013,2,JAS
2014,1.4517788153723141,1.4102232399382901,NE006013,2,JAS
2015,1.5803811004181871,1.5350477453992524,NE006013,2,JAS
2016,1.5605344788820465,1.5114233442782001,NE006013,2,JAS
2017,1.3791566115439509,1.3262676973551928,NE006013,2,JAS
2018,1.513184580883655,1.4565178871099853,NE006013,2,JAS
2019,1.4467135788505885,1.386269105492008,NE006013,2,JAS
2020,1.6223180129602084,1.5580957600167162,NE006013,2,JAS
2021,1.2548121283933957,1.186812095864992,NE006013,2,JAS
2022,1.5300895897711375,1.458311777657823,NE006013,2,JAS
2023,1.3744543303034686,1.2988987386052424,NE006013,2,JAS
2024,1.6832413193987306,1.6039079481155927,NE006013,2,JAS
2025,1.4995649981179604,1.4164538472499109,NE006013,2,JAS
2026,0.8234667619297894,0.7365778314768291,NE006013,2,JAS
1981,1.0120851720271113,1.1474667379798624,NE006013,2,ASO
1982,1.1739094662744423,1.3031373246838864,NE006013,2,ASO
1983,0.8608827692723825,0.9839569201385198,NE006013,2,ASO
1984,0.7327889872050333,0.8497094305278636,NE006013,2,ASO
1985,1.3069661556031373,1.4177328913826608,NE006013,2,ASO
1986,1.2876136449185709,1.3922266731547874,NE006013,2,ASO
1987,1.0693700783562943,1.167829399049204,NE006013,2,ASO
1988,1.2223074366139215,1.3146130497635242,NE006013,2,ASO
1989,1.4631464679425652,1.549298373548861,NE006013,2,ASO
1990,0.7665974888468542,0.8465956869098431,NE006013,2,ASO
1991,0.8404879331785446,0.9143324236982266,NE006013,2,ASO
1992,0.9233598362405667,0.9910506192169418,NE006013,2,ASO
1993,0.9377621021826335,0.9992991776157016,NE006013,2,ASO
1994,1.4576299201869438,1.513013288076705,NE006013,2,ASO
1995,1.4411116686865726,1.490341329033027,NE006013,2,ASO
1996,1.1229733082878344,1.1660492610909818,NE006013,2,ASO
1997,1.1332191916308012,1.1701414368906435,NE006013,2,ASO
1998,1.243388881388566,1.2741574191051015,NE006013,2,ASO
1999,1.558969688051892,1.5835845182251205,NE006013,2,ASO
2000,1.0900261185578515,1.108487241187773,NE006013,2,ASO
2001,1.25271804234112,1.2650254574277346,NE006013,2,ASO
2002,1.167427727134534,1.1735814346778417,NE006013,2,ASO
2003,1.3809146818800107,1.3809146818800115,NE006013,2,ASO
2004,0.9223228291525812,0.9161691216092752,NE006013,2,ASO
2005,1.2278743543334854,1.2155669392468724,NE006013,2,ASO
2006,1.080794471701856,1.0623333490719362,NE006013,2,ASO
2007,1.1367811510349346,1.1121663208617079,NE006013,2,ASO
2008,1.103473750475618,1.0727052127590844,NE006013,2,ASO
2009,0.9941632135012767,0.9572409682414361,NE006013,2,ASO
2010,1.4471033029264826,1.4040273501233351,NE006013,2,ASO
2011,1.090439255945003,1.0412095955985485,NE006013,2,ASO
2012,1.2608637517647465,1.2054803838749852,NE006013,2,ASO
2013,1.218257840567346,1.156720765134278,NE006013,2,ASO
2014,1.3020512584174293,1.2343604754410542,NE006013,2,ASO
2015,1.4829836861942092,1.4091391956745272,NE006013,2,ASO
2016,1.252806090453726,1.172807892390737,NE006013,2,ASO
2017,1.1781689176629146,1.0920170120566188,NE006013,2,ASO
2018,1.4477916168985443,1.3554860037489416,NE006013,2,ASO
2019,1.3114483495469547,1.212989028854045,NE006013,2,ASO
2020,1.4529211224391771,1.3483080942029606,NE006013,2,ASO
2021,1.0696161064323835,0.95884937065286,NE006013,2,ASO
2022,1.3799400284209313,1.263019585098101,NE006013,2,ASO
2023,1.2731174070149152,1.150043256148778,NE006013,2,ASO
2024,1.3844279591206612,1.255200100711217,NE006013,2,ASO
2025,1.2299364288526218,1.0945548628998707,NE006013,2,ASO
2026,0.8467786754297338,0.7052434019336759,NE006013,2,ASO
1981,0.4529146426453784,0.5200863677317167,NE006013,2,SON
1982,0.6503781382053656,0.7144966030605069,NE006013,2,SON
1983,0.3454406675945225,0.4065058722184668,NE006013,2,SON
1984,0.4387449072822552,0.49675685167500155,NE006013,2,SON
1985,0.6680119043887087,0.7229705885502581,NE006013,2,SON
1986,0.7597207423506007,0.8116261662809531,NE006013,2,SON
1987,0.7160860084300971,0.7649381721292524,NE006013,2,SON
1988,0.5151449232424563,0.5609438267104147,NE006013,2,SON
1989,0.7809403617473213,0.8236860049840817,NE006013,2,SON
1990,0.2641077247933702,0.3038001077989336,NE006013,2,SON
1991,0.03901680815431363,0.07565593092868006,NE006013,2,SON
1992,0.3305888224596194,0.3641746850027888,NE006013,2,SON
1993,0.43727066964109995,0.46780327195307236,NE006013,2,SON
1994,0.8876707663222376,0.9151501084030121,NE006013,2,SON
1995,0.7489418647042887,0.7733679465538662,NE006013,2,SON
1996,0.7205806613959108,0.7419534830142913,NE006013,2,SON
1997,0.5999540411019537,0.6182736024891372,NE006013,2,SON
1998,0.8009997320691031,0.8162660332250896,NE006013,2,SON
1999,0.8265768052955758,0.8387898462203643,NE006013,2,SON
2000,0.3315977628430538,0.3407575435366454,NE006013,2,SON
2001,0.7277267098613391,0.7338332303237337,NE006013,2,SON
2002,0.6705066187637025,0.6735598789949001,NE006013,2,SON
2003,0.6223307576013841,0.6223307576013847,NE006013,2,SON
2004,0.3348886145399543,0.33183535430875694,NE006013,2,SON
2005,0.6135218472736831,0.6074153268112887,NE006013,2,SON
2006,0.4197312925358064,0.410571511842215,NE006013,2,SON
2007,0.49647206226977714,0.48425902134498877,NE006013,2,SON
2008,0.6802088224710995,0.6649425213151141,NE006013,2,SON
2009,0.49633729842927143,0.47801773704208905,NE006013,2,SON
2010,0.6397536698950952,0.6183808482767149,NE006013,2,SON
2011,0.445994465138509,0.4215683832889317,NE006013,2,SON
2012,0.36404514285748835,0.33656580077671405,NE006013,2,SON
2013,0.44334973440607073,0.4128171320940994,NE006013,2,SON
2014,0.6584388450193521,0.6248529824761838,NE006013,2,SON
2015,0.8398274563543833,0.8031883335800171,NE006013,2,SON
2016,0.5036689131247829,0.4639765301192197,NE006013,2,SON
2017,0.449946213935633,0.4072005706988728,NE006013,2,SON
2018,0.8308679423841581,0.7850690389162008,NE006013,2,SON
2019,0.6417067349366682,0.592854571237514,NE006013,2,SON
2020,0.7836117802302672,0.7317063562999151,NE006013,2,SON
2021,0.22155831251869762,0.16659962835714848,NE006013,2,SON
2022,0.7710097234523668,0.7129977790596207,NE006013,2,SON
2023,0.835994257992982,0.7749290533690388,NE006013,2,SON
2024,0.8824164237962717,0.8182979589411316,NE006013,2,SON
2025,0.6825524495619304,0.6153807244755923,NE006013,2,SON
2026,0.3806188878806872,0.31039390256315214,NE006013,2,SON
1981,1.2545921910914697,1.3931540988469442,NE005007,2,JAS
1982,1.2999539176202375,1.432217556841373,NE005007,2,JAS
1983,1.0083448416684835,1.1343102123552784,NE005007,2,JAS
1984,0.7097656075236376,0.8294327096760936,NE005007,2,JAS
1985,1.2643306621403239,1.3776994957584392,NE005007,2,JAS
1986,1.1690792948272304,1.2761498599110068,NE005007,2,JAS
1987,1.1198590028758755,1.220631299425313,NE005007,2,JAS
1988,1.2636931139843353,1.3581671419994321,NE005007,2,JAS
1989,1.3080733362771637,1.3962490957579217,NE005007,2,JAS
1990,0.9502704370315083,1.0321479279779255,NE005007,2,JAS
1991,0.8790772779551571,0.9546565003672355,NE005007,2,JAS
1992,1.2167959136050288,1.2860768674827683,NE005007,2,JAS
1993,1.0016366550557738,1.0646193403991726,NE005007,2,JAS
1994,1.3684527093941456,1.4251371262032055,NE005007,2,JAS
1995,1.0750181281971205,1.1254042764718397,NE005007,2,JAS
1996,1.0539320078192385,1.0980198875596188,NE005007,2,JAS
1997,1.032002101696849,1.0697917129028904,NE005007,2,JAS
1998,1.4297612947839524,1.4612526374556531,NE005007,2,JAS
1999,1.8361448391017614,1.8613379132391232,NE005007,2,JAS
2000,1.1035495106208553,1.1224443162238764,NE005007,2,JAS
2001,1.3052332942435059,1.3178298313121881,NE005007,2,JAS
2002,1.097371465397664,1.1036697339320074,NE005007,2,JAS
2003,1.1260560719949426,1.1260560719949453,NE005007,2,JAS
2004,1.0405248612110614,1.0342265926767251,NE005007,2,JAS
2005,1.0950262451781205,1.0824297081094436,NE005007,2,JAS
2006,1.1267238415520264,1.1078290359490106,NE005007,2,JAS
2007,1.277218625059259,1.2520255509219025,NE005007,2,JAS
2008,1.174269296711697,1.1427779540400016,NE005007,2,JAS
2009,0.8791781011569829,0.8413884899509486,NE005007,2,JAS
2010,1.4465290092184293,1.4024411294780543,NE005007,2,JAS
2011,1.2151956055653723,1.1648094572906584,NE005007,2,JAS
2012,1.2216148663873774,1.1649304495783228,NE005007,2,JAS
2013,1.228097802636173,1.1651151172927796,NE005007,2,JAS
2014,1.3807891152661997,1.3115081613884674,NE005007,2,JAS
2015,1.3264820733987785,1.2509028509867055,NE005007,2,JAS
2016,1.3633348348388272,1.2814573438924153,NE005007,2,JAS
2017,1.1121426128734764,1.0239668533927238,NE005007,2,JAS
2018,1.276315502426957,1.1818414744118655,NE005007,2,JAS
2019,1.4888617067693817,1.3880894102199512,NE005007,2,JAS
2020,1.7186712701168734,1.6116007050331023,NE005007,2,JAS
2021,0.9547242712111952,0.8413554375930852,NE005007,2,JAS
2022,1.4120734962083978,1.2924063940559471,NE005007,2,JAS
2023,0.9114782379808988,0.7855128672941092,NE005007,2,JAS
2024,2.1695212818045766,2.037257642583448,NE005007,2,JAS
2025,1.1863415146707261,1.047779606915257,NE005007,2,JAS
2026,0.4791135926472212,0.3342534163574131,NE005007,2,JAS
1981,0.7969355140526444,0.9732642953515775,NE005007,2,ASO
1982,1.105152123400324,1.2734659600947602,NE005007,2,ASO
1983,0.7108824838231409,0.87118137591308,NE005007,2,ASO
1984,0.5871917177719318,0.7394756652573738,NE005007,2,ASO
1985,1.0586413129500452,1.202910315830992,NE005007,2,ASO
1986,0.9425173155128218,1.0787713737892717,NE005007,2,ASO
1987,0.9463306756371224,1.074569789309075,NE005007,2,ASO
1988,1.0806805665102959,1.2009047355777516,NE005007,2,ASO
1989,1.159580346714037,1.2717895711769958,NE005007,2,ASO
1990,0.5664348533916135,0.6706291332500751,NE005007,2,ASO
1991,0.7108073519377914,0.806986687191756,NE005007,2,ASO
1992,0.9292081200118453,1.0173725106613127,NE005007,2,ASO
1993,0.753956923281474,0.8341063693264446,NE005007,2,ASO
1994,1.2378934951609344,1.310027996601408,NE005007,2,ASO
1995,0.8725356700895206,0.9366552269254971,NE005007,2,ASO
1996,0.8633270347773432,0.9194316470088226,NE005007,2,ASO
1997,0.9246037339973462,0.9726934016243304,NE005007,2,ASO
1998,1.2573037246274614,1.2973784476499486,NE005007,2,ASO
1999,1.6880657638423382,1.7201255422603283,NE005007,2,ASO
2000,0.7360983841520622,0.7601432179655553,NE005007,2,ASO
2001,0.9044051111995322,0.9204350004085282,NE005007,2,ASO
2002,0.7748270615240014,0.7828420061285004,NE005007,2,ASO
2003,0.9346105577375577,0.9346105577375597,NE005007,2,ASO
2004,0.8636393155676129,0.8556243709631178,NE005007,2,ASO
2005,0.8646908722502857,0.8486609830412937,NE005007,2,ASO
2006,0.9362125647118991,0.91216773089841,NE005007,2,ASO
2007,1.0747922971827997,1.0427325187648135,NE005007,2,ASO
2008,1.0495779558828096,1.0095032328603264,NE005007,2,ASO
2009,0.7937668197391068,0.7456771521121266,NE005007,2,ASO
2010,1.216561561475082,1.1604569492436048,NE005007,2,ASO
2011,1.080757225690394,1.0166376688544196,NE005007,2,ASO
2012,1.0441328485727255,0.9719983471322542,NE005007,2,ASO
2013,1.1212715323914246,1.0411220863464563,NE005007,2,ASO
2014,1.191688419379368,1.1035240287299062,NE005007,2,ASO
2015,1.1550197439018315,1.0588404086478727,NE005007,2,ASO
2016,1.0049012250799998,0.9007069452215439,NE005007,2,ASO
2017,0.8573607273095539,0.745151502846601,NE005007,2,ASO
2018,1.1483909921313114,1.0281668230638614,NE005007,2,ASO
2019,1.3761261976547692,1.2478870839828222,NE005007,2,ASO
2020,1.5372121895884883,1.4009581313120443,NE005007,2,ASO
2021,0.5952068586205153,0.45093785573957423,NE005007,2,ASO
2022,1.2021125324688975,1.0498285849834594,NE005007,2,ASO
2023,0.8771169264267366,0.7168180343368015,NE005007,2,ASO
2024,2.101174750635866,1.9328609139414337,NE005007,2,ASO
2025,0.9406116933531099,0.7642829120541808,NE005007,2,ASO
2026,0.5466425460298443,0.3622988201264181,NE005007,2,ASO
1981,0.2883573075011537,0.32015651260967176,NE005007,2,SON
1982,0.7253272382751701,0.7556810249696648,NE005007,2,SON
1983,0.2601322184987872,0.28904058677925815,NE005007,2,SON
1984,0.2919580749411361,0.3194210248075837,NE005007,2,SON
1985,0.5835041486330823,0.6095216800855066,NE005007,2,SON
1986,0.6201162943635841,0.6446884074019845,NE005007,2,SON
1987,0.4009696123638399,0.424096306988217,NE005007,2,SON
1988,0.33525867668166537,0.3569399528920187,NE005007,2,SON
1989,0.5789249394349263,0.5991607972312563,NE005007,2,SON
1990,0.15164157282826035,0.17043201221056653,NE005007,2,SON
1991,-0.01852795234777188,-0.0011829313794890495,NE005007,2,SON
1992,0.3752792295651397,0.39117883211939874,NE005007,2,SON
1993,0.24460542096546284,0.25905960510569853,NE005007,2,SON
1994,0.894198070294163,0.9072068360203749,NE005007,2,SON
1995,0.39188613231298064,0.4034494796251692,NE005007,2,SON
1996,0.5276382665291103,0.5377561954272755,NE005007,2,SON
1997,0.4292380705076193,0.4379105809917607,NE005007,2,SON
1998,0.8423341105077062,0.8495612025778243,NE005007,2,SON
1999,0.846298541601161,0.8520802152572553,NE005007,2,SON
2000,0.12586911567939324,0.13020537092146417,NE005007,2,SON
2001,0.514011297131502,0.5169021339595491,NE005007,2,SON
2002,0.3358001505519953,0.3372455689660191,NE005007,2,SON
2003,0.4690152100032315,0.4690152100032315,NE005007,2,SON
2004,0.24171413314104825,0.2402687147270249,NE005007,2,SON
2005,0.4028233017985303,0.3999324649704832,NE005007,2,SON
2006,0.49115740877501685,0.48682115353294636,NE005007,2,SON
2007,0.4291301567165367,0.42334848306044287,NE005007,2,SON
2008,0.5797588244736585,0.5725317324035408,NE005007,2,SON
2009,0.23853449275559363,0.22986198227145266,NE005007,2,SON
2010,0.6470508518490139,0.6369329229508491,NE005007,2,SON
2011,0.32540820575863083,0.3138448584464427,NE005007,2,SON
2012,0.1739148648817191,0.1609060991555072,NE005007,2,SON
2013,0.3275434294090251,0.31308924526878984,NE005007,2,SON
2014,0.5325208761276452,0.5166212735733862,NE005007,2,SON
2015,0.6266959008437849,0.6093508798755025,NE005007,2,SON
2016,0.36024538652323035,0.34145494714092417,NE005007,2,SON
2017,0.10572422798320985,0.08548837018688032,NE005007,2,SON
2018,0.5917041564477794,0.5700228802374265,NE005007,2,SON
2019,0.44334499781155,0.42021830318717335,NE005007,2,SON
2020,0.5221814780866766,0.4976093650482766,NE005007,2,SON
2021,0.24296721796472176,0.21694968651229796,NE005007,2,SON
2022,0.551451706872554,0.5239887570061068,NE005007,2,SON
2023,0.42656799352796193,0.397659625247491,NE005007,2,SON
2024,0.8798997327178497,0.8495459460233554,NE005007,2,SON
2025,0.5552466626480305,0.5234474575395124,NE005007,2,SON
2026,0.27440040032326407,0.24115577680072264,NE005007,2,SON
1981,0.9423003106836445,1.0505418624617904,NE006001,2,JAS
1982,0.9898538626480687,1.0931753438908447,NE006001,2,JAS
1983,0.5575178002252708,0.655919210932677,NE006001,2,JAS
1984,0.4021323904009238,0.49561373057296026,NE006001,2,JAS
1985,0.8783112307833825,0.9668725004200474,NE006001,2,JAS
1986,0.8242648732248832,0.9079060723261783,NE006001,2,JAS
1987,0.7105870573242027,0.789308185890128,NE006001,2,JAS
1988,0.9424874745506399,1.0162885325811954,NE006001,2,JAS
1989,0.9056167976609686,0.9744977851561525,NE006001,2,JAS
1990,0.6060941567954464,0.6700550737552605,NE006001,2,JAS
1991,0.797359855350549,0.8564007017749933,NE006001,2,JAS
1992,0.6904708769729188,0.7445916528619932,NE006001,2,JAS
1993,0.6532064252687587,0.7024071306224634,NE006001,2,JAS
1994,1.0319033256326626,1.0761839604509957,NE006001,2,JAS
1995,0.799834852063708,0.8391954163466713,NE006001,2,JAS
1996,0.602816466574615,0.6372569603222085,NE006001,2,JAS
1997,0.7339451749362886,0.7634655981485123,NE006001,2,JAS
1998,1.0823773923893851,1.1069777450662373,NE006001,2,JAS
1999,1.4539744992624994,1.4736547814039818,NE006001,2,JAS
2000,0.5983306688391586,0.6130908804452712,NE006001,2,JAS
2001,0.9011351537558202,0.9109752948265629,NE006001,2,JAS
2002,0.7251048144913028,0.730024885026674,NE006001,2,JAS
2003,0.792134144005792,0.7921341440057933,NE006001,2,JAS
2004,0.6487807908609813,0.6438607203256128,NE006001,2,JAS
2005,0.9877476400999379,0.9779074990291996,NE006001,2,JAS
2006,0.7256726085962522,0.7109123969901423,NE006001,2,JAS
2007,1.2318858244015944,1.2122055422601148,NE006001,2,JAS
2008,0.7366926347727978,0.7120922820959483,NE006001,2,JAS
2009,0.4479515280041849,0.41843110479196566,NE006001,2,JAS
2010,1.1184006590239843,1.0839601652763935,NE006001,2,JAS
2011,1.0438497318797895,1.0044891675968288,NE006001,2,JAS
2012,0.8850815642367034,0.8408009294183729,NE006001,2,JAS
2013,0.8440500442546103,0.79484933890091,NE006001,2,JAS
2014,1.18466332629676,1.1305425504076883,NE006001,2,JAS
2015,1.133504789688258,1.0744639432638163,NE006001,2,JAS
2016,1.1193518162493072,1.0553908992894958,NE006001,2,JAS
2017,0.9283410518734081,0.8594600643782269,NE006001,2,JAS
2018,1.1156121383130115,1.0418110802824587,NE006001,2,JAS
2019,1.2498566202317138,1.1711354916657912,NE006001,2,JAS
2020,1.1761227132987098,1.0924815141974173,NE006001,2,JAS
2021,0.40482862647434703,0.3162673568376848,NE006001,2,JAS
2022,0.8269135821364132,0.7334322419643794,NE006001,2,JAS
2023,0.6029046525986312,0.5045032418912276,NE006001,2,JAS
2024,1.2283414824920516,1.1250200012492781,NE006001,2,JAS
2025,0.7567392143644787,0.6484976625863355,NE006001,2,JAS
2026,0.41500424915052014,0.30184262683700536,NE006001,2,JAS
1981,0.5009862935033025,0.6667579634059176,NE006001,2,ASO
1982,0.8336531559356948,0.9918897499336453,NE006001,2,ASO
1983,0.31273320957845036,0.46343472767173804,NE006001,2,ASO
1984,0.2864753466563904,0.4296417888450135,NE006001,2,ASO
1985,0.7049809998437093,0.8406123661276678,NE006001,2,ASO
1986,0.6641935361758888,0.7922898265551827,NE006001,2,ASO
1987,0.6347303817827891,0.7552915962574183,NE006001,2,ASO
1988,0.7841995708302479,0.8972257094002125,NE006001,2,ASO
1989,0.81579560396505,0.9212866666303517,NE006001,2,ASO
1990,0.26262052288539434,0.36057650964603144,NE006001,2,ASO
1991,0.5048239624363994,0.5952448732923719,NE006001,2,ASO
1992,0.5068003786515893,0.5896862136028972,NE006001,2,ASO
1993,0.400285000401667,0.4756357594483102,NE006001,2,ASO
1994,0.9035690932953923,0.9713847764373726,NE006001,2,ASO
1995,0.6029049643315091,0.6631855715688248,NE006001,2,ASO
1996,0.4665682380908658,0.5193137694235169,NE006001,2,ASO
1997,0.7327419503238211,0.7779524057518076,NE006001,2,ASO
1998,0.828884965687821,0.8665603452111429,NE006001,2,ASO
1999,1.327632876540621,1.357773180159278,NE006001,2,ASO
2000,0.38757736847910673,0.41018259619310116,NE006001,2,ASO
2001,0.6801328873789986,0.6952030391883284,NE006001,2,ASO
2002,0.4873972700498487,0.49493234595451385,NE006001,2,ASO
2003,0.6468754630443923,0.6468754630443928,NE006001,2,ASO
2004,0.4819667120565444,0.47443163615188033,NE006001,2,ASO
2005,0.8173077385367741,0.8022375867274454,NE006001,2,ASO
2006,0.6091626016898737,0.5865573739758821,NE006001,2,ASO
2007,1.0721428322470714,1.0420025286284154,NE006001,2,ASO
2008,0.6246875123958253,0.5870121328725045,NE006001,2,ASO
2009,0.4216623393975041,0.3764518839695187,NE006001,2,ASO
2010,0.8537134250740659,0.8009678937414159,NE006001,2,ASO
2011,0.9636093593438135,0.9033287521064989,NE006001,2,ASO
2012,0.6869310959606758,0.6191154128186983,NE006001,2,ASO
2013,0.7400591371035905,0.6647083780569484,NE006001,2,ASO
2014,1.1174985956015149,1.0346127606502082,NE006001,2,ASO
2015,1.0347110087606821,0.9442900979047107,NE006001,2,ASO
2016,0.9340892406916698,0.8361332539310338,NE006001,2,ASO
2017,0.7449335651852828,0.6394425025199839,NE006001,2,ASO
2018,1.029718583701393,0.9166924451314294,NE006001,2,ASO
2019,1.1708369749987397,1.0502757605241118,NE006001,2,ASO
2020,1.0701499916699688,0.9420537012906761,NE006001,2,ASO
2021,0.2836588699818234,0.1480275036978661,NE006001,2,ASO
2022,0.7121587773166845,0.5689923351280626,NE006001,2,ASO
2023,0.5522322439393574,0.40153072584607263,NE006001,2,ASO
2024,1.1549431179235283,0.9967065239255789,NE006001,2,ASO
2025,0.5513030493592398,0.38553137945662574,NE006001,2,ASO
2026,0.35266234256406115,0.17935559675678248,NE006001,2,ASO
1981,0.14768687244700143,0.18729293612615722,NE006001,2,SON
1982,0.41274523642791905,0.45055102448529494,NE006001,2,SON
1983,0.08271980622580158,0.11872531866139763,NE006001,2,SON
1984,0.14234813283613518,0.17655336964995136,NE006001,2,SON
1985,0.2863224021113986,0.3187273633034349,NE006001,2,SON
1986,0.3400087528007575,0.37061343837101435,NE006001,2,SON
1987,0.2752406346229909,0.30404504457146797,NE006001,2,SON
1988,0.1868563487149052,0.21386048304160235,NE006001,2,SON
1989,0.21412378108510854,0.23932763979002583,NE006001,2,SON
1990,0.030000810794609423,0.05340439387774684,NE006001,2,SON
1991,-0.06799629609848681,-0.046392988637129234,NE006001,2,SON
1992,0.0009705352193103978,0.020773567058888526,NE006001,2,SON
1993,0.13271629938055635,0.1507190555983546,NE006001,2,SON
1994,0.6186143644277956,0.634816845023814,NE006001,2,SON
1995,0.2635670662597287,0.2779692712339672,NE006001,2,SON
1996,0.32076676568865864,0.3333686950411173,NE006001,2,SON
1997,0.28990026074612957,0.30070191447680883,NE006001,2,SON
1998,0.5122899819056302,0.5212913600145296,NE006001,2,SON
1999,0.4500501143338035,0.45725121682092296,NE006001,2,SON
2000,0.04750976699190165,0.052910593857241284,NE006001,2,SON
2001,0.2651559169929894,0.2687564682365492,NE006001,2,SON
2002,0.129061215701633,0.1308614913234129,NE006001,2,SON
2003,0.2559556870197018,0.2559556870197023,NE006001,2,SON
2004,0.09146233145734065,0.08966205583556125,NE006001,2,SON
2005,0.2777757313827195,0.2741751801391602,NE006001,2,SON
2006,0.2541939834735992,0.2487931566082601,NE006001,2,SON
2007,0.2547814808887938,0.24758037840167482,NE006001,2,SON
2008,0.28517165266637295,0.27617027455747456,NE006001,2,SON
2009,0.13360208621225056,0.12280043248157227,NE006001,2,SON
2010,0.3635928009659927,0.3509908716135346,NE006001,2,SON
2011,0.15674482695532832,0.1423426219810903,NE006001,2,SON
2012,0.11249780305428034,0.09629532245826244,NE006001,2,SON
2013,0.10469655680521989,0.08669380058742257,NE006001,2,SON
2014,0.26391834400950065,0.24411531216992347,NE006001,2,SON
2015,0.47317031679592886,0.45156700933457183,NE006001,2,SON
2016,0.0988517620437398,0.07544817896060288,NE006001,2,SON
2017,0.1102024537076779,0.08499859500276111,NE006001,2,SON
2018,0.3482080338443479,0.32120389951765127,NE006001,2,SON
2019,0.22869109953680716,0.19988668958833108,NE006001,2,SON
2020,0.34014474472878037,0.30954005915852445,NE006001,2,SON
2021,0.07139417174356347,0.03898921055152765,NE006001,2,SON
2022,0.3084285298986718,0.27422329308485616,NE006001,2,SON
2023,0.2742583433567527,0.23825283092115715,NE006001,2,SON
2024,0.6467950342157193,0.6089892461583443,NE006001,2,SON
2025,0.2733176197955528,0.23371155611639796,NE006001,2,SON
2026,0.17108706071915442,0.1296807214182197,NE006001,2,SON
1981,0.19376179347907058,0.19895437148609574,NE002005,2,JAS
1982,0.272075927076126,0.2770324788101045,NE002005,2,JAS
1983,0.130412471777633,0.13513299723856498,NE002005,2,JAS
1984,0.06432955582217573,0.06881405501006108,NE002005,2,JAS
1985,0.32803698999119285,0.33228546290603156,NE002005,2,JAS
1986,0.2163748171037797,0.22038726374557188,NE002005,2,JAS
1987,0.2732923940317907,0.2770688144005362,NE002005,2,JAS
1988,0.651678113829276,0.655218507924975,NE002005,2,JAS
1989,0.4516839055737033,0.45498827339635567,NE002005,2,JAS
1990,0.23891339987763383,0.24198174142723966,NE002005,2,JAS
1991,0.3055549427263445,0.3083872580029037,NE002005,2,JAS
1992,0.34003303355762216,0.3426293225611347,NE002005,2,JAS
1993,0.12196722802033605,0.12432749075080207,NE002005,2,JAS
1994,0.6085897524251465,0.6107139888825659,NE002005,2,JAS
1995,0.3279125769342105,0.32980078711858335,NE002005,2,JAS
1996,0.21265835466381539,0.2143105385751416,NE002005,2,JAS
1997,0.2946784024237168,0.29609456006199636,NE002005,2,JAS
1998,0.523170683588333,0.5243508149535661,NE002005,2,JAS
1999,0.6666288777154789,0.6675729828076653,NE002005,2,JAS
2000,0.2341289445308399,0.23483702334997977,NE002005,2,JAS
2001,0.18909069168808426,0.1895627442341775,NE002005,2,JAS
2002,0.23061592125807606,0.23085194753112276,NE002005,2,JAS
2003,0.24985032827899423,0.24985032827899428,NE002005,2,JAS
2004,0.1802891163451448,0.18005309007209822,NE002005,2,JAS
2005,0.24353715207998022,0.2430650995338871,NE002005,2,JAS
2006,0.17998225517556493,0.17927417635642517,NE002005,2,JAS
2007,0.19655006493510024,0.19560595984291396,NE002005,2,JAS
2008,0.24319645950871432,0.2420163281434814,NE002005,2,JAS
2009,0.23936813961287576,0.2379519819745962,NE002005,2,JAS
2010,0.3970569475768523,0.3954047636655262,NE002005,2,JAS
2011,0.1918191702035486,0.18993096001917587,NE002005,2,JAS
2012,0.3287138595923338,0.3265896231349145,NE002005,2,JAS
2013,0.1395476473173736,0.13718738458690768,NE002005,2,JAS
2014,0.23326825589455463,0.2306719668910422,NE002005,2,JAS
2015,0.31341292350778405,0.31058060823122496,NE002005,2,JAS
2016,0.31113544585187675,0.308067104302271,NE002005,2,JAS
2017,0.3075542814077056,0.3042499135850533,NE002005,2,JAS
2018,0.3930714006638006,0.3895310065681017,NE002005,2,JAS
2019,0.41195786491138076,0.40818144454263533,NE002005,2,JAS
2020,0.3326621660620614,0.3286497194202693,NE002005,2,JAS
2021,0.16244699379947528,0.15819852088463657,NE002005,2,JAS
2022,0.212120053800912,0.20763555461302677,NE002005,2,JAS
2023,0.12892950187259417,0.12420897641166229,NE002005,2,JAS
2024,0.7273423619485007,0.7223858102145222,NE002005,2,JAS
2025,0.19979248217504755,0.1945999041680225,NE002005,2,JAS
2026,0.06609422147481794,0.06066561719474636,NE002005,2,JAS
1981,0.04699783462591872,0.07526486984244743,NE002005,2,ASO
1982,0.25062901678231425,0.277611186761728,NE002005,2,ASO
1983,0.05563087322286572,0.08132817796516462,NE002005,2,ASO
1984,0.032943144668460156,0.05735558417364414,NE002005,2,ASO
1985,0.23778045275144458,0.26090802701951366,NE002005,2,ASO
1986,0.09814841155184953,0.1199911205828037,NE002005,2,ASO
1987,0.2274611498512443,0.24801899364508356,NE002005,2,ASO
1988,0.5908724646172931,0.6101454431740175,NE002005,2,ASO
1989,0.40359338145934176,0.42158149477895124,NE002005,2,ASO
1990,0.13697005443169324,0.15367330251418734,NE002005,2,ASO
1991,0.23450263004944594,0.24992101289482513,NE002005,2,ASO
1992,0.21782533113088348,0.23195884873914777,NE002005,2,ASO
1993,0.09213525957899865,0.10498391195014803,NE002005,2,ASO
1994,0.4996985137597142,0.5112623008937487,NE002005,2,ASO
1995,0.2877506800529775,0.298029601949897,NE002005,2,ASO
1996,0.17027144296412533,0.17926549962392999,NE002005,2,ASO
1997,0.2767324510987304,0.2844416425214201,NE002005,2,ASO
1998,0.4093491169635261,0.4157734431491009,NE002005,2,ASO
1999,0.48015998182113284,0.48529944276959236,NE002005,2,ASO
2000,0.06983201368666156,0.07368660939800614,NE002005,2,ASO
2001,0.13685845730520446,0.13942818777943414,NE002005,2,ASO
2002,0.14423858597238742,0.1455234512095022,NE002005,2,ASO
2003,0.2004116494820484,0.20041164948204826,NE002005,2,ASO
2004,0.12313055554808615,0.1218456903109711,NE002005,2,ASO
2005,0.15862446905111025,0.1560547385768803,NE002005,2,ASO
2006,0.15314916980063992,0.14929457408929506,NE002005,2,ASO
2007,0.15300139360250134,0.14786193265404157,NE002005,2,ASO
2008,0.2210966150656314,0.2146722888800563,NE002005,2,ASO
2009,0.21930138022461446,0.21159218880192443,NE002005,2,ASO
2010,0.24763803988139246,0.23864398322158753,NE002005,2,ASO
2011,0.1686974104507231,0.15841848855380325,NE002005,2,ASO
2012,0.28428532404656576,0.272721536912531,NE002005,2,ASO
2013,0.1364007919516374,0.12355213958048775,NE002005,2,ASO
2014,0.1989180281764991,0.18478451056823453,NE002005,2,ASO
2015,0.2618683929331983,0.24645001008781883,NE002005,2,ASO
2016,0.16604687750990577,0.1493436294274114,NE002005,2,ASO
2017,0.26405785060457276,0.24606973728496304,NE002005,2,ASO
2018,0.36510676881705506,0.34583379026033045,NE002005,2,ASO
2019,0.37775903949922995,0.35720119570539044,NE002005,2,ASO
2020,0.26616036221365336,0.2443176531826989,NE002005,2,ASO
2021,0.10829848715169464,0.0851709128836253,NE002005,2,ASO
2022,0.17259216498911156,0.1481797254839273,NE002005,2,ASO
2023,0.12408451046005806,0.09838720571775889,NE002005,2,ASO
2024,0.7041894785850202,0.6772073086056062,NE002005,2,ASO
2025,0.15360082741327793,0.12533379219674895,NE002005,2,ASO
2026,0.08632524751432061,0.05677334706067627,NE002005,2,ASO
1981,0.00885678591860039,0.0044607423200249754,NE002005,2,SON
1982,0.030111833049963503,0.025915609614959652,NE002005,2,SON
1983,0.0073885517233706,0.0033921484519383663,NE002005,2,SON
1984,0.0202765939753451,0.016480010867484483,NE002005,2,SON
1985,0.06324134522810343,0.05964458228381443,NE002005,2,SON
1986,0.043718505743777586,0.040321562963060206,NE002005,2,SON
1987,0.09228820114359518,0.08909107852644942,NE002005,2,SON
1988,0.1101862331010573,0.10718893064748315,NE002005,2,SON
1989,0.08261462813520745,0.07981714584520487,NE002005,2,SON
1990,0.013785952214561595,0.011188290088130631,NE002005,2,SON
1991,0.014653637078307725,0.01225579511544838,NE002005,2,SON
1992,0.06921504970285557,0.06701702790356784,NE002005,2,SON
1993,0.019718221890415458,0.017720020254699348,NE002005,2,SON
1994,0.2693017444343263,0.2675033629621818,NE002005,2,SON
1995,0.06663817297873588,0.065039611670163,NE002005,2,SON
1996,0.08170938887306063,0.08031064772805932,NE002005,2,SON
1997,0.04511036312962115,0.043911442148191454,NE002005,2,SON
1998,0.2166910091951914,0.21569190837733332,NE002005,2,SON
1999,0.061569858958350175,0.06077057830406372,NE002005,2,SON
2000,0.004183861274926877,0.003584400784212037,NE002005,2,SON
2001,0.03588864786562759,0.03548900753848437,NE002005,2,SON
2002,0.03375604230106105,0.03355622213748945,NE002005,2,SON
2003,0.04189682012339268,0.04189682012339264,NE002005,2,SON
2004,0.02123853344190304,0.021438353605474615,NE002005,2,SON
2005,0.03348556274138617,0.033885203068529365,NE002005,2,SON
2006,0.051902907754150886,0.0525023682448657,NE002005,2,SON
2007,0.03870297446995892,0.03950225512424535,NE002005,2,SON
2008,0.07493470165564854,0.07593380247350659,NE002005,2,SON
2009,0.029705373619866002,0.03090429460129567,NE002005,2,SON
2010,0.04288433294214886,0.04428307408715009,NE002005,2,SON
2011,0.013326446836474846,0.014925008145047693,NE002005,2,SON
2012,-0.0015469449241774236,0.0002514365479670405,NE002005,2,SON
2013,0.020883543507252182,0.022881745142968264,NE002005,2,SON
2014,0.044742124790402044,0.046940146589689744,NE002005,2,SON
2015,0.05954568124019497,0.06194352320305429,NE002005,2,SON
2016,0.022112044702494157,0.024709706828925093,NE002005,2,SON
2017,0.005433531506662169,0.008231013796664667,NE002005,2,SON
2018,0.06604264612795033,0.06903994858152444,NE002005,2,SON
2019,0.019694113417785902,0.022891236034931636,NE002005,2,SON
2020,0.0412166748296304,0.04461361761034775,NE002005,2,SON
2021,0.00523117849735235,0.00882794144164132,NE002005,2,SON
2022,0.05811529540118118,0.06191187850904177,NE002005,2,SON
2023,0.03189945462046764,0.03589585789189985,NE002005,2,SON
2024,0.1949016377340712,0.19909786116907496,NE002005,2,SON
2025,0.0687609925385703,0.07315703613714569,NE002005,2,SON
2026,0.021967266451603847,0.02656313021375085,NE002005,2,SON
1981,1.2248336552736208,1.2906226739634867,NE007005,2,JAS
1982,1.3192503118049035,1.3820489205543203,NE007005,2,JAS
1983,1.2074575743552853,1.2672657731642538,NE007005,2,JAS
1984,0.8885397752953494,0.9453575641638696,NE007005,2,JAS
1985,1.591491826082801,1.645319205010873,NE007005,2,JAS
1986,1.4137459463970683,1.4645829153846919,NE007005,2,JAS
1987,1.4955131411663412,1.5433597002135164,NE007005,2,JAS
1988,1.758906838352187,1.803762987458914,NE007005,2,JAS
1989,1.5216794061619077,1.5635451453281854,NE007005,2,JAS
1990,1.294671721359493,1.3335470505853224,NE007005,2,JAS
1991,1.2903549635644564,1.3262398828498376,NE007005,2,JAS
1992,1.5193205482291523,1.5522150575740852,NE007005,2,JAS
1993,1.1777560083007197,1.2076601077052043,NE007005,2,JAS
1994,1.7146937319401987,1.741607421404235,NE007005,2,JAS
1995,1.261690157682894,1.285613437206482,NE007005,2,JAS
1996,1.1751774488140767,1.1961103183972155,NE007005,2,JAS
1997,1.2545196397466984,1.272462099389389,NE007005,2,JAS
1998,1.7203052845897433,1.7352573342919855,NE007005,2,JAS
1999,1.861622048269838,1.8735836880316319,NE007005,2,JAS
2000,1.1611894716254703,1.1701607014468158,NE007005,2,JAS
2001,1.3577512801627716,1.3637321000436688,NE007005,2,JAS
2002,1.2206366050633803,1.2236270150038293,NE007005,2,JAS
2003,1.3444161982544622,1.344416198254462,NE007005,2,JAS
2004,1.2127656475308721,1.2097752375904236,NE007005,2,JAS
2005,1.4121461935834092,1.4061653737025124,NE007005,2,JAS
2006,1.3916333007266826,1.3826620709053374,NE007005,2,JAS
2007,1.3452295434702244,1.333267903708431,NE007005,2,JAS
2008,1.4587764848365807,1.443824435134339,NE007005,2,JAS
2009,1.1392273260855221,1.121284866442832,NE007005,2,JAS
2010,1.613753836212613,1.5928209666294737,NE007005,2,JAS
2011,1.2741634765548655,1.250240197031278,NE007005,2,JAS
2012,1.365609055044584,1.3386953655805482,NE007005,2,JAS
2013,1.3814776480637214,1.3515735486592373,NE007005,2,JAS
2014,1.4427889855455787,1.4098944762006462,NE007005,2,JAS
2015,1.547051807439797,1.5111668881544162,NE007005,2,JAS
2016,1.4244545957835357,1.3855792665577067,NE007005,2,JAS
2017,1.4853193912169074,1.4434536520506291,NE007005,2,JAS
2018,1.4403733732046733,1.3955172240979468,NE007005,2,JAS
2019,1.5444276249961568,1.496581065948982,NE007005,2,JAS
2020,1.5699299874800294,1.5190930184924063,NE007005,2,JAS
2021,1.182534847379732,1.1287074684516605,NE007005,2,JAS
2022,1.5674772625678197,1.5106594736993,NE007005,2,JAS
2023,1.219726271053986,1.159918072245018,NE007005,2,JAS
2024,1.8781423372425636,1.8153437284931464,NE007005,2,JAS
2025,1.4206313714353977,1.3548423527455322,NE007005,2,JAS
2026,0.7477155264351276,0.6789360978048138,NE007005,2,JAS
1981,0.715304011735008,0.8356005347961946,NE007005,2,ASO
1982,1.0837554226878998,1.198583921973578,NE007005,2,ASO
1983,0.8942929634193163,1.0036534389294864,NE007005,2,ASO
1984,0.5734447398408119,0.6773371915754737,NE007005,2,ASO
1985,1.3791989936400277,1.4776234215991813,NE007005,2,ASO
1986,1.1529822875579578,1.245938691741603,NE007005,2,ASO
1987,1.2681351283758666,1.3556235087840018,NE007005,2,ASO
1988,1.607912935090949,1.6899332917235759,NE007005,2,ASO
1989,1.331236863217277,1.4077891960743958,NE007005,2,ASO
1990,0.8979078274234691,0.9689921365050795,NE007005,2,ASO
1991,0.9919226049389881,1.0575388902450902,NE007005,2,ASO
1992,1.243876326778906,1.3040245883094999,NE007005,2,ASO
1993,0.9411564817854768,0.9958367195405625,NE007005,2,ASO
1994,1.4962231809902213,1.5454353949697988,NE007005,2,ASO
1995,1.090399659886971,1.1341438500910384,NE007005,2,ASO
1996,0.8903147886856525,0.9285909551142116,NE007005,2,ASO
1997,1.0847955352955787,1.1176036779486296,NE007005,2,ASO
1998,1.5391587966542852,1.5664989155318279,NE007005,2,ASO
1999,1.6348379961133137,1.656710091215348,NE007005,2,ASO
2000,0.7407596326568645,0.7571637039833906,NE007005,2,ASO
2001,0.9780295662236906,0.9889656137747085,NE007005,2,ASO
2002,0.9122513831722683,0.9177194069477779,NE007005,2,ASO
2003,1.1213939668647006,1.1213939668647002,NE007005,2,ASO
2004,0.9706178644527197,0.965149840677211,NE007005,2,ASO
2005,1.1509997643319072,1.1400637167808902,NE007005,2,ASO
2006,1.218982340191061,1.202578268864536,NE007005,2,ASO
2007,1.114637588339836,1.0927654932378026,NE007005,2,ASO
2008,1.2288218915149738,1.201481772637432,NE007005,2,ASO
2009,1.0335728454285908,1.0007647027755409,NE007005,2,ASO
2010,1.2457431375803374,1.2074669711517791,NE007005,2,ASO
2011,1.0963227598289849,1.0525785696249184,NE007005,2,ASO
2012,1.054997478180352,1.0057852642007754,NE007005,2,ASO
2013,1.2370707848485663,1.1823905470934815,NE007005,2,ASO
2014,1.2142240860103974,1.1540758244798044,NE007005,2,ASO
2015,1.38147768452679,1.3158613992206887,NE007005,2,ASO
2016,1.0279620477251536,0.9568777386435441,NE007005,2,ASO
2017,1.2756877584061075,1.1991354255489897,NE007005,2,ASO
2018,1.2544668755098423,1.1724465188772162,NE007005,2,ASO
2019,1.2905983974476438,1.2031100170395095,NE007005,2,ASO
2020,1.4044887902825345,1.3115323860988901,NE007005,2,ASO
2021,0.8267211111272759,0.7282966831681232,NE007005,2,ASO
2022,1.4889883575075895,1.3850959057729286,NE007005,2,ASO
2023,1.1729910979725582,1.063630622462389,NE007005,2,ASO
2024,1.7583357101650936,1.6435072108794162,NE007005,2,ASO
2025,1.1832104465268851,1.0629139234656995,NE007005,2,ASO
2026,0.7693817226383046,0.6436171758016107,NE007005,2,ASO
1981,0.20934619253470677,0.23590749042508147,NE007005,2,SON
1982,0.6348744513296711,0.6602284174977562,NE007005,2,SON
1983,0.30091581748493035,0.3250624519307254,NE007005,2,SON
1984,0.33517636981748045,0.3581156725409859,NE007005,2,SON
1985,0.6464996062241264,0.6682315772253422,NE007005,2,SON
1986,0.575075207504396,0.5955998467833219,NE007005,2,SON
1987,0.5916583487420698,0.6109756562987061,NE007005,2,SON
1988,0.40547864105757453,0.4235886168919212,NE007005,2,SON
1989,0.7097857304781513,0.726688374590208,NE007005,2,SON
1990,0.4404720140658067,0.45616732645557373,NE007005,2,SON
1991,0.0314448625483455,0.04593284321582247,NE007005,2,SON
1992,0.577465969687489,0.5907466186326764,NE007005,2,SON
1993,0.23436128419910063,0.2464346014219984,NE007005,2,SON
1994,0.9903400343851773,1.001206019885785,NE007005,2,SON
1995,0.4469123769415005,0.45657103071981864,NE007005,2,SON
1996,0.5716837189059618,0.5801350409619903,NE007005,2,SON
1997,0.4686344546772008,0.4758784450109393,NE007005,2,SON
1998,0.8302528822003812,0.83628954081183,NE007005,2,SON
1999,0.8970195876359826,0.9018489145251414,NE007005,2,SON
2000,0.14546180715037554,0.14908380231724483,NE007005,2,SON
2001,0.5927338316402326,0.5951484950848123,NE007005,2,SON
2002,0.40405222621187387,0.4052595579341635,NE007005,2,SON
2003,0.5724537994251043,0.5724537994251044,NE007005,2,SON
2004,0.2661104344712415,0.26490310274895196,NE007005,2,SON
2005,0.42752017833152217,0.4251055148869426,NE007005,2,SON
2006,0.5244657185850579,0.5208437234181886,NE007005,2,SON
2007,0.505296464458033,0.5004671375688738,NE007005,2,SON
2008,0.718153966086555,0.7121173074751062,NE007005,2,SON
2009,0.34943968352397026,0.34219569319023185,NE007005,2,SON
2010,0.553325807641156,0.5448744855851275,NE007005,2,SON
2011,0.3684335902698398,0.35877493649152176,NE007005,2,SON
2012,0.19447806724182404,0.1836120817412164,NE007005,2,SON
2013,0.3470733258150103,0.33500000859211265,NE007005,2,SON
2014,0.5490110111772241,0.5357303622320368,NE007005,2,SON
2015,0.6414883358930136,0.6270003552255363,NE007005,2,SON
2016,0.3938949684030178,0.3781996560132509,NE007005,2,SON
2017,0.15180531427742816,0.13490267016537166,NE007005,2,SON
2018,0.5937426254163216,0.575632649581975,NE007005,2,SON
2019,0.4188537882885178,0.3995364807318817,NE007005,2,SON
2020,0.5746657929371147,0.5541411536581891,NE007005,2,SON
2021,0.27119614380303947,0.2494641728018237,NE007005,2,SON
2022,0.7246153540658578,0.7016760513423523,NE007005,2,SON
2023,0.545715365426551,0.5215687309807555,NE007005,2,SON
2024,0.8529268105030854,0.8275728443350003,NE007005,2,SON
2025,0.6351711221529404,0.6086098242625657,NE007005,2,SON
2026,0.40799232979910116,0.38022370018643653,NE007005,2,SON
1981,0.6166773114110535,0.6798335578455182,NE007001,2,JAS
1982,0.7326520130446738,0.7929375210048446,NE007001,2,JAS
1983,0.6572168202322097,0.7146315897180867,NE007001,2,JAS
1984,0.34152942390718777,0.3960734549187709,NE007001,2,JAS
1985,0.9241290944607895,0.9758023869980788,NE007001,2,JAS
1986,0.7837332229605957,0.832535777023591,NE007001,2,JAS
1987,0.7435789939810191,0.7895108095697206,NE007001,2,JAS
1988,1.1477258347211596,1.1907869118355672,NE007001,2,JAS
1989,1.0273468252640128,1.0675371639041265,NE007001,2,JAS
1990,0.893247168262687,0.9305667684285069,NE007001,2,JAS
1991,0.9027591093482008,0.9372079710397269,NE007001,2,JAS
1992,0.8627551005287033,0.8943332237459355,NE007001,2,JAS
1993,0.7745150563959851,0.8032224411389234,NE007001,2,JAS
1994,1.2325390222435157,1.2583756685121603,NE007001,2,JAS
1995,0.7739724510362967,0.7969383588306473,NE007001,2,JAS
1996,0.5802712965506802,0.6003664658707369,NE007001,2,JAS
1997,0.7570172856867952,0.774241716532558,NE007001,2,JAS
1998,1.2764871961960174,1.2908408885674865,NE007001,2,JAS
1999,1.3275878848815863,1.3390708387787615,NE007001,2,JAS
2000,0.7068812767117962,0.7154934921346775,NE007001,2,JAS
2001,0.8584577812784786,0.864199258227066,NE007001,2,JAS
2002,0.7372630392537326,0.7401337777280261,NE007001,2,JAS
2003,0.825742970455744,0.8257429704557436,NE007001,2,JAS
2004,0.5108442370473922,0.507973498573098,NE007001,2,JAS
2005,0.8721809610652838,0.8664394841166957,NE007001,2,JAS
2006,0.718406255709666,0.7097940402867841,NE007001,2,JAS
2007,0.8991559272287483,0.8876729733315725,NE007001,2,JAS
2008,0.7786091567876312,0.7642554644161615,NE007001,2,JAS
2009,0.533222657251424,0.5159982264056605,NE007001,2,JAS
2010,1.0883504072632926,1.068255237943235,NE007001,2,JAS
2011,0.7322589115646856,0.7092930037703343,NE007001,2,JAS
2012,0.7525207956276269,0.7266841493589817,NE007001,2,JAS
2013,0.7562825703231443,0.7275751855802053,NE007001,2,JAS
2014,1.0486155619780655,1.0170374387608327,NE007001,2,JAS
2015,0.9467029760489958,0.9122541143574691,NE007001,2,JAS
2016,0.9410954883442717,0.9037758881784511,NE007001,2,JAS
2017,0.8571201881683771,0.8169298495282626,NE007001,2,JAS
2018,0.9893439454930616,0.9462828683786533,NE007001,2,JAS
2019,1.099822953153894,1.0538911375651918,NE007001,2,JAS
2020,0.9655728199781648,0.9167702659151687,NE007001,2,JAS
2021,0.5163678702979453,0.46469457776065537,NE007001,2,JAS
2022,0.8846487594452214,0.8301047284336376,NE007001,2,JAS
2023,0.5942581860529443,0.5368434165670667,NE007001,2,JAS
2024,1.5098935944970964,1.4496080865369247,NE007001,2,JAS
2025,0.776235085135004,0.7130788387005396,NE007001,2,JAS
2026,0.4707137107945815,0.40468672588582316,NE007001,2,JAS
1981,0.3121971924838424,0.40470245110289244,NE007001,2,ASO
1982,0.6620536885569964,0.7503541626933635,NE007001,2,ASO
1983,0.3636601320804957,0.4477558217341781,NE007001,2,ASO
1984,0.21329978112185366,0.2931906862928514,NE007001,2,ASO
1985,0.7400009575539435,0.8156870782422583,NE007001,2,ASO
1986,0.595382853626119,0.6668641898317491,NE007001,2,ASO
1987,0.6749326582066615,0.7422092099296069,NE007001,2,ASO
1988,0.9536325454736523,1.0167043127139148,NE007001,2,ASO
1989,0.8553708476166337,0.9142378303742116,NE007001,2,ASO
1990,0.5767701775643663,0.6314323758392595,NE007001,2,ASO
1991,0.6861637543172311,0.7366211681094413,NE007001,2,ASO
1992,0.6542484519746854,0.700501081284211,NE007001,2,ASO
1993,0.6651422668489344,0.7071901116757753,NE007001,2,ASO
1994,1.1138326774140408,1.1516757377581988,NE007001,2,ASO
1995,0.651721245238495,0.6853595210999682,NE007001,2,ASO
1996,0.47802024805764654,0.5074537394364351,NE007001,2,ASO
1997,0.6275949926752116,0.6528236995713173,NE007001,2,ASO
1998,1.1257597313614036,1.1467836537748246,NE007001,2,ASO
1999,1.152920558333995,1.169739696264733,NE007001,2,ASO
2000,0.33159629609218355,0.34421064954023695,NE007001,2,ASO
2001,0.5057033748617477,0.5141129438271164,NE007001,2,ASO
2002,0.4879230859500782,0.492127870432764,NE007001,2,ASO
2003,0.7157082728068208,0.7157082728068219,NE007001,2,ASO
2004,0.3774743037321378,0.37326951924945423,NE007001,2,ASO
2005,0.6254073417829942,0.6169977728176277,NE007001,2,ASO
2006,0.6058033639908572,0.593189010542806,NE007001,2,ASO
2007,0.6902087459347894,0.6733896080040536,NE007001,2,ASO
2008,0.6787925786943687,0.6577686562809499,NE007001,2,ASO
2009,0.4595659496914692,0.43433724279536573,NE007001,2,ASO
2010,0.7855138387565037,0.7560803473777156,NE007001,2,ASO
2011,0.6176011893557795,0.5839629134943084,NE007001,2,ASO
2012,0.6029980553493206,0.5651549950051649,NE007001,2,ASO
2013,0.6370358249407748,0.5949879801139362,NE007001,2,ASO
2014,0.8656260843980927,0.8193734550885694,NE007001,2,ASO
2015,0.8591962973282563,0.8087388835360483,NE007001,2,ASO
2016,0.651244561948362,0.5965823636734711,NE007001,2,ASO
2017,0.6499852632165319,0.5911182804589563,NE007001,2,ASO
2018,0.8592156556605781,0.7961438884203178,NE007001,2,ASO
2019,0.9614267591209249,0.8941502073979817,NE007001,2,ASO
2020,0.8320188814543086,0.7605375452486807,NE007001,2,ASO
2021,0.24500182715071184,0.16931570646239924,NE007001,2,ASO
2022,0.7590378165719578,0.6791469114009623,NE007001,2,ASO
2023,0.5799832018497604,0.4958875121960802,NE007001,2,ASO
2024,1.4474332761297226,1.3591328019933577,NE007001,2,ASO
2025,0.6345800733712096,0.5420748147521618,NE007001,2,ASO
2026,0.37861853608321155,0.2819084929814791,NE007001,2,ASO
1981,0.03824764929180918,0.06855680471944567,NE007001,2,SON
1982,0.2018920555830424,0.23082352212760457,NE007001,2,SON
1983,0.06754923857326223,0.09510301623475007,NE007001,2,SON
1984,0.09055676739884623,0.11673285617725974,NE007001,2,SON
1985,0.26034772166490217,0.28514612156024133,NE007001,2,SON
1986,0.2298822410454388,0.25330295205770326,NE007001,2,SON
1987,0.24554074205906726,0.26758376418825736,NE007001,2,SON
1988,0.15290533452585423,0.17357066777197,NE007001,2,SON
1989,0.2201657186194614,0.23945336298250286,NE007001,2,SON
1990,0.13372960949980878,0.1516395649797759,NE007001,2,SON
1991,0.033034211454340046,0.04956647805123285,NE007001,2,SON
1992,0.1247293918699977,0.13988396958381616,NE007001,2,SON
1993,0.25044316396194466,0.26422005279268834,NE007001,2,SON
1994,0.7119550957290135,0.7243542956766829,NE007001,2,SON
1995,0.2261550088322053,0.23717651989680036,NE007001,2,SON
1996,0.21088683197964567,0.2205306541611664,NE007001,2,SON
1997,0.20584323061990095,0.21410936391834737,NE007001,2,SON
1998,0.6517440695324751,0.6586325139478472,NE007001,2,SON
1999,0.4501679240249352,0.4556786795572325,NE007001,2,SON
2000,0.005399547394390275,0.009532614043613274,NE007001,2,SON
2001,0.21497937255651334,0.217734750322662,NE007001,2,SON
2002,0.10866610919007576,0.11004379807315011,NE007001,2,SON
2003,0.1837897973772448,0.18378979737724482,NE007001,2,SON
2004,0.05163020996284004,0.050252521079765744,NE007001,2,SON
2005,0.14374135985683395,0.14098598209068533,NE007001,2,SON
2006,0.2091606687778692,0.20502760212864582,NE007001,2,SON
2007,0.2704326185373347,0.26492186300503695,NE007001,2,SON
2008,0.23937237725805513,0.2324839328426831,NE007001,2,SON
2009,0.13159640393815236,0.123330270639706,NE007001,2,SON
2010,0.23308818073547283,0.22344435855395214,NE007001,2,SON
2011,0.10970135266477346,0.09867984160017845,NE007001,2,SON
2012,0.016329907086764517,0.003930707139094741,NE007001,2,SON
2013,0.08013363870354898,0.06635674987280488,NE007001,2,SON
2014,0.20008634753245266,0.18493176981863424,NE007001,2,SON
2015,0.31028318557963075,0.293750918982738,NE007001,2,SON
2016,0.15824994240980536,0.1403399869298383,NE007001,2,SON
2017,0.00965254930631268,-0.009635095056728715,NE007001,2,SON
2018,0.2553280200638805,0.23466268681776478,NE007001,2,SON
2019,0.2159134439782944,0.1938704218491039,NE007001,2,SON
2020,0.27506693232966173,0.2516462213173969,NE007001,2,SON
2021,0.034317813227099925,0.00951941333176079,NE007001,2,SON
2022,0.31276772653619406,0.2865916377577806,NE007001,2,SON
2023,0.15803389634164786,0.13048011868016007,NE007001,2,SON
2024,0.6540035113545288,0.6250720448099667,NE007001,2,SON
2025,0.3653234930051139,0.33501433757747745,NE007001,2,SON
2026,0.14693234531064026,0.11524550099992906,NE007001,2,SON
1981,1.1440751124096347,1.2460833035034025,NE005006,2,JAS
1982,1.3128074357433719,1.4101788908783333,NE005006,2,JAS
1983,0.9744532213803683,1.0671879405565214,NE005006,2,JAS
1984,0.7267949426746075,0.8148929258919525,NE005006,2,JAS
1985,1.1451475434239198,1.2286087906824583,NE005006,2,JAS
1986,1.1682710557813205,1.2470955670810508,NE005006,2,JAS
1987,1.1236352601823807,1.1978230355233028,NE005006,2,JAS
1988,1.1648960924181855,1.2344471318003012,NE005006,2,JAS
1989,1.1646901929453615,1.229604496368669,NE005006,2,JAS
1990,1.0075561311143042,1.0678336985788035,NE005006,2,JAS
1991,0.8480056309758948,0.9036464624815876,NE005006,2,JAS
1992,1.2239259849997957,1.2749300805466803,NE005006,2,JAS
1993,1.061117209678075,1.1074845692661515,NE005006,2,JAS
1994,1.407365998159158,1.4490966217884262,NE005006,2,JAS
1995,1.0847966926487462,1.121890580319208,NE005006,2,JAS
1996,0.9520184865061063,0.98447563821776,NE005006,2,JAS
1997,1.0563507547497457,1.0841711705025912,NE005006,2,JAS
1998,1.3647846467748996,1.3879683265689386,NE005006,2,JAS
1999,1.6851669684334922,1.703713912268723,NE005006,2,JAS
2000,0.976837017784705,0.9907472256611276,NE005006,2,JAS
2001,1.19813540134813,1.2074088732657462,NE005006,2,JAS
2002,0.9851189853445488,0.9897557213033568,NE005006,2,JAS
2003,1.1929813761259518,1.1929813761259516,NE005006,2,JAS
2004,0.9231042274536716,0.918467491494865,NE005006,2,JAS
2005,1.1984840630118978,1.189210591094283,NE005006,2,JAS
2006,1.0595955941877166,1.0456853863112936,NE005006,2,JAS
2007,1.426699739922974,1.4081527960877445,NE005006,2,JAS
2008,1.0646668888871909,1.0414832090931532,NE005006,2,JAS
2009,0.8192030144458108,0.7913825986929649,NE005006,2,JAS
2010,1.40776238939294,1.3753052376812878,NE005006,2,JAS
2011,1.077724672565582,1.0406307848951215,NE005006,2,JAS
2012,1.174401672476852,1.1326710488475833,NE005006,2,JAS
2013,1.1201299973177723,1.0737626377296972,NE005006,2,JAS
2014,1.2982774892756537,1.2472733937287703,NE005006,2,JAS
2015,1.324116958002707,1.2684761264970155,NE005006,2,JAS
2016,1.3368190325890592,1.2765414651245612,NE005006,2,JAS
2017,1.20127221994157,1.1363579165182638,NE005006,2,JAS
2018,1.2717602889057185,1.202209249523604,NE005006,2,JAS
2019,1.3879470875839428,1.313759312243022,NE005006,2,JAS
2020,1.49388420058791,1.415059689288181,NE005006,2,JAS
2021,0.8291345007841133,0.7456732535255761,NE005006,2,JAS
2022,1.310038181998937,1.2219401987815934,NE005006,2,JAS
2023,0.8651893808210174,0.7724546616448655,NE005006,2,JAS
2024,1.990817675461732,1.893446220326772,NE005006,2,JAS
2025,1.016741587625106,0.9147333965313396,NE005006,2,JAS
2026,0.6913762073103495,0.5847312802577749,NE005006,2,JAS
1981,0.6636260278490007,0.8109640070176,NE005006,2,ASO
1982,1.14720347137509,1.28784426967239,NE005006,2,ASO
1983,0.6579724332708001,0.7919160506967992,NE005006,2,ASO
1984,0.6259863519648319,0.7532327885195317,NE005006,2,ASO
1985,0.8975074201755513,1.0180566758589502,NE005006,2,ASO
1986,0.8387223298818857,0.9525744046939852,NE005006,2,ASO
1987,0.9923119529224166,1.099466846863217,NE005006,2,ASO
1988,0.9894406058419163,1.0898983189114158,NE005006,2,ASO
1989,0.9628159596738607,1.0565764918720608,NE005006,2,ASO
1990,0.6283345449368568,0.7153978962637559,NE005006,2,ASO
1991,0.6201029669986021,0.700469137454202,NE005006,2,ASO
1992,1.0059748468309184,1.0796438364152174,NE005006,2,ASO
1993,0.7750319313459704,0.84200374005897,NE005006,2,ASO
1994,1.2448867790346951,1.3051614068763957,NE005006,2,ASO
1995,0.8576974232370915,0.911274870207491,NE005006,2,ASO
1996,0.762909738664926,0.8097900047640262,NE005006,2,ASO
1997,0.9945732378253145,1.0347563230531138,NE005006,2,ASO
1998,1.192084120522848,1.2255700248793482,NE005006,2,ASO
1999,1.5201304598451872,1.5469191833303864,NE005006,2,ASO
2000,0.6210369680946031,0.6411285107085029,NE005006,2,ASO
2001,0.8870616606435925,0.9004560223861913,NE005006,2,ASO
2002,0.7098284226029752,0.7165256034742747,NE005006,2,ASO
2003,0.985409628181218,0.9854096281812184,NE005006,2,ASO
2004,0.676442640440365,0.6697454595690643,NE005006,2,ASO
2005,0.952829826687072,0.939435464944472,NE005006,2,ASO
2006,0.8735043081854831,0.8534127655715822,NE005006,2,ASO
2007,1.2043400997371876,1.1775513762519876,NE005006,2,ASO
2008,0.9070032853307168,0.8735173809742157,NE005006,2,ASO
2009,0.652247797341549,0.6120647121137487,NE005006,2,ASO
2010,1.18392278934862,1.1370425232495203,NE005006,2,ASO
2011,0.895501678966873,0.8419242319964725,NE005006,2,ASO
2012,0.9666852825865675,0.9064106547448677,NE005006,2,ASO
2013,1.0139828751529465,0.9470110664399457,NE005006,2,ASO
2014,1.1284373074707783,1.0547683178864782,NE005006,2,ASO
2015,1.1980754524488995,1.1177092819932986,NE005006,2,ASO
2016,0.9883401208106716,0.9012767694837713,NE005006,2,ASO
2017,0.9822008335758922,0.8884403013776927,NE005006,2,ASO
2018,1.087211915103871,0.9867542020343706,NE005006,2,ASO
2019,1.2427825481864818,1.135627654245682,NE005006,2,ASO
2020,1.3345600951043557,1.2207080202922551,NE005006,2,ASO
2021,0.48359692650622593,0.36304767082282596,NE005006,2,ASO
2022,1.1295796689443398,1.0023332323896388,NE005006,2,ASO
2023,0.7836888443623908,0.6497452269363907,NE005006,2,ASO
2024,1.9191366175265911,1.7784958192292901,NE005006,2,ASO
2025,0.8273978423336404,0.6800598631650401,NE005006,2,ASO
2026,0.5865860434040187,0.43255088336411907,NE005006,2,ASO
1981,0.2753911547374401,0.325762353590571,NE005006,2,SON
1982,0.5623822040375482,0.6104638029428098,NE005006,2,SON
1983,0.2257605959561291,0.27155259491352035,NE005006,2,SON
1984,0.3001451004548191,0.34364749946434103,NE005006,2,SON
1985,0.46084555744065325,0.5020583565023058,NE005006,2,SON
1986,0.49165177502572865,0.5305749741395118,NE005006,2,SON
1987,0.3892143261215028,0.4258479252874157,NE005006,2,SON
1988,0.2477975399968993,0.28214153921494284,NE005006,2,SON
1989,0.36876636334965884,0.400820762619833,NE005006,2,SON
1990,0.1810581197737804,0.2108229190960852,NE005006,2,SON
1991,0.006864489723778622,0.034339689098213166,NE005006,2,SON
1992,0.24005721642772848,0.26524281585429366,NE005006,2,SON
1993,0.25850843459822875,0.28140443407692456,NE005006,2,SON
1994,0.8809752922913512,0.9015816918221776,NE005006,2,SON
1995,0.35006138296075967,0.36837818254371674,NE005006,2,SON
1996,0.41978737217773116,0.43581457181281796,NE005006,2,SON
1997,0.42096996900767825,0.4347075686948957,NE005006,2,SON
1998,0.8222639646112992,0.8337119643506473,NE005006,2,SON
1999,0.6791839987333272,0.6883423985248059,NE005006,2,SON
2000,0.08254539364187763,0.08941419348548607,NE005006,2,SON
2001,0.40993984445091824,0.4145190443466573,NE005006,2,SON
2002,0.27789387272476007,0.2801834726726298,NE005006,2,SON
2003,0.3769634423874757,0.37696344238747603,NE005006,2,SON
2004,0.17615122194861965,0.17386162200074973,NE005006,2,SON
2005,0.4371260775398471,0.4325468776441078,NE005006,2,SON
2006,0.43047061790482494,0.4236018180612163,NE005006,2,SON
2007,0.34730800078239316,0.3381496009909151,NE005006,2,SON
2008,0.4280383362398204,0.4165903365004721,NE005006,2,SON
2009,0.2531079038804591,0.23937030419324146,NE005006,2,SON
2010,0.6246146561272877,0.6085874564922007,NE005006,2,SON
2011,0.25387877672467885,0.23556197714172245,NE005006,2,SON
2012,0.221090478831138,0.20048407930031223,NE005006,2,SON
2013,0.3044095149309187,0.2815135154522227,NE005006,2,SON
2014,0.44394398535323154,0.41875838592666614,NE005006,2,SON
2015,0.5797896295544059,0.5523144301799712,NE005006,2,SON
2016,0.2905159475476942,0.2607511482253901,NE005006,2,SON
2017,0.12791136601830816,0.09585696674813377,NE005006,2,SON
2018,0.5320843165157056,0.4977403172976619,NE005006,2,SON
2019,0.44357242412005105,0.4069388249541379,NE005006,2,SON
2020,0.5193576201550723,0.48043442104128975,NE005006,2,SON
2021,0.17438070024451716,0.13316790118286437,NE005006,2,SON
2022,0.48865934403945577,0.44515694502993364,NE005006,2,SON
2023,0.3638179291367505,0.318025930179359,NE005006,2,SON
2024,0.8813748570373044,0.8332932581320436,NE005006,2,SON
2025,0.495564833278727,0.4451936344255959,NE005006,2,SON
2026,0.23209438904800314,0.17943359024700264,NE005006,2,SON
1981,0.9152689574636725,0.9765221387933771,NE007002,2,JAS
1982,1.134280737569584,1.1927496833843023,NE007002,2,JAS
1983,1.0198838574996854,1.0755685677994173,NE007002,2,JAS
1984,0.6330529165081679,0.6859533912929136,NE007002,2,JAS
1985,1.3227722157233046,1.3728884549930631,NE007002,2,JAS
1986,1.0552015173072613,1.1025335210620335,NE007002,2,JAS
1987,1.2428202882753987,1.2873680565151846,NE007002,2,JAS
1988,1.4060003390532547,1.4477638717780534,NE007002,2,JAS
1989,1.3451978920229117,1.3841771892327241,NE007002,2,JAS
1990,1.168843181716348,1.2050382434111742,NE007002,2,JAS
1991,1.122977688710159,1.1563885148899988,NE007002,2,JAS
1992,1.2861559655430153,1.3167825562078679,NE007002,2,JAS
1993,0.9598155905258636,0.98765794567573,NE007002,2,JAS
1994,1.583269089906287,1.608327209541167,NE007002,2,JAS
1995,1.1168054493490462,1.13907933346894,NE007002,2,JAS
1996,0.9524549613039757,0.9719446099088822,NE007002,2,JAS
1997,1.0018698209712007,1.018575234061121,NE007002,2,JAS
1998,1.5766512769458572,1.590572454520791,NE007002,2,JAS
1999,1.6955608278477334,1.7066977699076802,NE007002,2,JAS
2000,0.8457661983509102,0.8541189048958706,NE007002,2,JAS
2001,1.143935365812166,1.1495038368421402,NE007002,2,JAS
2002,1.0384946749026014,1.0412789104175892,NE007002,2,JAS
2003,1.1289524108630191,1.1289524108630198,NE007002,2,JAS
2004,0.9344815877933181,0.9316973522783325,NE007002,2,JAS
2005,1.203649175490888,1.198080704460916,NE007002,2,JAS
2006,1.0967757202762682,1.08842301373131,NE007002,2,JAS
2007,1.4453648659381901,1.4342279238782447,NE007002,2,JAS
2008,1.134766662803507,1.1208454852285752,NE007002,2,JAS
2009,0.7950068039845265,0.7783013908946085,NE007002,2,JAS
2010,1.3924393808300763,1.3729497322251711,NE007002,2,JAS
2011,1.0510161168897298,1.0287422327698383,NE007002,2,JAS
2012,0.9357838674704299,0.910725747835552,NE007002,2,JAS
2013,1.076224306053881,1.0483819509040169,NE007002,2,JAS
2014,1.2085712859319164,1.1779446952670651,NE007002,2,JAS
2015,1.2478812394384156,1.214470413258578,NE007002,2,JAS
2016,1.3438254983768707,1.3076304366820468,NE007002,2,JAS
2017,1.2223981410606615,1.1834188438508504,NE007002,2,JAS
2018,1.2882596006877833,1.246496067962986,NE007002,2,JAS
2019,1.375302050499484,1.3307542822597003,NE007002,2,JAS
2020,1.2359419975892427,1.1886099938344727,NE007002,2,JAS
2021,0.9996116608884137,0.9494954216186565,NE007002,2,JAS
2022,1.2083120903003242,1.1554116155155807,NE007002,2,JAS
2023,0.973825304490086,0.9181405941903562,NE007002,2,JAS
2024,1.778638825890429,1.720169880075713,NE007002,2,JAS
2025,1.1231980447377852,1.061944863408082,NE007002,2,JAS
2026,0.6638331106457651,0.5997956938010756,NE007002,2,JAS
1981,0.5118610347756744,0.6077847609158713,NE007002,2,ASO
1982,1.0152155060681847,1.1067790628383736,NE007002,2,ASO
1983,0.607921246175837,0.6951246335760163,NE007002,2,ASO
1984,0.4176784743864702,0.5005216924166416,NE007002,2,ASO
1985,1.1112054999783525,1.189688548638514,NE007002,2,ASO
1986,0.8712056819322164,0.9453285612223701,NE007002,2,ASO
1987,1.0997553685140682,1.169518078434212,NE007002,2,ASO
1988,1.1824669004472947,1.2478694409974307,NE007002,2,ASO
1989,1.1178876908748379,1.178930062054964,NE007002,2,ASO
1990,0.7969063253709425,0.8535885271810609,NE007002,2,ASO
1991,0.8404101400985666,0.8927321725386753,NE007002,2,ASO
1992,1.0325105816216307,1.0804724446917313,NE007002,2,ASO
1993,0.7612736920891109,0.8048753857892019,NE007002,2,ASO
1994,1.3840723573317784,1.4233138816618598,NE007002,2,ASO
1995,0.9316317132111305,0.9665130681712039,NE007002,2,ASO
1996,0.7924044933700911,0.8229256789601548,NE007002,2,ASO
1997,0.8049185727987176,0.8310795890187733,NE007002,2,ASO
1998,1.3551621738304542,1.3769630206805004,NE007002,2,ASO
1999,1.4839838627702997,1.501424540250338,NE007002,2,ASO
2000,0.4765514229012648,0.48963193101129315,NE007002,2,ASO
2001,0.8988232494467583,0.9075435881867787,NE007002,2,ASO
2002,0.7439430745344773,0.748303243904488,NE007002,2,ASO
2003,0.9051234034853032,0.905123403485306,NE007002,2,ASO
2004,0.7456944124714574,0.7413342431014505,NE007002,2,ASO
2005,0.8983976683578894,0.8896773296178745,NE007002,2,ASO
2006,0.9069847601922917,0.8939042520822671,NE007002,2,ASO
2007,1.1787524301907422,1.1613117527107097,NE007002,2,ASO
2008,1.008618626061921,0.9868177792118787,NE007002,2,ASO
2009,0.7768565167305685,0.7506955005105184,NE007002,2,ASO
2010,1.0775270629550127,1.0470058773649527,NE007002,2,ASO
2011,0.9101917014250475,0.8753103464649779,NE007002,2,ASO
2012,0.7140842190647847,0.6748426947347071,NE007002,2,ASO
2013,0.9601394161754153,0.916537722475328,NE007002,2,ASO
2014,1.0025326698543164,0.9545708067842212,NE007002,2,ASO
2015,1.0779344242361195,1.0256123917960145,NE007002,2,ASO
2016,1.007523683896306,0.9508414820861931,NE007002,2,ASO
2017,0.9864944684723966,0.9254520972922741,NE007002,2,ASO
2018,1.122694824077047,1.0572922835269165,NE007002,2,ASO
2019,1.2151942813924577,1.1454315714723173,NE007002,2,ASO
2020,1.0655565628646126,0.9914336835744645,NE007002,2,ASO
2021,0.4923060222225297,0.41382297356237185,NE007002,2,ASO
2022,1.0701346089241714,0.9872913908940056,NE007002,2,ASO
2023,0.9240752355010097,0.8368718481008341,NE007002,2,ASO
2024,1.6464962079837506,1.554932651213567,NE007002,2,ASO
2025,0.9041559165911577,0.8082321904509645,NE007002,2,ASO
2026,0.6164904130598658,0.5162065175496647,NE007002,2,ASO
1981,0.07111881422347327,0.1080924714421746,NE007002,2,SON
1982,0.30967475751654067,0.3449677939525737,NE007002,2,SON
1983,0.1374146364772559,0.17102705213062067,NE007002,2,SON
1984,0.1683794072731474,0.20031120214384388,NE007002,2,SON
1985,0.5099272226468289,0.540178396734857,NE007002,2,SON
1986,0.36104568132990844,0.38961623463526834,NE007002,2,SON
1987,0.4775201044300816,0.5044100369527732,NE007002,2,SON
1988,0.3002985353422436,0.32550784708226693,NE007002,2,SON
1989,0.423756346920512,0.4472850378778675,NE007002,2,SON
1990,0.3286421004939669,0.3504901706686541,NE007002,2,SON
1991,-0.003104038527612041,0.01706341086440688,NE007002,2,SON
1992,0.45404528210432804,0.4725321107136787,NE007002,2,SON
1993,0.15352331609014996,0.17032952391683231,NE007002,2,SON
1994,0.9162574410194049,0.931383028063419,NE007002,2,SON
1995,0.30234506984970055,0.31579003611104633,NE007002,2,SON
1996,0.3665638018435888,0.3783281473222663,NE007002,2,SON
1997,0.3210614122344854,0.3311451369304951,NE007002,2,SON
1998,0.8486575974943682,0.8570607014077096,NE007002,2,SON
1999,0.6967930331547344,0.7035155162854074,NE007002,2,SON
2000,0.019592105356029732,0.02463396770403453,NE007002,2,SON
2001,0.45785561151290716,0.46121685307824367,NE007002,2,SON
2002,0.17862025827130917,0.1803008790539774,NE007002,2,SON
2003,0.3273420504828688,0.32734205048286874,NE007002,2,SON
2004,0.08425414018893662,0.08257351940626828,NE007002,2,SON
2005,0.2957351206078323,0.2923738790424961,NE007002,2,SON
2006,0.4019810648826347,0.3969392025346302,NE007002,2,SON
2007,0.36307846345470657,0.3563559803240338,NE007002,2,SON
2008,0.46818265403792186,0.4597795501245808,NE007002,2,SON
2009,0.254117573190352,0.24403384849434268,NE007002,2,SON
2010,0.3807282017054444,0.3689638562267668,NE007002,2,SON
2011,0.21069493657943517,0.19724997031808927,NE007002,2,SON
2012,0.06940514835720263,0.05427956131318845,NE007002,2,SON
2013,0.17392795125779395,0.15712174343111193,NE007002,2,SON
2014,0.3938729544945045,0.3753861258851542,NE007002,2,SON
2015,0.49549695004549016,0.47532950065347157,NE007002,2,SON
2016,0.29324354693472554,0.27139547676003867,NE007002,2,SON
2017,0.07531857630836652,0.05178988535101137,NE007002,2,SON
2018,0.4485207492934492,0.42331143755342576,NE007002,2,SON
2019,0.2838101280108608,0.2569201954881691,NE007002,2,SON
2020,0.43070386242601855,0.40213330912065853,NE007002,2,SON
2021,0.10075454675754644,0.07050337266951862,NE007002,2,SON
2022,0.5677762753474836,0.5358444804767875,NE007002,2,SON
2023,0.30480518461591705,0.2711927689625526,NE007002,2,SON
2024,0.804009819970032,0.7687167835339992,NE007002,2,SON
2025,0.5017767233279925,0.4648030661092915,NE007002,2,SON
2026,0.2420467869040167,0.20339250890264743,NE007002,2,SON
1981,1.094629156236356,1.1383520128369438,NE006012,2,JAS
1982,1.1963418714852703,1.2380773255131041,NE006012,2,JAS
1983,0.9129182123895387,0.9526662638446186,NE006012,2,JAS
1984,0.5813119706231132,0.6190726195054391,NE006012,2,JAS
1985,1.2554039635386887,1.2911772098482606,NE006012,2,JAS
1986,1.180468747336684,1.2142545910735019,NE006012,2,JAS
1987,0.7762843675750601,0.8080828087391245,NE006012,2,JAS
1988,1.2807963378117848,1.3106073764030952,NE006012,2,JAS
1989,1.2459137385081878,1.2737373745267442,NE006012,2,JAS
1990,1.0142477972996176,1.04008403074542,NE006012,2,JAS
1991,1.0023885121396665,1.026237343012715,NE006012,2,JAS
1992,0.9951886480639316,1.017050076364226,NE006012,2,JAS
1993,0.8942919503191569,0.9141659760466974,NE006012,2,JAS
1994,1.2174938254774679,1.2353804486322544,NE006012,2,JAS
1995,1.134122442180346,1.1500216627623785,NE006012,2,JAS
1996,0.88006286846488,0.8939746864741586,NE006012,2,JAS
1997,1.0877330838962642,1.0996574993327888,NE006012,2,JAS
1998,1.1533260476356202,1.1632630604993908,NE006012,2,JAS
1999,1.6233293451840334,1.63127895547505,NE006012,2,JAS
2000,0.9784177186785524,0.984379926396815,NE006012,2,JAS
2001,1.3372459637483258,1.3412207688938345,NE006012,2,JAS
2002,0.9144840323959803,0.916471434968735,NE006012,2,JAS
2003,1.2057045711168588,1.2057045711168595,NE006012,2,JAS
2004,0.9303369145479649,0.9283495119752115,NE006012,2,JAS
2005,1.1423514546335698,1.1383766494880625,NE006012,2,JAS
2006,0.9938167489712559,0.9878545412529947,NE006012,2,JAS
2007,1.172905512486502,1.1649559021954867,NE006012,2,JAS
2008,1.1415526345283071,1.1316156216645379,NE006012,2,JAS
2009,0.7803779402073995,0.7684535247708763,NE006012,2,JAS
2010,1.2588843838136987,1.2449725658044215,NE006012,2,JAS
2011,0.8886328848527205,0.8727336642706893,NE006012,2,JAS
2012,1.5041063197897757,1.4862196966349905,NE006012,2,JAS
2013,1.050993582793986,1.0311195570664469,NE006012,2,JAS
2014,1.08341318670268,1.0615517584023872,NE006012,2,JAS
2015,1.2156622815983327,1.1918134507252856,NE006012,2,JAS
2016,1.1225335597261652,1.0966973262803645,NE006012,2,JAS
2017,1.4147670872549845,1.3869434512364294,NE006012,2,JAS
2018,1.2263942352828194,1.1965831966915108,NE006012,2,JAS
2019,1.2363408262065994,1.2045423850425363,NE006012,2,JAS
2020,1.3007163428858306,1.266930499149014,NE006012,2,JAS
2021,0.6849476248873484,0.6491743785777774,NE006012,2,JAS
2022,1.0105800035569446,0.97281935467462,NE006012,2,JAS
2023,0.9242565493228962,0.8845084978678173,NE006012,2,JAS
2024,1.209194561703966,1.1674591076761336,NE006012,2,JAS
2025,1.0949657593348763,1.0512429027342893,NE006012,2,JAS
2026,0.6692258699616209,0.6235156107882804,NE006012,2,JAS
1981,0.6870437629985262,0.7998388705462243,NE006012,2,ASO
1982,0.9588037316704854,1.0664717888751063,NE006012,2,ASO
1983,0.6622865407181298,0.7648275475796735,NE006012,2,ASO
1984,0.5274455762962945,0.6248595328147611,NE006012,2,ASO
1985,1.0209469815149863,1.1132338876903758,NE006012,2,ASO
1986,0.840432927087099,0.9275927829194114,NE006012,2,ASO
1987,0.6895501560243514,0.7715829615135866,NE006012,2,ASO
1988,1.056530070462101,1.1334358256082608,NE006012,2,ASO
1989,1.088206209403006,1.1599849142060887,NE006012,2,ASO
1990,0.5853420585847342,0.6519937130447397,NE006012,2,ASO
1991,0.7474584651928635,0.8089830693097919,NE006012,2,ASO
1992,0.7429519526078774,0.7993495063817286,NE006012,2,ASO
1993,0.5643944172991597,0.6156649207299338,NE006012,2,ASO
1994,1.0706753769859114,1.1168188300736084,NE006012,2,ASO
1995,0.8450343014689246,0.8860507042135444,NE006012,2,ASO
1996,0.7217946712338479,0.7576840236353906,NE006012,2,ASO
1997,1.05938872458164,1.0901510266401055,NE006012,2,ASO
1998,0.868846463469406,0.8944817151847944,NE006012,2,ASO
1999,1.4500608848487626,1.4705690862210739,NE006012,2,ASO
2000,0.6881238368776631,0.7035049879068972,NE006012,2,ASO
2001,0.9031562768868925,0.9134103775730494,NE006012,2,ASO
2002,0.6268049057743572,0.631931956117437,NE006012,2,ASO
2003,0.9522177476380933,0.952217747638096,NE006012,2,ASO
2004,0.7460487097856934,0.7409216594426189,NE006012,2,ASO
2005,0.9000801333632109,0.8898260326770593,NE006012,2,ASO
2006,0.8303268415423415,0.8149456905131127,NE006012,2,ASO
2007,0.909634584409291,0.8891263830369851,NE006012,2,ASO
2008,1.076030059607603,1.0503948078922198,NE006012,2,ASO
2009,0.6941315941716504,0.6633692921131902,NE006012,2,ASO
2010,1.0282165181856266,0.9923271657840893,NE006012,2,ASO
2011,0.7804591763149741,0.7394427735703596,NE006012,2,ASO
2012,1.3023049404890994,1.2561614874014095,NE006012,2,ASO
2013,0.9555372438417586,0.9042667404109916,NE006012,2,ASO
2014,0.9819509611150462,0.9255534073412021,NE006012,2,ASO
2015,1.1152768913250466,1.0537522872081253,NE006012,2,ASO
2016,0.8808513064273603,0.8141996519673619,NE006012,2,ASO
2017,1.1959269322373354,1.1241482274342598,NE006012,2,ASO
2018,1.1488568878543608,1.071951132708208,NE006012,2,ASO
2019,1.133998448226846,1.051965642737616,NE006012,2,ASO
2020,1.1267873173069864,1.0396274614746794,NE006012,2,ASO
2021,0.5491128962706116,0.4568259900952274,NE006012,2,ASO
2022,0.8788088250619042,0.7813948685434429,NE006012,2,ASO
2023,0.8900491890254726,0.7875081821639341,NE006012,2,ASO
2024,1.066386772588825,0.9587187153842094,NE006012,2,ASO
2025,0.8376569528120098,0.7248618452643171,NE006012,2,ASO
2026,0.6119733856538987,0.4940512277631288,NE006012,2,ASO
1981,0.24540075784465132,0.2836936444910805,NE006012,2,SON
1982,0.5904382213346363,0.6269905222244095,NE006012,2,SON
1983,0.20118491188074175,0.23599662701385907,NE006012,2,SON
1984,0.30306479474993964,0.33613592412640103,NE006012,2,SON
1985,0.3630329941914826,0.3943635378112881,NE006012,2,SON
1986,0.4288228223978358,0.4584127802609858,NE006012,2,SON
1987,0.38494555594139307,0.41279492804788714,NE006012,2,SON
1988,0.27451496800735686,0.300623754357195,NE006012,2,SON
1989,0.36984173195620446,0.3942099325493867,NE006012,2,SON
1990,0.15408889823134103,0.17671651306786734,NE006012,2,SON
1991,-0.049587646463499224,-0.028700617383628835,NE006012,2,SON
1992,0.17310412853373008,0.19225057185694455,NE006012,2,SON
1993,0.18101555335816313,0.19842141092472168,NE006012,2,SON
1994,0.6685693931748573,0.6842346649847604,NE006012,2,SON
1995,0.3978633621460392,0.4117880481992863,NE006012,2,SON
1996,0.42928413833795664,0.44146823863454787,NE006012,2,SON
1997,0.4350340956425492,0.4454776101824845,NE006012,2,SON
1998,0.5742239791184848,0.5829269079017642,NE006012,2,SON
1999,0.5398940622861195,0.5468564053127429,NE006012,2,SON
2000,0.13241139513959896,0.1376331524095665,NE006012,2,SON
2001,0.3744882112230706,0.3779693827363822,NE006012,2,SON
2002,0.2619072841111119,0.2636478698677676,NE006012,2,SON
2003,0.3941900307440421,0.3941900307440423,NE006012,2,SON
2004,0.20234921153308,0.2006086257764243,NE006012,2,SON
2005,0.3941224229108546,0.39064125139754297,NE006012,2,SON
2006,0.2542260834324086,0.24900432616244106,NE006012,2,SON
2007,0.3646575581390515,0.357695215112428,NE006012,2,SON
2008,0.34392325966826903,0.33522033088498965,NE006012,2,SON
2009,0.18029788328179935,0.16985436874186405,NE006012,2,SON
2010,0.4041372218555568,0.39195312155896556,NE006012,2,SON
2011,0.26928146375655715,0.25535677770331044,NE006012,2,SON
2012,0.1798962116906696,0.16423093988076698,NE006012,2,SON
2013,0.20925544811154445,0.1918495905449859,NE006012,2,SON
2014,0.31324166108007734,0.29409521775686287,NE006012,2,SON
2015,0.5222024969188495,0.5013154678389791,NE006012,2,SON
2016,0.17719289805352836,0.15456528321700205,NE006012,2,SON
2017,0.2786273654472449,0.2542591648540627,NE006012,2,SON
2018,0.49135267376523795,0.4652438874153998,NE006012,2,SON
2019,0.3281190002441421,0.30026962813764846,NE006012,2,SON
2020,0.47885976727456736,0.4492698094114178,NE006012,2,SON
2021,0.17213865031798675,0.14080810669818128,NE006012,2,SON
2022,0.4737184026889827,0.4406472733125213,NE006012,2,SON
2023,0.5129928495696339,0.47818113443651655,NE006012,2,SON
2024,0.641080318177204,0.6045280172874308,NE006012,2,SON
2025,0.41998368065348507,0.3816907940070559,NE006012,2,SON
2026,0.2722794710571706,0.23224599865408552,NE006012,2,SON
1981,1.0586442183177014,1.1862292878872451,NE006006,2,JAS
1982,1.2174404573364344,1.339226205561907,NE006006,2,JAS
1983,0.729215475556489,0.8452019024378925,NE006006,2,JAS
1984,0.4898468887121823,0.6000339942495148,NE006006,2,JAS
1985,1.1373611768212408,1.241748961014504,NE006006,2,JAS
1986,1.0237650451540263,1.1223535080032185,NE006006,2,JAS
1987,0.8103674613046887,0.9031566028098117,NE006006,2,JAS
1988,1.0852745727032647,1.1722643928643166,NE006006,2,JAS
1989,1.1096915687946713,1.190882067611654,NE006006,2,JAS
1990,0.802559146290818,0.8779503237637297,NE006006,2,JAS
1991,0.8782355050870321,0.9478273612158745,NE006006,2,JAS
1992,1.0859612739381872,1.1497538087229586,NE006006,2,JAS
1993,0.7846624274746947,0.8426556409153969,NE006006,2,JAS
1994,1.2110937873079424,1.2632876794045735,NE006006,2,JAS
1995,0.9975701343279204,1.0439647050804823,NE006006,2,JAS
1996,0.8374601826389833,0.8780554320474759,NE006006,2,JAS
1997,0.9434156649171787,0.9782115929816003,NE006006,2,JAS
1998,1.2511682705697802,1.2801648772901326,NE006006,2,JAS
1999,1.5318850735586957,1.5550823589349771,NE006006,2,JAS
2000,0.9032815084587013,0.9206794724909134,NE006006,2,JAS
2001,1.21619641199962,1.2277950546877612,NE006006,2,JAS
2002,0.9670305004786198,0.9728298218226917,NE006006,2,JAS
2003,1.0952530947228463,1.0952530947228472,NE006006,2,JAS
2004,0.8042085568912668,0.7984092355471984,NE006006,2,JAS
2005,1.188413816480253,1.1768151737921135,NE006006,2,JAS
2006,0.99780504840376,0.9804070843715514,NE006006,2,JAS
2007,1.3193862927205688,1.2961890073442892,NE006006,2,JAS
2008,0.9249611808635592,0.8959645741432103,NE006006,2,JAS
2009,0.6550646535339636,0.6202687254695437,NE006006,2,JAS
2010,1.3050841537223052,1.264488904313816,NE006006,2,JAS
2011,0.9749489097345483,0.9285543389819881,NE006006,2,JAS
2012,1.3087439682069995,1.25655007611037,NE006006,2,JAS
2013,1.166988329312094,1.1089951158713935,NE006006,2,JAS
2014,1.3518810998028368,1.2880885650180671,NE006006,2,JAS
2015,1.3399073650610327,1.2703155089321938,NE006006,2,JAS
2016,1.3147337619360857,1.2393425844631758,NE006006,2,JAS
2017,1.0997049158271155,1.0185144170101363,NE006006,2,JAS
2018,1.2762804235192742,1.189290603358224,NE006006,2,JAS
2019,1.2635047040384488,1.1707155625333294,NE006006,2,JAS
2020,1.3341417785552063,1.235553315706016,NE006006,2,JAS
2021,0.5803541573775939,0.4759663731843342,NE006006,2,JAS
2022,1.0268579077240558,0.9166708021867251,NE006006,2,JAS
2023,0.8190245989197877,0.7030381720383878,NE006006,2,JAS
2024,1.4711430126544784,1.3493572644290075,NE006006,2,JAS
2025,1.1810055360057239,1.0534204664361837,NE006006,2,JAS
2026,0.4563748529488607,0.3229904620352495,NE006006,2,JAS
1981,0.6960415261014818,0.8729414896145699,NE006006,2,ASO
1982,0.99347186438834,1.162330920469015,NE006006,2,ASO
1983,0.4639515764587445,0.6247697251070065,NE006006,2,ASO
1984,0.4143638474291972,0.5671410886450461,NE006006,2,ASO
1985,0.9221684463976119,1.0669047801810478,NE006006,2,ASO
1986,0.8810582262743084,1.0177536526253312,NE006006,2,ASO
1987,0.7278228650657403,0.8564773839843501,NE006006,2,ASO
1988,0.9067704364436664,1.0273840479298633,NE006006,2,ASO
1989,1.0230892918628025,1.1356619959165863,NE006006,2,ASO
1990,0.4052479513718837,0.5097797479932562,NE006006,2,ASO
1991,0.5828619677231897,0.6793528569121491,NE006006,2,ASO
1992,0.9119763788104571,1.0004263605670034,NE006006,2,ASO
1993,0.48939244684225747,0.5698015211663908,NE006006,2,ASO
1994,1.0659982193270479,1.138366386218768,NE006006,2,ASO
1995,0.7943355599097164,0.8586628193690237,NE006006,2,ASO
1996,0.6670685835860184,0.7233549356129126,NE006006,2,ASO
1997,0.935943083854912,0.9841885284493932,NE006006,2,ASO
1998,0.9538214663673539,0.994026003529422,NE006006,2,ASO
1999,1.4116631597566816,1.4438267894863368,NE006006,2,ASO
2000,0.5273328014835803,0.5514555237808224,NE006006,2,ASO
2001,0.843698179162226,0.8597799940270551,NE006006,2,ASO
2002,0.6289762499426262,0.6370171573750423,NE006006,2,ASO
2003,0.9572589081938883,0.9572589081938913,NE006006,2,ASO
2004,0.6326738886424317,0.6246329812100216,NE006006,2,ASO
2005,1.0248028318237101,1.0087210169588872,NE006006,2,ASO
2006,0.857873985075707,0.8337512627784709,NE006006,2,ASO
2007,1.0973442488973009,1.0651806191676516,NE006006,2,ASO
2008,0.8190008861052422,0.7787963489431801,NE006006,2,ASO
2009,0.6271894765193975,0.5789440319249223,NE006006,2,ASO
2010,0.9858597808169536,0.9295734287900653,NE006006,2,ASO
2011,0.8618323384423614,0.7975050789830601,NE006006,2,ASO
2012,1.121362687946954,1.0489945210552398,NE006006,2,ASO
2013,1.012909817053449,0.9325007427293216,NE006006,2,ASO
2014,1.261275220054623,1.1728252382980826,NE006006,2,ASO
2015,1.2501554163616573,1.1536645271727037,NE006006,2,ASO
2016,1.0901659399606085,0.985634143339242,NE006006,2,ASO
2017,0.9203965389675819,0.8078238349138024,NE006006,2,ASO
2018,1.1578828243856418,1.0372692128994494,NE006006,2,ASO
2019,1.1459069855190471,1.0172524666004414,NE006006,2,ASO
2020,1.214902936732699,1.0782075103816804,NE006006,2,ASO
2021,0.45217696268111573,0.3074406288976841,NE006006,2,ASO
2022,0.8631940025919583,0.7104167613761136,NE006006,2,ASO
2023,0.7665943516794903,0.6057762030312326,NE006006,2,ASO
2024,1.3585674938889662,1.1897084378082954,NE006006,2,ASO
2025,0.9558899279033546,0.7789899643902708,NE006006,2,ASO
2026,0.4807976951390406,0.29585682419354375,NE006006,2,ASO
1981,0.21483013502342593,0.24110002465187427,NE006006,2,SON
1982,0.546492889418175,0.5715686931544212,NE006006,2,SON
1983,0.16386587777718054,0.18774759562122456,NE006006,2,SON
1984,0.25599427255618334,0.2786819045080252,NE006006,2,SON
1985,0.43141794179467435,0.45291148785431407,NE006006,2,SON
1986,0.4913967838410591,0.5116962440084967,NE006006,2,SON
1987,0.39992326017309887,0.41902863444833427,NE006006,2,SON
1988,0.2563662094603962,0.2742774978434294,NE006006,2,SON
1989,0.36585538799151907,0.38257259048235015,NE006006,2,SON
1990,0.06972037716044999,0.08524349375907891,NE006006,2,SON
1991,-0.041825607848874125,-0.027496577142447354,NE006006,2,SON
1992,0.11475748237026873,0.12789242718449334,NE006006,2,SON
1993,0.18197281645523478,0.19391367537725723,NE006006,2,SON
1994,0.683070595798381,0.6938173688282013,NE006006,2,SON
1995,0.37990995997991556,0.3894626471175337,NE006006,2,SON
1996,0.47771697569419735,0.48607557693961334,NE006006,2,SON
1997,0.408782765455307,0.41594728080852084,NE006006,2,SON
1998,0.5897359872929717,0.5957064167539834,NE006006,2,SON
1999,0.5807214043129996,0.5854977478818086,NE006006,2,SON
2000,0.13761282842873448,0.1411950861053414,NE006006,2,SON
2001,0.41816023832441535,0.4205484101088201,NE006006,2,SON
2002,0.21972773998273742,0.22092182587494003,NE006006,2,SON
2003,0.35505849970266057,0.355058499702661,NE006006,2,SON
2004,0.1844126649812038,0.18321857908900208,NE006006,2,SON
2005,0.345284745679685,0.3428965738952811,NE006006,2,SON
2006,0.25173460275709636,0.24815234508049033,NE006006,2,SON
2007,0.2917765531360092,0.287000209567201,NE006006,2,SON
2008,0.38355836990313513,0.3775879404421248,NE006006,2,SON
2009,0.16067185797915082,0.15350734262593832,NE006006,2,SON
2010,0.4082616259543516,0.39990302470893696,NE006006,2,SON
2011,0.26064319966866506,0.25109051253104825,NE006006,2,SON
2012,0.1460792261355334,0.13533245310571443,NE006006,2,SON
2013,0.1742435271804882,0.16230266825846706,NE006006,2,SON
2014,0.34087208951387177,0.3277371446996485,NE006006,2,SON
2015,0.5654289662340206,0.5510999355275952,NE006006,2,SON
2016,0.17827902554406017,0.16275590894543257,NE006006,2,SON
2017,0.19555102433275548,0.17883382184192573,NE006006,2,SON
2018,0.4682085471076599,0.450297258724628,NE006006,2,SON
2019,0.2962722437475771,0.2771668694723426,NE006006,2,SON
2020,0.4514743099944826,0.43117484982704596,NE006006,2,SON
2021,0.1603804429434693,0.13888689688383046,NE006006,2,SON
2022,0.4362732816620793,0.4135856497102383,NE006006,2,SON
2023,0.4312824716473351,0.40740075380329194,NE006006,2,SON
2024,0.6325397861535685,0.6074639824173232,NE006006,2,SON
2025,0.3777340346430968,0.35146414501464934,NE006006,2,SON
2026,0.23834041237661413,0.21087643685596452,NE006006,2,SON
1981,0.009048588689667757,0.042246509282164314,NE001003,2,JAS
1982,0.020030496629051025,0.05171942083097991,NE001003,2,JAS
1983,0.003436986280408484,0.03361691409176925,NE001003,2,JAS
1984,-0.0012463050348715185,0.02742462638592113,NE001003,2,JAS
1985,0.024086526632665386,0.05124846166288992,NE001003,2,JAS
1986,0.01433835189925451,0.03999129053891092,NE001003,2,JAS
1987,0.03230967395029581,0.056453616199384105,NE001003,2,JAS
1988,0.0771103699811865,0.09974531583970712,NE001003,2,JAS
1989,0.06176525777301753,0.08289120724097003,NE001003,2,JAS
1990,0.03613238663597282,0.0557493397133572,NE001003,2,JAS
1991,0.024259590239250943,0.04236754692606721,NE001003,2,JAS
1992,0.043878529001492604,0.06047748929774075,NE001003,2,JAS
1993,0.024410521312710678,0.03950048521839071,NE001003,2,JAS
1994,0.10162858920999154,0.1152095567251039,NE001003,2,JAS
1995,0.08644675645774173,0.09851872758228597,NE001003,2,JAS
1996,0.007146371587510386,0.017709346321486505,NE001003,2,JAS
1997,0.030249417362197894,0.0393033957056059,NE001003,2,JAS
1998,0.06344985685588378,0.07099483880872366,NE001003,2,JAS
1999,0.12471098440592221,0.13074696996819396,NE001003,2,JAS
2000,0.029128393618541436,0.03365538279024508,NE001003,2,JAS
2001,0.01555925089284188,0.018577243673977853,NE001003,2,JAS
2002,0.027853955305848863,0.029362951696416718,NE001003,2,JAS
2003,0.0195346893689681,0.019534689368967836,NE001003,2,JAS
2004,0.04057744505119135,0.03906844866062297,NE001003,2,JAS
2005,0.020770405625205077,0.017752412844068578,NE001003,2,JAS
2006,0.029567346214343853,0.025040357042639235,NE001003,2,JAS
2007,0.03377261368317046,0.027736628120898166,NE001003,2,JAS
2008,0.050804189618305344,0.043259207665464934,NE001003,2,JAS
2009,0.036803135227204534,0.027749156883796006,NE001003,2,JAS
2010,0.04251707865700004,0.03195410392302339,NE001003,2,JAS
2011,0.022650886863011865,0.010578915738467101,NE001003,2,JAS
2012,0.034640453577739906,0.021059486062627024,NE001003,2,JAS
2013,0.017988280074175616,0.002898316168495063,NE001003,2,JAS
2014,0.014056742931461932,-0.002542217364786742,NE001003,2,JAS
2015,0.05719431930275169,0.0390863626159349,NE001003,2,JAS
2016,0.0455400419012082,0.02592308882382329,NE001003,2,JAS
2017,0.039814248878178554,0.018688299410225526,NE001003,2,JAS
2018,0.0777292653067419,0.055094319448220755,NE001003,2,JAS
2019,0.1550626378515203,0.13091869560243102,NE001003,2,JAS
2020,0.03186740132499652,0.006214462685339581,NE001003,2,JAS
2021,0.009906605039398546,-0.017255329990826504,NE001003,2,JAS
2022,0.031935822417576316,0.0032648909967831416,NE001003,2,JAS
2023,0.02894255448602995,-0.0012373733253313451,NE001003,2,JAS
2024,0.4665515198804019,0.43486259567847246,NE001003,2,JAS
2025,0.024076098957343837,-0.009121821635153696,NE001003,2,JAS
2026,0.007661081121905666,-0.027045835861159537,NE001003,2,JAS
1981,0.0034286590011028406,0.03715691375329738,NE001003,2,ASO
1982,0.019858723212551742,0.052053875476010335,NE001003,2,ASO
1983,0.0013149472431416079,0.03197699701786381,NE001003,2,ASO
1984,0.0010996650786672113,0.030228612364653462,NE001003,2,ASO
1985,0.019998605046588718,0.04759444984383902,NE001003,2,ASO
1986,0.019280394877778887,0.04534313718629279,NE001003,2,ASO
1987,0.0305671284606873,0.05509676828046526,NE001003,2,ASO
1988,0.0649468250314146,0.08794336236245617,NE001003,2,ASO
1989,0.06245407904316661,0.08391751388547222,NE001003,2,ASO
1990,0.0113569068327955,0.03128723918636517,NE001003,2,ASO
1991,0.021179691505370746,0.03957692137020402,NE001003,2,ASO
1992,0.03440156613590917,0.051265693512006494,NE001003,2,ASO
1993,0.026313612977252057,0.041644637864613435,NE001003,2,ASO
1994,0.11298755953730202,0.126785481935927,NE001003,2,ASO
1995,0.07326372538405931,0.08552854529394835,NE001003,2,ASO
1996,0.005925960688695914,0.016657678109848556,NE001003,2,ASO
1997,0.030304264265244213,0.039502879197660906,NE001003,2,ASO
1998,0.048987432754464245,0.05665294519814499,NE001003,2,ASO
1999,0.10233928688585103,0.10847169684079538,NE001003,2,ASO
2000,-0.00040571400107653616,0.004193593465131866,NE001003,2,ASO
2001,0.013088156270607176,0.01615436124807963,NE001003,2,ASO
2002,0.013466973065899498,0.015000075554635558,NE001003,2,ASO
2003,0.0186203759950735,0.018620375995073612,NE001003,2,ASO
2004,0.02839452117118823,0.026861418682451947,NE001003,2,ASO
2005,0.012123220655424795,0.009057015677952564,NE001003,2,ASO
2006,0.028515409984493093,0.023916102518284913,NE001003,2,ASO
2007,0.04010832645651368,0.03397591650156911,NE001003,2,ASO
2008,0.04209873124364985,0.03443321879996933,NE001003,2,ASO
2009,0.035257357793999966,0.026058742861583495,NE001003,2,ASO
2010,0.023503887718617746,0.012772170297464882,NE001003,2,ASO
2011,0.021710300675594423,0.00944548076570561,NE001003,2,ASO
2012,0.03150155349279641,0.017703631094171203,NE001003,2,ASO
2013,0.01708854342349882,0.0017575185361376616,NE001003,2,ASO
2014,0.012806433991884622,-0.004057693384212482,NE001003,2,ASO
2015,0.05684031032389872,0.03844308045906522,NE001003,2,ASO
2016,0.03199519406397998,0.012064861710410532,NE001003,2,ASO
2017,0.029064826416318565,0.007601391574013169,NE001003,2,ASO
2018,0.07978650217537869,0.056789964844336904,NE001003,2,ASO
2019,0.15154265898104127,0.12701301916126354,NE001003,2,ASO
2020,0.027073570129899166,0.0010108278213850352,NE001003,2,ASO
2021,0.007359207267522795,-0.02023663752972729,NE001003,2,ASO
2022,0.02985292968233328,0.0007239823963472516,NE001003,2,ASO
2023,0.03172559255514314,0.0010635427804207148,NE001003,2,ASO
2024,0.4629031047425216,0.43070795247906324,NE001003,2,ASO
2025,0.021259463870016187,-0.01246879088217813,NE001003,2,ASO
2026,0.03308338862591408,-0.0021779686150166302,NE001003,2,ASO
1981,-0.0012943404297190812,0.0020786441745862076,NE001003,2,SON
1982,0.012722079497472527,0.0159417466197639,NE001003,2,SON
1983,-0.0014920585873625485,0.001574291052914966,NE001003,2,SON
1984,0.0033473370401273447,0.006260369198391,NE001003,2,SON
1985,0.00019513124790218953,0.002954845924151985,NE001003,2,SON
1986,0.012370820905693984,0.014977218099929865,NE001003,2,SON
1987,0.008074021638037653,0.010527101350259674,NE001003,2,SON
1988,0.007123001294231683,0.009422763524439845,NE001003,2,SON
1989,0.0073346923099498924,0.00948113705814414,NE001003,2,SON
1990,-0.0018409919568739188,0.00015213530930646875,NE001003,2,SON
1991,-0.0017622523864149753,7.755739775155285e-05,NE001003,2,SON
1992,0.002835235579055486,0.004521727881208155,NE001003,2,SON
1993,0.010762907675402696,0.01229608249554145,NE001003,2,SON
1994,0.061178088381393686,0.06255794571951859,NE001003,2,SON
1995,0.02037791340500869,0.021604453261119726,NE001003,2,SON
1996,0.007208297982194616,0.008281520356291736,NE001003,2,SON
1997,0.0075957972611731765,0.008515702153256437,NE001003,2,SON
1998,0.02724045716321928,0.028007044573288682,NE001003,2,SON
1999,0.012252895713933901,0.012866165641989443,NE001003,2,SON
2000,-0.0018714636658622424,-0.0014115112198206155,NE001003,2,SON
2001,0.0016706566831599943,0.0019772916471877617,NE001003,2,SON
2002,0.0070744897401283065,0.0072278072221422145,NE001003,2,SON
2003,0.0020101268014891017,0.0020101268014891503,NE001003,2,SON
2004,0.003011871579538487,0.0028585540975246205,NE001003,2,SON
2005,0.005974863395287702,0.0056682284312599765,NE001003,2,SON
2006,0.008486128055178916,0.00802617560913733,NE001003,2,SON
2007,0.004338161324467648,0.003724891396412148,NE001003,2,SON
2008,0.032756776856842196,0.031990189446772836,NE001003,2,SON
2009,0.004826002102662464,0.003906097210579245,NE001003,2,SON
2010,0.005762413833015109,0.004689191458918031,NE001003,2,SON
2011,0.00048560157659565187,-0.0007409382795153414,NE001003,2,SON
2012,-0.002656229321371887,-0.00403608665949674,NE001003,2,SON
2013,0.0004533637390641346,-0.0010798110810745776,NE001003,2,SON
2014,0.005275912674396419,0.0035894203722437916,NE001003,2,SON
2015,0.015806136217750386,0.013966326433583899,NE001003,2,SON
2016,0.0009517276623065233,-0.0010413996038738226,NE001003,2,SON
2017,-0.0008320398333988531,-0.0029784845815930584,NE001003,2,SON
2018,0.010008193980051391,0.007708431749843271,NE001003,2,SON
2019,0.0005114707567561369,-0.0019416089554658428,NE001003,2,SON
2020,0.006554616514335789,0.00394821932009995,NE001003,2,SON
2021,-0.0009180107170616656,-0.003677725393311364,NE001003,2,SON
2022,0.008070169404215928,0.005157137245952315,NE001003,2,SON
2023,0.009332997183744262,0.006266647543466789,NE001003,2,SON
2024,0.07415593375102318,0.07093626662873184,NE001003,2,SON
2025,0.018536163128883735,0.015163178524578488,NE001003,2,SON
2026,0.009499872358860996,0.005973570272541889,NE001003,2,SON
1981,0.9635436739995418,1.0625225672469145,NE007008,2,JAS
1982,1.1466036761667997,1.2410835288120188,NE007008,2,JAS
1983,1.0068465212210058,1.0968273332640712,NE007008,2,JAS
1984,0.6961560474191186,0.7816378188600321,NE007008,2,JAS
1985,1.460821235494905,1.541803966333665,NE007008,2,JAS
1986,1.1133254659926115,1.1898091562292177,NE007008,2,JAS
1987,1.3463979060675388,1.4183825557019913,NE007008,2,JAS
1988,1.3929849179686709,1.4604705270009697,NE007008,2,JAS
1989,1.4158655009752232,1.4788520694053702,NE007008,2,JAS
1990,1.1981316465074163,1.2566191743354096,NE007008,2,JAS
1991,1.121454852662693,1.1754433398885327,NE007008,2,JAS
1992,1.3531599501588907,1.4026493967825766,NE007008,2,JAS
1993,0.9919909305153558,1.036981336536888,NE007008,2,JAS
1994,1.6688348497779348,1.7093262151973134,NE007008,2,JAS
1995,1.1008855056366527,1.1368778304538794,NE007008,2,JAS
1996,0.9530542513747794,0.9845475355898524,NE007008,2,JAS
1997,1.1087324150488993,1.1357266586618187,NE007008,2,JAS
1998,1.654112944054522,1.6766081470652876,NE007008,2,JAS
1999,1.8311024583128899,1.8490986207215019,NE007008,2,JAS
2000,0.9157655883234852,0.9292627101299453,NE007008,2,JAS
2001,1.2360477173342796,1.245045798538586,NE007008,2,JAS
2002,1.0737124794278947,1.0782115200300475,NE007008,2,JAS
2003,1.156023653491018,1.156023653491017,NE007008,2,JAS
2004,0.9668117808106003,0.9623127402084457,NE007008,2,JAS
2005,1.2729173937378646,1.2639193125335582,NE007008,2,JAS
2006,1.2240157207422515,1.2105185989357914,NE007008,2,JAS
2007,1.373821877955948,1.355825715547334,NE007008,2,JAS
2008,1.240816225924796,1.2183210229140284,NE007008,2,JAS
2009,0.8168390094159697,0.7898447658030485,NE007008,2,JAS
2010,1.532635882902138,1.501142598687065,NE007008,2,JAS
2011,1.1812240895459831,1.1452317647287564,NE007008,2,JAS
2012,1.091819861874291,1.0513284964549106,NE007008,2,JAS
2013,1.1035279372069138,1.0585375311853797,NE007008,2,JAS
2014,1.354609300530862,1.3051198539071742,NE007008,2,JAS
2015,1.401217865341501,1.3472293781156615,NE007008,2,JAS
2016,1.2847500795129607,1.2262625516849675,NE007008,2,JAS
2017,1.3056695459959085,1.2426829775657615,NE007008,2,JAS
2018,1.3462965967844265,1.2788109877521259,NE007008,2,JAS
2019,1.435624837131363,1.3636401874969086,NE007008,2,JAS
2020,1.4076731839816883,1.331189493745082,NE007008,2,JAS
2021,1.0066391120443583,0.9256563812055985,NE007008,2,JAS
2022,1.3586812388432348,1.2731994674023213,NE007008,2,JAS
2023,1.137563964991675,1.0475831529486077,NE007008,2,JAS
2024,1.941056508458419,1.8465766558131982,NE007008,2,JAS
2025,1.2309486229934672,1.1319697297460944,NE007008,2,JAS
2026,0.6592644300615199,0.5557864962119935,NE007008,2,JAS
1981,0.5732233831363049,0.6973948827967709,NE007008,2,ASO
1982,0.9616386923711495,1.0801660329561389,NE007008,2,ASO
1983,0.6731730388486136,0.7860562203581282,NE007008,2,ASO
1984,0.3642934761384391,0.47153249857247714,NE007008,2,ASO
1985,1.2629436181511362,1.3645384815096977,NE007008,2,ASO
1986,0.9290463662537956,1.0249970705368823,NE007008,2,ASO
1987,1.2126292531085627,1.302935798316173,NE007008,2,ASO
1988,1.2192838388859102,1.3039462250180456,NE007008,2,ASO
1989,1.1908553033128326,1.2698735303694915,NE007008,2,ASO
1990,0.8471716339124195,0.9205457018936035,NE007008,2,ASO
1991,0.8632358218829552,0.9309657307886627,NE007008,2,ASO
1992,1.0834334330023256,1.1455191828325584,NE007008,2,ASO
1993,0.7964235924090938,0.85286518316385,NE007008,2,ASO
1994,1.5131088113575948,1.5639062430368762,NE007008,2,ASO
1995,0.9686846732446309,1.0138379458484357,NE007008,2,ASO
1996,0.7697544071676798,0.8092635206960082,NE007008,2,ASO
1997,0.9422105638473042,0.9760755183001577,NE007008,2,ASO
1998,1.5052250833219283,1.5334458786993053,NE007008,2,ASO
1999,1.6573521345176436,1.6799287708195458,NE007008,2,ASO
2000,0.5376584864591747,0.5545909636856003,NE007008,2,ASO
2001,0.8908947654331645,0.9021830835841154,NE007008,2,ASO
2002,0.7772417612766451,0.7828859203521195,NE007008,2,ASO
2003,0.963160133228697,0.9631601332286965,NE007008,2,ASO
2004,0.801964610785999,0.796320451710522,NE007008,2,ASO
2005,0.9922077774575958,0.980919459306644,NE007008,2,ASO
2006,1.0532421747583536,1.0363096975319253,NE007008,2,ASO
2007,1.1158362617319388,1.093259625430034,NE007008,2,ASO
2008,1.0904240770629878,1.0622032816856082,NE007008,2,ASO
2009,0.7653889440040562,0.7315239895512,NE007008,2,ASO
2010,1.2004673165950763,1.1609582030667454,NE007008,2,ASO
2011,1.0437400831067707,0.9985868105029632,NE007008,2,ASO
2012,0.8753488792026678,0.8245514475233855,NE007008,2,ASO
2013,0.977043594240082,0.9206020034853232,NE007008,2,ASO
2014,1.098175080332486,1.0360893305022523,NE007008,2,ASO
2015,1.256155585431137,1.1884256765254269,NE007008,2,ASO
2016,0.9065290234624593,0.8331549554812744,NE007008,2,ASO
2017,1.0747448337389942,0.9957266066823327,NE007008,2,ASO
2018,1.1753951735655996,1.0907327874334616,NE007008,2,ASO
2019,1.2227141879224026,1.1324076427147898,NE007008,2,ASO
2020,1.2499280923367486,1.1539773880536592,NE007008,2,ASO
2021,0.4624952315205504,0.36090036816198623,NE007008,2,ASO
2022,1.2611060605722335,1.1538670381381928,NE007008,2,ASO
2023,1.0174437515185202,0.9045605700090047,NE007008,2,ASO
2024,1.827966585438007,1.709439244853015,NE007008,2,ASO
2025,1.0274638452022493,0.9032923455417825,NE007008,2,ASO
2026,0.6572795677412769,0.5274639090053336,NE007008,2,ASO
1981,0.06347438869398675,0.10174217121146345,NE007008,2,SON
1982,0.47044914745349015,0.5069774853110818,NE007008,2,SON
1983,0.1958128973014507,0.23060179049915683,NE007008,2,SON
1984,0.1742358687890189,0.20728531732683994,NE007008,2,SON
1985,0.5827105683003584,0.6140205721782939,NE007008,2,SON
1986,0.4617748986371455,0.49134545785519596,NE007008,2,SON
1987,0.5738736667874432,0.6017047813456082,NE007008,2,SON
1988,0.2921384546271908,0.31823012452547067,NE007008,2,SON
1989,0.5602000675064976,0.5845522927448921,NE007008,2,SON
1990,0.38751445227521303,0.4101272328537223,NE007008,2,SON
1991,-0.06947344312502729,-0.04860010720640351,NE007008,2,SON
1992,0.4970524673260742,0.5161863585848125,NE007008,2,SON
1993,0.1367382197636668,0.15413266636252,NE007008,2,SON
1994,1.0214469547653042,1.0371019567042719,NE007008,2,SON
1995,0.3009434596221075,0.3148590169011901,NE007008,2,SON
1996,0.4174880589131106,0.4296641715323077,NE007008,2,SON
1997,0.43000570060118903,0.44044236856050106,NE007008,2,SON
1998,0.9294938518830875,0.938191075182514,NE007008,2,SON
1999,0.9265809524626374,0.9335387311021788,NE007008,2,SON
2000,0.026286544503933362,0.031504878483589294,NE007008,2,SON
2001,0.5256900573828127,0.5291689467025835,NE007008,2,SON
2002,0.25125975286608326,0.2529991975259686,NE007008,2,SON
2003,0.4467294531499361,0.4467294531499364,NE007008,2,SON
2004,0.1607282568316356,0.15898881217175037,NE007008,2,SON
2005,0.35124001069309835,0.34776112137332804,NE007008,2,SON
2006,0.4431009184474529,0.4378825844677971,NE007008,2,SON
2007,0.44445821767272997,0.4375004390331891,NE007008,2,SON
2008,0.6181830732796785,0.609485849980252,NE007008,2,SON
2009,0.2553114474301661,0.24487477947085462,NE007008,2,SON
2010,0.48550312816371427,0.4733270155445173,NE007008,2,SON
2011,0.27533471503132134,0.26141915775223884,NE007008,2,SON
2012,0.055545694807951684,0.03989069286898411,NE007008,2,SON
2013,0.19774423265852234,0.18034978605966925,NE007008,2,SON
2014,0.4891713930133069,0.47003750175456877,NE007008,2,SON
2015,0.588770721513387,0.5678973855947633,NE007008,2,SON
2016,0.29004566622136674,0.267432885642858,NE007008,2,SON
2017,0.013648335893960362,-0.010703889344433892,NE007008,2,SON
2018,0.5027203083334175,0.4766286384351382,NE007008,2,SON
2019,0.2981936462107637,0.2703625316525989,NE007008,2,SON
2020,0.5033016928426032,0.47373113362455327,NE007008,2,SON
2021,0.13373659362684254,0.10242658974890712,NE007008,2,SON
2022,0.6539294602233161,0.6208800116854956,NE007008,2,SON
2023,0.4070074489972087,0.3722185557995027,NE007008,2,SON
2024,0.9353809256506131,0.898852587793022,NE007008,2,SON
2025,0.580250376238008,0.5419825937205314,NE007008,2,SON
2026,0.30060006984361365,0.260592842666252,NE007008,2,SON
1981,0.40163340011666293,0.4357625987700155,NE007010,2,JAS
1982,0.42858269475912114,0.4611605662009575,NE007010,2,JAS
1983,0.27231907731529986,0.3033456215456205,NE007010,2,JAS
1984,0.11442064203217422,0.14389585905097868,NE007010,2,JAS
1985,0.48359830823251415,0.5115221980398024,NE007010,2,JAS
1986,0.30619969157621235,0.3325722541719849,NE007010,2,JAS
1987,0.39803117808660876,0.4228524134708651,NE007010,2,JAS
1988,0.8454957254186033,0.8687656335913434,NE007010,2,JAS
1989,0.5432572511336925,0.564975832094917,NE007010,2,JAS
1990,0.4279141466272969,0.4480814003770051,NE007010,2,JAS
1991,0.45063614249542006,0.4692520690336121,NE007010,2,JAS
1992,0.4793280289448794,0.4963926282715557,NE007010,2,JAS
1993,0.3147240221879134,0.3302372943030735,NE007010,2,JAS
1994,0.8008768649951873,0.8148388098988317,NE007010,2,JAS
1995,0.5861144454825341,0.5985250631746624,NE007010,2,JAS
1996,0.2766153940692593,0.2874746845498713,NE007010,2,JAS
1997,0.39365063040582293,0.4029585936749192,NE007010,2,JAS
1998,0.7753033054806518,0.783059941538232,NE007010,2,JAS
1999,0.8905452619354892,0.8967505707815531,NE007010,2,JAS
2000,0.3528613180439777,0.35751529967852586,NE007010,2,JAS
2001,0.3395914625172485,0.34269411694028046,NE007010,2,JAS
2002,0.3888206045107063,0.3903719317222221,NE007010,2,JAS
2003,0.37380574975884845,0.3738057497588485,NE007010,2,JAS
2004,0.26955271124005475,0.2680013840285386,NE007010,2,JAS
2005,0.3837618680621086,0.38065921363907673,NE007010,2,JAS
2006,0.30385066737200384,0.2991966857374558,NE007010,2,JAS
2007,0.4326770019022367,0.42647169305617244,NE007010,2,JAS
2008,0.4320850824416975,0.42432844638411754,NE007010,2,JAS
2009,0.3503139976999612,0.341006034430865,NE007010,2,JAS
2010,0.8636025975920321,0.8527433071114197,NE007010,2,JAS
2011,0.41604263327736757,0.4036320155852395,NE007010,2,JAS
2012,0.44783290083036015,0.4338709559267159,NE007010,2,JAS
2013,0.3709220109245564,0.35540873880939594,NE007010,2,JAS
2014,0.5219799768893524,0.5049153775626762,NE007010,2,JAS
2015,0.5121083179786238,0.4934923914404314,NE007010,2,JAS
2016,0.5188418433453698,0.4986745895956612,NE007010,2,JAS
2017,0.4641485470974754,0.4424299661362511,NE007010,2,JAS
2018,0.6793345549466326,0.6560646467738922,NE007010,2,JAS
2019,0.6717726206604369,0.6469513852761806,NE007010,2,JAS
2020,0.36873624148170087,0.34236367888592845,NE007010,2,JAS
2021,0.3187168120384777,0.2907929222311891,NE007010,2,JAS
2022,0.42380863167182575,0.3943334146530214,NE007010,2,JAS
2023,0.28396626130862906,0.25293971707830853,NE007010,2,JAS
2024,0.8373073451523718,0.804729473710535,NE007010,2,JAS
2025,0.38656919866072514,0.3524400000073727,NE007010,2,JAS
2026,0.15830175379828498,0.12262122793341634,NE007010,2,JAS
1981,0.11801995968285461,0.17298859888948298,NE007010,2,ASO
1982,0.40512831715261727,0.45759838184985346,NE007010,2,ASO
1983,0.13704582527483344,0.18701731546267747,NE007010,2,ASO
1984,0.10105837664082634,0.1485312923192782,NE007010,2,ASO
1985,0.3833544197892266,0.42832876095828626,NE007010,2,ASO
1986,0.19178483209053215,0.23426059875019967,NE007010,2,ASO
1987,0.33537088861386327,0.3753480807641386,NE007010,2,ASO
1988,0.7499821291765955,0.7874607468174786,NE007010,2,ASO
1989,0.46978296402892983,0.5047630071604208,NE007010,2,ASO
1990,0.26631633014221034,0.2987977987643092,NE007010,2,ASO
1991,0.3256384677984407,0.35562136191114735,NE007010,2,ASO
1992,0.327214609201166,0.3546989288044805,NE007010,2,ASO
1993,0.2690194170618289,0.29400516215575123,NE007010,2,ASO
1994,0.7119012890851801,0.7343884596697103,NE007010,2,ASO
1995,0.5281762165926067,0.5481648126677447,NE007010,2,ASO
1996,0.24647381904732435,0.26396384061307016,NE007010,2,ASO
1997,0.3483464358987557,0.3633378829551093,NE007010,2,ASO
1998,0.5991720628571773,0.6116649354041388,NE007010,2,ASO
1999,0.7347031990995039,0.7446974971370732,NE007010,2,ASO
2000,0.12293696148632768,0.1304326850145048,NE007010,2,ASO
2001,0.2284773070386457,0.23347445605743064,NE007010,2,ASO
2002,0.25445498367503777,0.25695355818443055,NE007010,2,ASO
2003,0.29130261889090814,0.29130261889090875,NE007010,2,ASO
2004,0.1723188643146857,0.16982028980529415,NE007010,2,ASO
2005,0.2820873939444146,0.2770902449256309,NE007010,2,ASO
2006,0.2643319277941356,0.2568362042659597,NE007010,2,ASO
2007,0.347476177841906,0.337481879804337,NE007010,2,ASO
2008,0.4114104231751505,0.39891755062818934,NE007010,2,ASO
2009,0.318850416832604,0.3038589697762507,NE007010,2,ASO
2010,0.4346090434658522,0.41711902190010675,NE007010,2,ASO
2011,0.384569870720404,0.36458127464526635,NE007010,2,ASO
2012,0.37785695665565583,0.355369786071126,NE007010,2,ASO
2013,0.3467121887344903,0.3217264436405683,NE007010,2,ASO
2014,0.4735775008484116,0.44609318124509745,NE007010,2,ASO
2015,0.453683012643124,0.42370011853041767,NE007010,2,ASO
2016,0.30768479168204516,0.27520332305994666,NE007010,2,ASO
2017,0.36934275314750964,0.33436271001601897,NE007010,2,ASO
2018,0.6288408496158513,0.5913622319749685,NE007010,2,ASO
2019,0.6205459182270883,0.5805687260768133,NE007010,2,ASO
2020,0.31680184367511605,0.27432607701544887,NE007010,2,ASO
2021,0.2220323205212805,0.17705797935222115,NE007010,2,ASO
2022,0.34263641365977293,0.2951634979813214,NE007010,2,ASO
2023,0.27910016872385374,0.22912867853601004,NE007010,2,ASO
2024,0.798195603458968,0.7457255387617321,NE007010,2,ASO
2025,0.2684822675334927,0.21351362832686466,NE007010,2,ASO
2026,0.1626633960618423,0.10519618234582212,NE007010,2,ASO
1981,0.02668463666651269,0.027700678104590495,NE007010,2,SON
1982,0.04836440766894253,0.04933426540528953,NE007010,2,SON
1983,0.02068090443691903,0.021604578471535213,NE007010,2,SON
1984,0.05001260761708631,0.050890097949971694,NE007010,2,SON
1985,0.11943198428618894,0.1202632909173435,NE007010,2,SON
1986,0.07668561626807166,0.07747073919749542,NE007010,2,SON
1987,0.12621190133864818,0.12695084056634115,NE007010,2,SON
1988,0.1266571177652567,0.12734987329121883,NE007010,2,SON
1989,0.11627372883050156,0.1169203006547329,NE007010,2,SON
1990,0.044002646970396596,0.04460303509289711,NE007010,2,SON
1991,0.03867492340097306,0.039229127821742774,NE007010,2,SON
1992,0.11448000670289035,0.11498802742192925,NE007010,2,SON
1993,0.09428778157529757,0.09474961859260567,NE007010,2,SON
1994,0.3588244921417503,0.3592401454573276,NE007010,2,SON
1995,0.1196559076263612,0.12002537724020768,NE007010,2,SON
1996,0.11786458593324695,0.11818787184536261,NE007010,2,SON
1997,0.08685615757638145,0.0871332597867663,NE007010,2,SON
1998,0.3148447164996925,0.3150756350083465,NE007010,2,SON
1999,0.11561019794870722,0.11579493275563046,NE007010,2,SON
2000,0.010340503825743627,0.010479054930936052,NE007010,2,SON
2001,0.07657939446320217,0.07667176186666379,NE007010,2,SON
2002,0.05008306327111624,0.05012924697284704,NE007010,2,SON
2003,0.06501063579974542,0.06501063579974542,NE007010,2,SON
2004,0.027887245687874006,0.027841061986143188,NE007010,2,SON
2005,0.052399451393540256,0.052307083990078634,NE007010,2,SON
2006,0.08759819332533778,0.08745964222014535,NE007010,2,SON
2007,0.08466031074635186,0.08447557593942862,NE007010,2,SON
2008,0.11814433385029806,0.11791341534164401,NE007010,2,SON
2009,0.05069283822940505,0.050415736019020184,NE007010,2,SON
2010,0.08039960236638179,0.08007631645426612,NE007010,2,SON
2011,0.031834810934097096,0.031465341320250625,NE007010,2,SON
2012,0.005104675138933382,0.004689021823356093,NE007010,2,SON
2013,0.03637254385872696,0.035910706841418866,NE007010,2,SON
2014,0.07802394154055386,0.07751592082151496,NE007010,2,SON
2015,0.11082359421990405,0.11026938979913434,NE007010,2,SON
2016,0.05668036308560286,0.05607997496310233,NE007010,2,SON
2017,0.018530242064864214,0.01788367024063288,NE007010,2,SON
2018,0.11269483625903118,0.11200208073306904,NE007010,2,SON
2019,0.05058379944262559,0.04984486021493263,NE007010,2,SON
2020,0.08297940356694457,0.08219428063752081,NE007010,2,SON
2021,0.01704753834695938,0.016216231715804802,NE007010,2,SON
2022,0.13211497215156923,0.13123748181868383,NE007010,2,SON
2023,0.06556625740517782,0.06464258337056163,NE007010,2,SON
2024,0.30338091345837337,0.30241105572202637,NE007010,2,SON
2025,0.13224348934981553,0.13122744791173774,NE007010,2,SON
2026,0.049001675412118896,0.04793945027231027,NE007010,2,SON
1981,1.690406864726268,1.816539485972747,NE003006,2,JAS
1982,1.6431632604226865,1.763562580703416,NE003006,2,JAS
1983,1.3423952346709327,1.4570612539859147,NE003006,2,JAS
1984,1.2047472884631951,1.3136800068124277,NE003006,2,JAS
1985,1.7115587344781613,1.8147581518616445,NE003006,2,JAS
1986,1.7552559614351964,1.85272207785293,NE003006,2,JAS
1987,1.5174901055841177,1.6092229210361038,NE003006,2,JAS
1988,1.8954348323826031,1.9814343468688398,NE003006,2,JAS
1989,1.9378277901049203,2.0180940036254076,NE003006,2,JAS
1990,1.4557281992886184,1.5302611118433562,NE003006,2,JAS
1991,1.7815824215700817,1.8503820331590701,NE003006,2,JAS
1992,1.9291569116952876,1.9922232223185283,NE003006,2,JAS
1993,1.599150342548334,1.6564833522058253,NE003006,2,JAS
1994,1.9179045258835734,1.9695042345753153,NE003006,2,JAS
1995,1.9367427056522035,1.982609113378196,NE003006,2,JAS
1996,1.678546374753638,1.718679481513881,NE003006,2,JAS
1997,1.4498055807675616,1.484205386562057,NE003006,2,JAS
1998,1.867003769297708,1.895670274126454,NE003006,2,JAS
1999,1.968057479562457,1.9909906834254536,NE003006,2,JAS
2000,1.6386241387292075,1.6558240416264547,NE003006,2,JAS
2001,1.9542996728323059,1.9657662747638036,NE003006,2,JAS
2002,1.7199216117618141,1.7256549127275642,NE003006,2,JAS
2003,1.690927602349001,1.6909276023490016,NE003006,2,JAS
2004,1.6327411683762807,1.627007867410532,NE003006,2,JAS
2005,1.7078080191663971,1.696341417234899,NE003006,2,JAS
2006,1.6603903661326453,1.6431904632353977,NE003006,2,JAS
2007,1.8069525898251972,1.784019385962202,NE003006,2,JAS
2008,1.728365976284989,1.6996994714562443,NE003006,2,JAS
2009,1.8114583564286908,1.7770585506341967,NE003006,2,JAS
2010,1.824008631926115,1.7838755251658716,NE003006,2,JAS
2011,1.4039540084599613,1.3580876007339684,NE003006,2,JAS
2012,1.8378765747175532,1.7862768660258126,NE003006,2,JAS
2013,1.6717370541697845,1.6144040445122945,NE003006,2,JAS
2014,1.8730884427279682,1.8100221321047287,NE003006,2,JAS
2015,1.8954139313169305,1.8266143197279416,NE003006,2,JAS
2016,1.8287586507796825,1.7542257382249442,NE003006,2,JAS
2017,1.4727929392236296,1.3925267257031437,NE003006,2,JAS
2018,1.8548588154140488,1.7688593009278135,NE003006,2,JAS
2019,1.774379169299075,1.6826463538470902,NE003006,2,JAS
2020,1.997680823242123,1.9002147068243889,NE003006,2,JAS
2021,1.9363724899668555,1.833173072583372,NE003006,2,JAS
2022,2.055038124116839,1.946105405767608,NE003006,2,JAS
2023,1.6540090849032931,1.5393430655883125,NE003006,2,JAS
2024,2.016168625427837,1.895769305147107,NE003006,2,JAS
2025,1.9385098653276822,1.8123772440812027,NE003006,2,JAS
2026,1.2093451279061607,1.0774792056939317,NE003006,2,JAS
1981,1.4072179814290697,1.5580253170208427,NE003006,2,ASO
1982,1.3104683114443556,1.4544207681455943,NE003006,2,ASO
1983,1.0180624435309755,1.1551600213416782,NE003006,2,ASO
1984,1.0477348338356525,1.1779775327558208,NE003006,2,ASO
1985,1.4631217470612066,1.586509567090839,NE003006,2,ASO
1986,1.5102582940538558,1.6267912351929539,NE003006,2,ASO
1987,1.3644330418694666,1.4741111041180286,NE003006,2,ASO
1988,1.5790103463067924,1.6818335296648201,NE003006,2,ASO
1989,1.7403500308876365,1.8363183353551282,NE003006,2,ASO
1990,1.2222203296919902,1.3113337552689477,NE003006,2,ASO
1991,1.2762932894408827,1.3585518361273041,NE003006,2,ASO
1992,1.711510051436844,1.7869137192327311,NE003006,2,ASO
1993,1.2552051485379925,1.3237539374433436,NE003006,2,ASO
1994,1.7826633004972898,1.8443572105121067,NE003006,2,ASO
1995,1.7901340969864112,1.8449731281106938,NE003006,2,ASO
1996,1.516712269899602,1.5646964221333486,NE003006,2,ASO
1997,1.3191636306835444,1.3602929040267566,NE003006,2,ASO
1998,1.616474586512456,1.6507489809651321,NE003006,2,ASO
1999,1.787164316487259,1.814583832049401,NE003006,2,ASO
2000,1.2745882631812064,1.2951528998528123,NE003006,2,ASO
2001,1.4958652433619977,1.5095750011430693,NE003006,2,ASO
2002,1.463550971357131,1.4704058502476667,NE003006,2,ASO
2003,1.4500548054591489,1.4500548054591502,NE003006,2,ASO
2004,1.414959632940357,1.4081047540498224,NE003006,2,ASO
2005,1.45841420523496,1.444704447453891,NE003006,2,ASO
2006,1.3813610645503787,1.3607964278787736,NE003006,2,ASO
2007,1.5547206747863722,1.527301159224233,NE003006,2,ASO
2008,1.476312388686882,1.4420379942342085,NE003006,2,ASO
2009,1.590867215924469,1.5497379425812594,NE003006,2,ASO
2010,1.6308732129911019,1.582889060757358,NE003006,2,ASO
2011,1.3337408959395078,1.278901864815228,NE003006,2,ASO
2012,1.5216548716078624,1.4599609615930482,NE003006,2,ASO
2013,1.5380692722420117,1.4695204833366615,NE003006,2,ASO
2014,1.6930118029603607,1.6176081351644762,NE003006,2,ASO
2015,1.8252804020054247,1.7430218553190042,NE003006,2,ASO
2016,1.5597051013885592,1.4705916758116044,NE003006,2,ASO
2017,1.2125803201278171,1.1166120156603263,NE003006,2,ASO
2018,1.7392058124081506,1.6363826290501255,NE003006,2,ASO
2019,1.6295018656855385,1.5198238034369773,NE003006,2,ASO
2020,1.7980600944106773,1.6815271532715819,NE003006,2,ASO
2021,1.5914776979945477,1.468089877964918,NE003006,2,ASO
2022,1.775782160776166,1.6455394618560002,NE003006,2,ASO
2023,1.5486644657760444,1.4115668879653445,NE003006,2,ASO
2024,1.6594864261701456,1.5155339694689096,NE003006,2,ASO
2025,1.64359260886099,1.4927852732692197,NE003006,2,ASO
2026,1.2588739004321294,1.101211685949823,NE003006,2,ASO
1981,0.6715807162832907,0.7584309358471674,NE003006,2,SON
1982,0.8048549943420339,0.8877574766530063,NE003006,2,SON
1983,0.48001381038957414,0.5589685554476432,NE003006,2,SON
1984,0.6660557809436496,0.7410627887488154,NE003006,2,SON
1985,0.7225413212189118,0.7936005917711743,NE003006,2,SON
1986,1.0858206783191522,1.1529322116185114,NE003006,2,SON
1987,0.9398100800799578,1.0029738761264135,NE003006,2,SON
1988,0.7315865115624969,0.7908025703560494,NE003006,2,SON
1989,1.1385207562637334,1.1937890778043827,NE003006,2,SON
1990,0.5979353237816771,0.649255908069423,NE003006,2,SON
1991,0.4637204652496821,0.5110933122845238,NE003006,2,SON
1992,0.6143179740330966,0.657743083815035,NE003006,2,SON
1993,0.6375956442627073,0.6770730167917424,NE003006,2,SON
1994,1.1438023034571017,1.1793319387332333,NE003006,2,SON
1995,1.0244415811234766,1.0560234791467051,NE003006,2,SON
1996,0.9254040575111733,0.9530382182814984,NE003006,2,SON
1997,0.7878614835331043,0.811547907050526,NE003006,2,SON
1998,0.9955520074507513,1.01529069371527,NE003006,2,SON
1999,1.1191866412603566,1.1349775902719719,NE003006,2,SON
2000,0.5327666808449516,0.5446098926036625,NE003006,2,SON
2001,0.9221851599323379,0.9300806344381455,NE003006,2,SON
2002,0.9638849914300218,0.9678327286829261,NE003006,2,SON
2003,0.7090346537298583,0.7090346537298593,NE003006,2,SON
2004,0.572084334071948,0.5681365968190457,NE003006,2,SON
2005,0.7596693989330937,0.7517739244272881,NE003006,2,SON
2006,0.6403456659860073,0.6285024542272983,NE003006,2,SON
2007,0.8998120229681634,0.8840210739565512,NE003006,2,SON
2008,0.9371078186320859,0.9173691323675695,NE003006,2,SON
2009,0.9321921556615995,0.9085057321441797,NE003006,2,SON
2010,0.9758580237905118,0.9482238630201887,NE003006,2,SON
2011,0.5877273500444262,0.5561454520211998,NE003006,2,SON
2012,0.5054568422714178,0.4699272069952881,NE003006,2,SON
2013,0.6790711357095902,0.6395937631805572,NE003006,2,SON
2014,0.9941861161898393,0.950761006407903,NE003006,2,SON
2015,1.2641885728022824,1.2168157257674426,NE003006,2,SON
2016,0.8760979607773847,0.8247773764896417,NE003006,2,SON
2017,0.6320562076946773,0.5767878861540301,NE003006,2,SON
2018,1.0925802510049427,1.0333641922113923,NE003006,2,SON
2019,0.869920079038701,0.8067562829922472,NE003006,2,SON
2020,1.0941439892166618,1.0270324559173045,NE003006,2,SON
2021,0.4447225170871457,0.37366324653488525,NE003006,2,SON
2022,1.1288322340879509,1.053825226282787,NE003006,2,SON
2023,1.0208927864649622,0.9419380414068951,NE003006,2,SON
2024,1.029213534493135,0.9463110521821646,NE003006,2,SON
2025,0.9017163464297994,0.8148661268659256,NE003006,2,SON
2026,0.6051389394933082,0.5143409826765303,NE003006,2,SON
1981,1.0616125229626918,1.1411333790657059,NE005013,2,JAS
1982,1.113514273141283,1.1894205448759783,NE005013,2,JAS
1983,0.7938721824111866,0.866163869777563,NE005013,2,JAS
1984,0.6697956330153274,0.7384727360133849,NE005013,2,JAS
1985,1.0018098387791627,1.0668723574089014,NE005013,2,JAS
1986,1.01611274750058,1.0775606817619998,NE005013,2,JAS
1987,1.0290336997194591,1.08686704961256,NE005013,2,JAS
1988,0.973816668732469,1.028035434257251,NE005013,2,JAS
1989,1.0697784083531647,1.1203825895096289,NE005013,2,JAS
1990,0.8518326002176786,0.8988221970058239,NE005013,2,JAS
1991,0.7319764879729969,0.7753515003928233,NE005013,2,JAS
1992,0.9485741218361943,0.9883345498877019,NE005013,2,JAS
1993,0.9596597439167036,0.9958055875998924,NE005013,2,JAS
1994,1.2521686789919355,1.2846999383068054,NE005013,2,JAS
1995,0.9684481524194793,0.9973648273660304,NE005013,2,JAS
1996,0.8391334285886786,0.8644355191669107,NE005013,2,JAS
1997,0.9282386225882203,0.9499261287981337,NE005013,2,JAS
1998,1.150865980962895,1.1689389028044894,NE005013,2,JAS
1999,1.4834999860845168,1.4979583235577925,NE005013,2,JAS
2000,0.9212109256823435,0.9320546787873003,NE005013,2,JAS
2001,1.0772571337301524,1.0844863024667903,NE005013,2,JAS
2002,0.8606713504940855,0.8642859348624046,NE005013,2,JAS
2003,1.0014955388948157,1.001495538894816,NE005013,2,JAS
2004,0.765645356706361,0.7620307723380424,NE005013,2,JAS
2005,1.0276128325597411,1.0203836638231036,NE005013,2,JAS
2006,0.8575549453654887,0.8467111922605333,NE005013,2,JAS
2007,1.181105322114409,1.1666469846411347,NE005013,2,JAS
2008,0.9694501295881762,0.9513772077465831,NE005013,2,JAS
2009,0.7071350075886338,0.6854475013787218,NE005013,2,JAS
2010,1.273231887568497,1.247929796990266,NE005013,2,JAS
2011,0.9712088776007228,0.9422922026541731,NE005013,2,JAS
2012,1.0468983743391531,1.0143671150242846,NE005013,2,JAS
2013,0.9707382427087213,0.9345923990255339,NE005013,2,JAS
2014,1.0952380381546567,1.0554776101031504,NE005013,2,JAS
2015,1.1475724401983447,1.1041974277785196,NE005013,2,JAS
2016,1.2067079922983242,1.1597183955101802,NE005013,2,JAS
2017,0.9869573394684918,0.936353158312029,NE005013,2,JAS
2018,1.1456456110156052,1.0914268454908236,NE005013,2,JAS
2019,1.4396820405602664,1.3818486906671659,NE005013,2,JAS
2020,1.2676990364729703,1.206251102211551,NE005013,2,JAS
2021,0.7313190595688073,0.666256540939069,NE005013,2,JAS
2022,1.0003702267490606,0.9316931237510035,NE005013,2,JAS
2023,0.6776435288933296,0.6053518415269545,NE005013,2,JAS
2024,1.788555002664261,1.712648730929567,NE005013,2,JAS
2025,0.7523693680143155,0.6728485119113028,NE005013,2,JAS
2026,0.5910092789362389,0.5078738384649073,NE005013,2,JAS
1981,0.5758201331873345,0.7089028473477793,NE005013,2,ASO
1982,0.9530832247140153,1.0801167245944416,NE005013,2,ASO
1983,0.49894605819590715,0.6199303437963131,NE005013,2,ASO
1984,0.5226248757451701,0.6375599470655556,NE005013,2,ASO
1985,0.7880065549659137,0.8968924120062788,NE005013,2,ASO
1986,0.7388225303456772,0.841659173106022,NE005013,2,ASO
1987,0.899563963112799,0.9963513915931234,NE005013,2,ASO
1988,0.8235701096158261,0.9143083238161301,NE005013,2,ASO
1989,0.9080975240033705,0.9927865239236542,NE005013,2,ASO
1990,0.5676681990356137,0.646307984675877,NE005013,2,ASO
1991,0.5140410932548682,0.5866316646151112,NE005013,2,ASO
1992,0.792568867371678,0.8591102244519006,NE005013,2,ASO
1993,0.7060500229890988,0.766542165789301,NE005013,2,ASO
1994,1.136766916978592,1.1912098454987756,NE005013,2,ASO
1995,0.7766965668699438,0.8250902811101071,NE005013,2,ASO
1996,0.6528531482981993,0.6951976482583422,NE005013,2,ASO
1997,0.9069078079261299,0.9432030936062524,NE005013,2,ASO
1998,0.9823969807268524,1.0126430521269545,NE005013,2,ASO
1999,1.3709732496996963,1.3951701068197782,NE005013,2,ASO
2000,0.6038122299378564,0.6219598727779179,NE005013,2,ASO
2001,0.7998875886444591,0.8119860172045001,NE005013,2,ASO
2002,0.6240780482865189,0.6301272625665396,NE005013,2,ASO
2003,0.818347213559787,0.8183472135597873,NE005013,2,ASO
2004,0.5706910871255564,0.5646418728455364,NE005013,2,ASO
2005,0.8260918919102423,0.813993463350202,NE005013,2,ASO
2006,0.6910399247035033,0.6728922818634443,NE005013,2,ASO
2007,0.9305800080241577,0.9063831509040784,NE005013,2,ASO
2008,0.8331000854361434,0.8028540140360437,NE005013,2,ASO
2009,0.5895902371549702,0.5532949514748501,NE005013,2,ASO
2010,1.0865234736100071,1.0441789736498666,NE005013,2,ASO
2011,0.8274120345058901,0.7790183202657293,NE005013,2,ASO
2012,0.8224683204376962,0.7680253919175151,NE005013,2,ASO
2013,0.8619249340869921,0.8014327912867906,NE005013,2,ASO
2014,0.985278483998422,0.9187371269182001,NE005013,2,ASO
2015,1.046110241079851,0.9735196697196088,NE005013,2,ASO
2016,0.9335261555716081,0.8548863699313455,NE005013,2,ASO
2017,0.7955389592085874,0.7108499592883044,NE005013,2,ASO
2018,0.9896602535560182,0.8989220393557166,NE005013,2,ASO
2019,1.3732250418414036,1.2764376133610815,NE005013,2,ASO
2020,1.141845771435925,1.0390091286755827,NE005013,2,ASO
2021,0.43770189061358106,0.3288160335732183,NE005013,2,ASO
2022,0.8568534941144829,0.7419184227940998,NE005013,2,ASO
2023,0.6065746027938539,0.48559031719345047,NE005013,2,ASO
2024,1.744198721336681,1.6171652214562573,NE005013,2,ASO
2025,0.5974640899804293,0.4643813758199852,NE005013,2,ASO
2026,0.5799887976854285,0.44085686924496403,NE005013,2,ASO
1981,0.28024096238377977,0.3119784339890433,NE005013,2,SON
1982,0.5396698844953145,0.5699647437548839,NE005013,2,SON
1983,0.22714498108227998,0.25599722799615576,NE005013,2,SON
1984,0.2834454811889452,0.3108551157571273,NE005013,2,SON
1985,0.38094102012301656,0.4069080423455046,NE005013,2,SON
1986,0.45623451406850973,0.4807589239453041,NE005013,2,SON
1987,0.4142179043695615,0.43729970190066225,NE005013,2,SON
1988,0.22764281632057742,0.2492820015059845,NE005013,2,SON
1989,0.3167214683533876,0.3369180411931006,NE005013,2,SON
1990,0.1525687582660279,0.17132271876004723,NE005013,2,SON
1991,0.04682442422231836,0.06413577237064405,NE005013,2,SON
1992,0.17151126836382852,0.1873800041664601,NE005013,2,SON
1993,0.2512834590681111,0.26570958252504906,NE005013,2,SON
1994,0.7584043512499601,0.7713878623612044,NE005013,2,SON
1995,0.314265969721947,0.3258068684874976,NE005013,2,SON
1996,0.35594933687286345,0.36604762329272,NE005013,2,SON
1997,0.4406387351731659,0.4492944092473288,NE005013,2,SON
1998,0.6863067597447898,0.6935198214732591,NE005013,2,SON
1999,0.5521585633450896,0.5579290127278648,NE005013,2,SON
2000,0.11266076787846,0.1169886049155415,NE005013,2,SON
2001,0.34821746847807394,0.3511026931694618,NE005013,2,SON
2002,0.2563249523743708,0.25776756472006457,NE005013,2,SON
2003,0.3577382524676514,0.3577382524676515,NE005013,2,SON
2004,0.20733054821734162,0.20588793587164808,NE005013,2,SON
2005,0.3942343155232754,0.39134909083188824,NE005013,2,SON
2006,0.3793590182344948,0.3750311811974135,NE005013,2,SON
2007,0.31871956420049413,0.3129491148177192,NE005013,2,SON
2008,0.38575945803408596,0.37854639630561737,NE005013,2,SON
2009,0.2580534043975607,0.24939773032339801,NE005013,2,SON
2010,0.5451650629937973,0.535066776573941,NE005013,2,SON
2011,0.2605748081844558,0.2490339094189058,NE005013,2,SON
2012,0.21059545576688704,0.1976119446556434,NE005013,2,SON
2013,0.23981674817981932,0.2253906247228816,NE005013,2,SON
2014,0.36571395799496936,0.349845222192338,NE005013,2,SON
2015,0.5275346418599945,0.5102232937116695,NE005013,2,SON
2016,0.28147393292713047,0.26271997243311135,NE005013,2,SON
2017,0.14054730872112856,0.12035073588141579,NE005013,2,SON
2018,0.47846903319006995,0.45682984800466353,NE005013,2,SON
2019,0.36243204525130307,0.33935024772020256,NE005013,2,SON
2020,0.46156534057879045,0.4370409307019963,NE005013,2,SON
2021,0.20003320600109017,0.17406618377860236,NE005013,2,SON
2022,0.41714988617269955,0.3897402516045181,NE005013,2,SON
2023,0.304334331701585,0.27548208478770947,NE005013,2,SON
2024,0.7907126290360619,0.7604177697764927,NE005013,2,SON
2025,0.3506960556057416,0.3189585840004787,NE005013,2,SON
2026,0.2687569836429935,0.23557689969203655,NE005013,2,SON
1981,0.7357079617372395,0.8222716164456014,NE005001,2,JAS
1982,0.8327115581397407,0.9153405012704497,NE005001,2,JAS
1983,0.6428848081707994,0.7215790397238555,NE005001,2,JAS
1984,0.39331446509840073,0.46807398507380393,NE005001,2,JAS
1985,0.8941249679331806,0.9649497763309309,NE005001,2,JAS
1986,0.8947168821733327,0.9616069789934301,NE005001,2,JAS
1987,0.7224837989712594,0.7854391842137047,NE005001,2,JAS
1988,1.0308467524310574,1.0898674260958499,NE005001,2,JAS
1989,0.9778567473494889,1.0329427094366284,NE005001,2,JAS
1990,0.7629922267902148,0.8141434772997015,NE005001,2,JAS
1991,0.8198823402141084,0.8670988791459422,NE005001,2,JAS
1992,0.8671633047820204,0.9104451321362013,NE005001,2,JAS
1993,0.8352723903460023,0.8746195061225303,NE005001,2,JAS
1994,1.1272660261964798,1.1626784303953548,NE005001,2,JAS
1995,0.8458235836450204,0.8773012762662425,NE005001,2,JAS
1996,0.6572686337256559,0.6848116147692251,NE005001,2,JAS
1997,0.7449153609637494,0.7685236304296658,NE005001,2,JAS
1998,1.1886991398642723,1.2083726977525366,NE005001,2,JAS
1999,1.3339884477863415,1.349727294096953,NE005001,2,JAS
2000,0.7006866372585414,0.7124907719914999,NE005001,2,JAS
2001,0.8827537659378002,0.8906231890931058,NE005001,2,JAS
2002,0.7515086429814395,0.7554433545590922,NE005001,2,JAS
2003,0.9170417709805477,0.9170417709805475,NE005001,2,JAS
2004,0.6321466728334166,0.6282119612557635,NE005001,2,JAS
2005,0.8996366745468677,0.8917672513915617,NE005001,2,JAS
2006,0.7721914733035008,0.7603873385705419,NE005001,2,JAS
2007,0.9908854228767654,0.9751465765661536,NE005001,2,JAS
2008,0.7994333332804691,0.7797597753922043,NE005001,2,JAS
2009,0.5612696275574953,0.5376613580915777,NE005001,2,JAS
2010,1.055088327715291,1.0275453466717213,NE005001,2,JAS
2011,0.8159693524264902,0.7844916598052676,NE005001,2,JAS
2012,0.8198195764286893,0.7844071722298138,NE005001,2,JAS
2013,0.77428927677533,0.7349421609988016,NE005001,2,JAS
2014,0.8823078853805455,0.8390260580263642,NE005001,2,JAS
2015,1.0331737880619007,0.9859572491300665,NE005001,2,JAS
2016,0.975211859956117,0.9240606094466299,NE005001,2,JAS
2017,1.0385071243224815,0.9834211622353415,NE005001,2,JAS
2018,1.0317859787928518,0.9727653051280589,NE005001,2,JAS
2019,1.1827637133384727,1.119808328096027,NE005001,2,JAS
2020,1.137729653588137,1.0708395567680382,NE005001,2,JAS
2021,0.5796514958785404,0.5088266874807896,NE005001,2,JAS
2022,0.8523081634021049,0.7775486434267013,NE005001,2,JAS
2023,0.5526275110206023,0.4739332794675457,NE005001,2,JAS
2024,1.581567430936351,1.4989384878056415,NE005001,2,JAS
2025,0.7430754918377429,0.6565118371293805,NE005001,2,JAS
2026,0.44511443557707747,0.35461606929106226,NE005001,2,JAS
1981,0.33165702558584526,0.4559233011730381,NE005001,2,ASO
1982,0.7403752853773811,0.8589930938924286,NE005001,2,ASO
1983,0.40839703669194777,0.5213663781348501,NE005001,2,ASO
1984,0.32685500417879604,0.43417587854955303,NE005001,2,ASO
1985,0.6840355406644546,0.7857079479630663,NE005001,2,ASO
1986,0.6134187457850252,0.7094426860114916,NE005001,2,ASO
1987,0.6461419595681174,0.7365174327224385,NE005001,2,ASO
1988,0.8381426036863227,0.9228696097684985,NE005001,2,ASO
1989,0.8107922688113183,0.8898708078213506,NE005001,2,ASO
1990,0.39469158884029437,0.46812166077818146,NE005001,2,ASO
1991,0.6239609801730768,0.6917425850388186,NE005001,2,ASO
1992,0.6773769283508558,0.7395100661444524,NE005001,2,ASO
1993,0.6311666466643194,0.6876513173857707,NE005001,2,ASO
1994,1.0079309421436042,1.0587671457929102,NE005001,2,ASO
1995,0.6722634120757762,0.7174511486529369,NE005001,2,ASO
1996,0.5210895476148824,0.5606288171198978,NE005001,2,ASO
1997,0.6958645223881808,0.7297553248210509,NE005001,2,ASO
1998,1.0279404528882015,1.056182788248928,NE005001,2,ASO
1999,1.1641336283254193,1.1867274966140007,NE005001,2,ASO
2000,0.4063956603159423,0.4233410615323784,NE005001,2,ASO
2001,0.6327507592428411,0.6440476933871319,NE005001,2,ASO
2002,0.4537882833111725,0.459436750383318,NE005001,2,ASO
2003,0.7720015703497936,0.7720015703497938,NE005001,2,ASO
2004,0.45074663878910776,0.4450981717169627,NE005001,2,ASO
2005,0.6830003061642866,0.6717033720199963,NE005001,2,ASO
2006,0.6376159178960475,0.6206705166796119,NE005001,2,ASO
2007,0.8089483693585682,0.786354501069989,NE005001,2,ASO
2008,0.6655712031137944,0.63732886775307,NE005001,2,ASO
2009,0.4430588353897914,0.4091680329569217,NE005001,2,ASO
2010,0.7553346023871992,0.7157953328821842,NE005001,2,ASO
2011,0.6879759970782233,0.6427882605010631,NE005001,2,ASO
2012,0.6630955507295563,0.6122593470802508,NE005001,2,ASO
2013,0.6601509050220956,0.6036662343006448,NE005001,2,ASO
2014,0.729329538550132,0.667196400756536,NE005001,2,ASO
2015,0.9493797355491465,0.8815981306834051,NE005001,2,ASO
2016,0.7009448497102678,0.627514777772383,NE005001,2,ASO
2017,0.8304808682394359,0.7514023292294058,NE005001,2,ASO
2018,0.8820570961909818,0.7973300901088064,NE005001,2,ASO
2019,1.072632035374013,0.9822565622196924,NE005001,2,ASO
2020,1.0016713426913333,0.9056474024648673,NE005001,2,ASO
2021,0.31388115363803326,0.212208746339422,NE005001,2,ASO
2022,0.6980952163603305,0.5907743419895739,NE005001,2,ASO
2023,0.5086487584765219,0.3956794170336201,NE005001,2,ASO
2024,1.5065105913761612,1.387892782861114,NE005001,2,ASO
2025,0.6306332939246667,0.5063670183374761,NE005001,2,ASO
2026,0.41354795438799274,0.28363321172865685,NE005001,2,ASO
1981,0.09233881146845188,0.1397215204715974,NE005001,2,SON
1982,0.28152415795418384,0.32675310745718583,NE005001,2,SON
1983,0.07381109057274496,0.11688628057560432,NE005001,2,SON
1984,0.1336861856784182,0.17460761618113493,NE005001,2,SON
1985,0.2597873231920345,0.29855499419460774,NE005001,2,SON
1986,0.22477147929136412,0.26138539079379475,NE005001,2,SON
1987,0.19212949647215488,0.22658964847444285,NE005001,2,SON
1988,0.11314087371237323,0.1454472662145177,NE005001,2,SON
1989,0.22253952402358257,0.2526921570255844,NE005001,2,SON
1990,0.07003733015609348,0.09803620365795179,NE005001,2,SON
1991,0.02508905418813992,0.050934168189855605,NE005001,2,SON
1992,0.08088337689106265,0.1045747313926357,NE005001,2,SON
1993,0.3654810341753928,0.38701862917682234,NE005001,2,SON
1994,0.6645689658365599,0.6839528013378469,NE005001,2,SON
1995,0.2621909561434733,0.2794210321446167,NE005001,2,SON
1996,0.22567960867211864,0.24075592517311942,NE005001,2,SON
1997,0.23724183578427682,0.25016439278513497,NE005001,2,SON
1998,0.6362386329639823,0.6470074304646969,NE005001,2,SON
1999,0.33667220176340745,0.34528723976397946,NE005001,2,SON
2000,-0.019128454523467314,-0.012667176023038823,NE005001,2,SON
2001,0.28171473613473125,0.2860222551350171,NE005001,2,SON
2002,0.12471447609542231,0.12686823559556554,NE005001,2,SON
2003,0.2546022643860431,0.25460226438604283,NE005001,2,SON
2004,0.033515275426040575,0.03136151592589767,NE005001,2,SON
2005,0.23507689048271121,0.23076937148242568,NE005001,2,SON
2006,0.25372542009785226,0.24726414159742321,NE005001,2,SON
2007,0.2391549377094795,0.23053989970890781,NE005001,2,SON
2008,0.232073725723483,0.22130492822276782,NE005001,2,SON
2009,0.1510857366916344,0.13816317969077657,NE005001,2,SON
2010,0.33697787111941835,0.3219015546184179,NE005001,2,SON
2011,0.10184891527643372,0.08461883927528976,NE005001,2,SON
2012,0.09185863347293302,0.07247479797164644,NE005001,2,SON
2013,0.12602479363584784,0.10448719863441774,NE005001,2,SON
2014,0.22950860343182242,0.2058172489302497,NE005001,2,SON
2015,0.40131647659840897,0.3754713625966936,NE005001,2,SON
2016,0.1769032579900778,0.14890438448821894,NE005001,2,SON
2017,0.045816244185919036,0.015663611183917542,NE005001,2,SON
2018,0.3257013288582832,0.29339493635613906,NE005001,2,SON
2019,0.26670308725311764,0.23224293525083,NE005001,2,SON
2020,0.35777050509456154,0.3211565935921313,NE005001,2,SON
2021,0.05413109505635061,0.01536342405377683,NE005001,2,SON
2022,0.3018049781269445,0.2608835476242281,NE005001,2,SON
2023,0.1684954692195149,0.12542027921665586,NE005001,2,SON
2024,0.6755749052080688,0.6303459557050664,NE005001,2,SON
2025,0.3343787346035001,0.2869960256003549,NE005001,2,SON
2026,0.1447883667733072,0.09525189827001851,NE005001,2,SON
1981,1.0293134712167484,1.1006362285533593,NE007011,2,JAS
1982,1.2200313702856411,1.2881121841069514,NE007011,2,JAS
1983,1.1715469001220775,1.2363857704280872,NE007011,2,JAS
1984,0.7691718848300813,0.8307688116207912,NE007011,2,JAS
1985,1.5618019594538564,1.6201569427292657,NE007011,2,JAS
1986,1.1924291525090687,1.2475421922691774,NE007011,2,JAS
1987,1.3280476595008117,1.3799187557456198,NE007011,2,JAS
1988,1.4687271211274364,1.517356273856944,NE007011,2,JAS
1989,1.4768520512012793,1.5222392604154862,NE007011,2,JAS
1990,1.2415406286223123,1.2836858943212186,NE007011,2,JAS
1991,1.1447755820869288,1.1836789042705345,NE007011,2,JAS
1992,1.4147536546387625,1.4504150333070676,NE007011,2,JAS
1993,1.0163965115832605,1.048815946736265,NE007011,2,JAS
1994,1.7752700848788976,1.8044475765166015,NE007011,2,JAS
1995,1.1256621166955023,1.1515976648179056,NE007011,2,JAS
1996,1.089132113855118,1.1118257184622207,NE007011,2,JAS
1997,1.1915226050474481,1.2109742661392502,NE007011,2,JAS
1998,1.6551743757994934,1.671384093375995,NE007011,2,JAS
1999,1.844319259782818,1.8572870338440188,NE007011,2,JAS
2000,0.9359521464626063,0.9456779770085065,NE007011,2,JAS
2001,1.3386582499774853,1.345142137008085,NE007011,2,JAS
2002,1.1204150040610954,1.1236569475763953,NE007011,2,JAS
2003,1.1835326410437055,1.1835326410437048,NE007011,2,JAS
2004,1.07681182955788,1.0735698860425786,NE007011,2,JAS
2005,1.3019110805758487,1.2954271935452468,NE007011,2,JAS
2006,1.3491134929822377,1.3393876624363352,NE007011,2,JAS
2007,1.3927447442979182,1.379776970236715,NE007011,2,JAS
2008,1.3350964414875788,1.318886723911075,NE007011,2,JAS
2009,0.8659517904750164,0.8465001293832121,NE007011,2,JAS
2010,1.576851140527626,1.554157535920521,NE007011,2,JAS
2011,1.1185769720099867,1.0926414238875812,NE007011,2,JAS
2012,1.1153510316570887,1.0861735400193826,NE007011,2,JAS
2013,1.1638579790509516,1.1314385438979448,NE007011,2,JAS
2014,1.3690486180692063,1.333387239400899,NE007011,2,JAS
2015,1.4642809150505962,1.4253775928669883,NE007011,2,JAS
2016,1.3878947743446939,1.3457495086457854,NE007011,2,JAS
2017,1.387812113683908,1.342424904469699,NE007011,2,JAS
2018,1.3871281643637086,1.3384990116341988,NE007011,2,JAS
2019,1.452901016923841,1.4010299206790306,NE007011,2,JAS
2020,1.4068848204644255,1.3517717807043146,NE007011,2,JAS
2021,1.0515963725834288,0.9932413893080181,NE007011,2,JAS
2022,1.4209488879238494,1.3593519611331382,NE007011,2,JAS
2023,1.0871400254737489,1.022301155167737,NE007011,2,JAS
2024,1.8831349605188974,1.815054146697585,NE007011,2,JAS
2025,1.306927683437796,1.235604926101183,NE007011,2,JAS
2026,0.6324285424508341,0.5578638415989204,NE007011,2,JAS
1981,0.6546670118319264,0.7637306642545694,NE007011,2,ASO
1982,0.9873290126796084,1.0914352263557676,NE007011,2,ASO
1983,0.8338221126986858,0.9329708876283613,NE007011,2,ASO
1984,0.4246501518034923,0.5188414879866842,NE007011,2,ASO
1985,1.347115866533318,1.4363497639700262,NE007011,2,ASO
1986,0.9820532872993055,1.06632974598953,NE007011,2,ASO
1987,1.1765285319567764,1.2558475519005172,NE007011,2,ASO
1988,1.2847501704183035,1.3591117516155606,NE007011,2,ASO
1989,1.2679804378625574,1.3373845803133309,NE007011,2,ASO
1990,0.8524268441567251,0.9168735478610148,NE007011,2,ASO
1991,0.8662789549037498,0.9257682198615559,NE007011,2,ASO
1992,1.1326067764885437,1.187138602699866,NE007011,2,ASO
1993,0.7913141243052746,0.8408885117701133,NE007011,2,ASO
1994,1.5762684158619817,1.6208853645803367,NE007011,2,ASO
1995,0.9776301967594037,1.0172897067312732,NE007011,2,ASO
1996,0.8748900046666224,0.9095920758920082,NE007011,2,ASO
1997,1.0184975120490196,1.0482421445279217,NE007011,2,ASO
1998,1.4846145005607303,1.5094016942931487,NE007011,2,ASO
1999,1.6516666414415708,1.6714963964275056,NE007011,2,ASO
2000,0.541798970016568,0.556671286256019,NE007011,2,ASO
2001,1.0196006734153464,1.0295155509083138,NE007011,2,ASO
2002,0.826973516988086,0.8319309557345697,NE007011,2,ASO
2003,0.9718283887844894,0.9718283887844894,NE007011,2,ASO
2004,0.8813879294322452,0.8764304906857615,NE007011,2,ASO
2005,1.0160789873907186,1.0061641098977512,NE007011,2,ASO
2006,1.1466101710754948,1.1317378548360437,NE007011,2,ASO
2007,1.1620339422038024,1.1422041872178677,NE007011,2,ASO
2008,1.1945274004626782,1.1697402067302598,NE007011,2,ASO
2009,0.8187650485934324,0.7890204161145302,NE007011,2,ASO
2010,1.241902181773079,1.2072001105476933,NE007011,2,ASO
2011,0.9667296504720848,0.9270701405002153,NE007011,2,ASO
2012,0.8741924971478501,0.8295755484294969,NE007011,2,ASO
2013,1.0276443683674463,0.9780699809026094,NE007011,2,ASO
2014,1.11292447685067,1.0583926506393495,NE007011,2,ASO
2015,1.3208409876322194,1.261351722674415,NE007011,2,ASO
2016,1.026167832845589,0.961721129141301,NE007011,2,ASO
2017,1.1407009381705273,1.0712967957197557,NE007011,2,ASO
2018,1.2204375976527337,1.1460760164554784,NE007011,2,ASO
2019,1.2512527941265172,1.1719337741827782,NE007011,2,ASO
2020,1.2461430571895038,1.161866598499281,NE007011,2,ASO
2021,0.5258873884627252,0.4366534910260188,NE007011,2,ASO
2022,1.32076184226985,1.2265705060866599,NE007011,2,ASO
2023,0.9767471053129089,0.8775983303832351,NE007011,2,ASO
2024,1.7555732401394528,1.6514670264632954,NE007011,2,ASO
2025,1.1171667250539696,1.0081030726313285,NE007011,2,ASO
2026,0.6649026378856823,0.5508815467165574,NE007011,2,ASO
1981,0.05427017387466998,0.09155528885157849,NE007011,2,SON
1982,0.46300139147811664,0.49859172850152966,NE007011,2,SON
1983,0.18337500371409413,0.21727056278401122,NE007011,2,SON
1984,0.19663801676542106,0.22883879788184222,NE007011,2,SON
1985,0.6295520739616681,0.6600580771245934,NE007011,2,SON
1986,0.4525970601000433,0.48140828530947305,NE007011,2,SON
1987,0.5773627336471204,0.6044791809030543,NE007011,2,SON
1988,0.295871410304484,0.3212930796069219,NE007011,2,SON
1989,0.579479884161467,0.6032067755104089,NE007011,2,SON
1990,0.38343788437564386,0.40546999777109033,NE007011,2,SON
1991,-0.06427312374806055,-0.04393578830611,NE007011,2,SON
1992,0.5398520853446209,0.5584946428330755,NE007011,2,SON
1993,0.15204073738140145,0.16898851691636013,NE007011,2,SON
1994,1.004175315016111,1.0194283165975742,NE007011,2,SON
1995,0.33049596545475407,0.34405418908272134,NE007011,2,SON
1996,0.4496082948346271,0.46147174050909845,NE007011,2,SON
1997,0.4173472517700579,0.42751591949103374,NE007011,2,SON
1998,0.928262186600515,0.9367360763679948,NE007011,2,SON
1999,0.8900036393301121,0.896782751144096,NE007011,2,SON
2000,0.01072990093623416,0.015814234796722226,NE007011,2,SON
2001,0.5447382529834573,0.54812780889045,NE007011,2,SON
2002,0.27024952395717805,0.2719443019106747,NE007011,2,SON
2003,0.43627476275904187,0.4362747627590426,NE007011,2,SON
2004,0.14711562989607968,0.14542085194258447,NE007011,2,SON
2005,0.3590482235814695,0.3556586676744788,NE007011,2,SON
2006,0.4655250078681348,0.46044067400764815,NE007011,2,SON
2007,0.406432831610305,0.39965371979632247,NE007011,2,SON
2008,0.6385173536328179,0.6300434638653394,NE007011,2,SON
2009,0.25655588898973986,0.2463872212687659,NE007011,2,SON
2010,0.458177594112961,0.4463141484384911,NE007011,2,SON
2011,0.2644794591991341,0.2509212355711683,NE007011,2,SON
2012,0.07061799160893567,0.05536499002747436,NE007011,2,SON
2013,0.243117901244876,0.22617012170991876,NE007011,2,SON
2014,0.4700747544858272,0.451432196997374,NE007011,2,SON
2015,0.5626915535212472,0.5423542180792982,NE007011,2,SON
2016,0.325389017818079,0.3033569044226344,NE007011,2,SON
2017,0.05831326198966352,0.03458637064072301,NE007011,2,SON
2018,0.5303998044484994,0.5049781351460629,NE007011,2,SON
2019,0.31374638018131384,0.28662993292538147,NE007011,2,SON
2020,0.4942634842721817,0.46545225906275384,NE007011,2,SON
2021,0.12572389194917433,0.09521788878625054,NE007011,2,SON
2022,0.6688698455621476,0.6366690644457278,NE007011,2,SON
2023,0.3820933966167707,0.34819783754685507,NE007011,2,SON
2024,0.9049123068207243,0.8693219697973131,NE007011,2,SON
2025,0.6192335633157173,0.5819484483388102,NE007011,2,SON
2026,0.3202030018148279,0.2812231088844249,NE007011,2,SON
1981,1.2012698255167644,1.2339138808212688,NE006005,2,JAS
1982,1.196319933759492,1.2274801683683372,NE006005,2,JAS
1983,0.9207477008511663,0.9504241147643521,NE006005,2,JAS
1984,0.5490385137474778,0.5772311069650042,NE006005,2,JAS
1985,1.1911355647865975,1.2178443373084646,NE006005,2,JAS
1986,1.1552717185335157,1.1804966703597235,NE006005,2,JAS
1987,0.7473599066343701,0.7711010377649186,NE006005,2,JAS
1988,1.2212842830516146,1.2435415934865037,NE006005,2,JAS
1989,1.276482360732358,1.2972558504715879,NE006005,2,JAS
1990,1.020639268622149,1.03992893766572,NE006005,2,JAS
1991,0.9842382456609781,1.0020440940088897,NE006005,2,JAS
1992,1.1026876802024905,1.1190097078547427,NE006005,2,JAS
1993,0.8739409449233744,0.8887791518799673,NE006005,2,JAS
1994,1.2973401168687861,1.3106945031297197,NE006005,2,JAS
1995,1.2269749668057495,1.2388455323710237,NE006005,2,JAS
1996,0.9869188286434384,0.9973055735130533,NE006005,2,JAS
1997,0.9737325445136793,0.9826354686876348,NE006005,2,JAS
1998,1.1384696998793067,1.145888803357603,NE006005,2,JAS
1999,1.6005721323934146,1.6065074151760514,NE006005,2,JAS
2000,1.0353205984193496,1.0397720605063276,NE006005,2,JAS
2001,1.4065573243995044,1.409524965790823,NE006005,2,JAS
2002,0.9192831376565297,0.920766958352189,NE006005,2,JAS
2003,1.3047772111981606,1.3047772111981606,NE006005,2,JAS
2004,0.8831148218855427,0.8816310011898834,NE006005,2,JAS
2005,1.152282424323939,1.1493147829326202,NE006005,2,JAS
2006,0.998660570059954,0.994209107972976,NE006005,2,JAS
2007,1.171584588311245,1.1656493055286077,NE006005,2,JAS
2008,0.987357383599804,0.9799382801215073,NE006005,2,JAS
2009,0.7538116117871325,0.7449086876131765,NE006005,2,JAS
2010,1.3237524717981548,1.3133657269285395,NE006005,2,JAS
2011,0.8928112834162103,0.8809407178509361,NE006005,2,JAS
2012,1.503702850072711,1.4903484638117774,NE006005,2,JAS
2013,0.9349095659309872,0.9200713589743943,NE006005,2,JAS
2014,1.070890714209509,1.0545686865572568,NE006005,2,JAS
2015,1.17523760588101,1.1574317575330983,NE006005,2,JAS
2016,1.085726926227582,1.066437257184011,NE006005,2,JAS
2017,1.4099903509806175,1.3892168612413873,NE006005,2,JAS
2018,1.155901337334052,1.1336440268991625,NE006005,2,JAS
2019,1.2242281978791196,1.2004870667485708,NE006005,2,JAS
2020,1.3461338289110123,1.320908877084804,NE006005,2,JAS
2021,0.659152424421508,0.6324436518996405,NE006005,2,JAS
2022,1.0523055095956821,1.0241129163781557,NE006005,2,JAS
2023,0.9669810422561675,0.9373046283429818,NE006005,2,JAS
2024,1.2177588780086173,1.1865986433997722,NE006005,2,JAS
2025,1.094175065505473,1.0615310102009685,NE006005,2,JAS
2026,0.6089636714264752,0.5748357954263115,NE006005,2,JAS
1981,0.8754490774071413,0.9720044333802282,NE006005,2,ASO
1982,0.9696689351984591,1.0618354113545885,NE006005,2,ASO
1983,0.6685025354951728,0.7562801318343428,NE006005,2,ASO
1984,0.5373440307665889,0.6207327472888013,NE006005,2,ASO
1985,0.962153411749016,1.0411532484542692,NE006005,2,ASO
1986,0.7379367716101272,0.8125477284984227,NE006005,2,ASO
1987,0.6690663513229127,0.7392884283942489,NE006005,2,ASO
1988,0.9857802359364845,1.051613433190863,NE006005,2,ASO
1989,1.1253128468850226,1.186757164322442,NE006005,2,ASO
1990,0.5818143456913636,0.6388697833118235,NE006005,2,ASO
1991,0.6516005916343163,0.7042671494378187,NE006005,2,ASO
1992,0.8415719727207407,0.8898496507072837,NE006005,2,ASO
1993,0.5547201680301241,0.5986089661997096,NE006005,2,ASO
1994,1.1479448020378227,1.1874447203904488,NE006005,2,ASO
1995,0.9011972764849755,0.936308315020644,NE006005,2,ASO
1996,0.8324951395693069,0.8632172982880161,NE006005,2,ASO
1997,0.9062839521535528,0.9326172310553045,NE006005,2,ASO
1998,0.8865757628883619,0.9085201619731542,NE006005,2,ASO
1999,1.4037762272781058,1.4213317465459405,NE006005,2,ASO
2000,0.7761494125719939,0.7893160520228693,NE006005,2,ASO
2001,0.8772071854906667,0.8859849451245845,NE006005,2,ASO
2002,0.598375293208283,0.6027641730252414,NE006005,2,ASO
2003,1.011584137249262,1.011584137249261,NE006005,2,ASO
2004,0.7229310831493311,0.7185422033323726,NE006005,2,ASO
2005,0.9125881039188727,0.9038103442849549,NE006005,2,ASO
2006,0.8416227070587277,0.8284560676078523,NE006005,2,ASO
2007,0.9087881623887504,0.8912326431209157,NE006005,2,ASO
2008,0.9040496486754306,0.8821052495906383,NE006005,2,ASO
2009,0.6525622536808016,0.6262289747790499,NE006005,2,ASO
2010,1.10765388790691,1.0769317291882008,NE006005,2,ASO
2011,0.772803898989302,0.7376928604536335,NE006005,2,ASO
2012,1.2855371229370172,1.246037204584391,NE006005,2,ASO
2013,0.8396940973299195,0.795805299160334,NE006005,2,ASO
2014,0.9635052431630251,0.9152275651764803,NE006005,2,ASO
2015,1.0803750369143204,1.027708479110818,NE006005,2,ASO
2016,0.7830453632329583,0.7259899256124965,NE006005,2,ASO
2017,1.1671270106424694,1.10568269320505,NE006005,2,ASO
2018,1.0900162498752344,1.0241830526208557,NE006005,2,ASO
2019,1.134498007489049,1.0642759304177127,NE006005,2,ASO
2020,1.1818953804518384,1.1072844235635428,NE006005,2,ASO
2021,0.5001638795608443,0.42116404285559117,NE006005,2,ASO
2022,0.935315764724351,0.8519270482021385,NE006005,2,ASO
2023,0.9223012944076977,0.8345236980685277,NE006005,2,ASO
2024,1.0835388468500557,0.9913723706939264,NE006005,2,ASO
2025,0.8022281836236945,0.7056728276506058,NE006005,2,ASO
2026,0.4966116971432472,0.3956674613532009,NE006005,2,ASO
1981,0.2641951170124352,0.3056465799314222,NE006005,2,SON
1982,0.6271489822672704,0.6667162877808488,NE006005,2,SON
1983,0.1870220466123918,0.22470519472056183,NE006005,2,SON
1984,0.30469613918852545,0.3404951298912868,NE006005,2,SON
1985,0.40281674401225154,0.4367315773096046,NE006005,2,SON
1986,0.4155371087335369,0.44756778462548125,NE006005,2,SON
1987,0.38763255249076783,0.41777907097730393,NE006005,2,SON
1988,0.32782695187275324,0.35608931295388063,NE006005,2,SON
1989,0.4043792329788658,0.43075743665458494,NE006005,2,SON
1990,0.19877379761155364,0.22326784388186408,NE006005,2,SON
1991,-0.06727188432348025,-0.04466199545857852,NE006005,2,SON
1992,0.1467783749894085,0.16750410644890196,NE006005,2,SON
1993,0.18253088720842034,0.2013724612625051,NE006005,2,SON
1994,0.6693543784424666,0.686311795091143,NE006005,2,SON
1995,0.4240439432558443,0.4391172024991121,NE006005,2,SON
1996,0.41410229532460213,0.4272913971624617,NE006005,2,SON
1997,0.453168830230183,0.46447377466263384,NE006005,2,SON
1998,0.5934445189137231,0.6028653059407656,NE006005,2,SON
1999,0.5139277453868789,0.5214643750085128,NE006005,2,SON
2000,0.13099170072916785,0.13664417294539347,NE006005,2,SON
2001,0.36800213484203753,0.37177044965285444,NE006005,2,SON
2002,0.25809898017320054,0.2599831375786092,NE006005,2,SON
2003,0.3895939832253348,0.38959398322533473,NE006005,2,SON
2004,0.16618332782160777,0.16429917041619946,NE006005,2,SON
2005,0.4477616774730555,0.4439933626622385,NE006005,2,SON
2006,0.25031593070022856,0.24466345848400328,NE006005,2,SON
2007,0.38962593585428285,0.38208930623264886,NE006005,2,SON
2008,0.3356624108399122,0.32624162381287,NE006005,2,SON
2009,0.2074997616806139,0.19619481724816296,NE006005,2,SON
2010,0.42321001232296707,0.41002091048510786,NE006005,2,SON
2011,0.2738861868822824,0.2588129276390145,NE006005,2,SON
2012,0.17031507313856417,0.153357656489888,NE006005,2,SON
2013,0.16817645482847524,0.14933488077439036,NE006005,2,SON
2014,0.29565240144347105,0.2749266699839779,NE006005,2,SON
2015,0.5473167771114514,0.5247068882465495,NE006005,2,SON
2016,0.20037211529119775,0.17587806902088765,NE006005,2,SON
2017,0.3145488205161443,0.2881706168404255,NE006005,2,SON
2018,0.46442683489211234,0.4361644738109853,NE006005,2,SON
2019,0.32816974591371173,0.29802322742717596,NE006005,2,SON
2020,0.5375690411817533,0.5055383652898089,NE006005,2,SON
2021,0.16498937086583224,0.1310745375684795,NE006005,2,SON
2022,0.5059744799275296,0.4701754892247682,NE006005,2,SON
2023,0.5025538761843827,0.46487072807621305,NE006005,2,SON
2024,0.7003907360866731,0.6608234305730947,NE006005,2,SON
2025,0.47181515897867066,0.430363696059684,NE006005,2,SON
2026,0.27267129410408125,0.2293356737796859,NE006005,2,SON
1981,1.0099879916168162,1.0170423352436466,NE002004,2,JAS
1982,1.306777276626245,1.3135109682700379,NE002004,2,JAS
1983,0.8589706381589782,0.8653836778197334,NE002004,2,JAS
1984,0.48497631601479907,0.4910687036925163,NE002004,2,JAS
1985,1.191606529544387,1.1973782652390663,NE002004,2,JAS
1986,0.9433396467759342,0.9487907304875759,NE002004,2,JAS
1987,1.0387544779769553,1.0438849097055594,NE002004,2,JAS
1988,1.5600453504509735,1.5648551301965399,NE002004,2,JAS
1989,1.1934019927430444,1.197891120505573,NE002004,2,JAS
1990,1.0187733916295796,1.0229418674090702,NE002004,2,JAS
1991,1.0022199996356538,1.0060678234321068,NE002004,2,JAS
1992,1.2877240271986772,1.2912511990120925,NE002004,2,JAS
1993,0.7129358097163847,0.7161423295467624,NE002004,2,JAS
1994,1.6426581737197534,1.6455440415670932,NE002004,2,JAS
1995,1.1370254861972118,1.1395907020615137,NE002004,2,JAS
1996,0.8458716637357094,0.8481162276169737,NE002004,2,JAS
1997,0.8304688162869615,0.8323927281851881,NE002004,2,JAS
1998,1.4265774109218907,1.4281806708370797,NE002004,2,JAS
1999,1.5439160555189444,1.5451986634510955,NE002004,2,JAS
2000,0.9682076440055629,0.9691695999546763,NE002004,2,JAS
2001,0.8802511138982325,0.880892417864308,NE002004,2,JAS
2002,0.8772038739671426,0.8775245259501805,NE002004,2,JAS
2003,0.9755742376135216,0.9755742376135218,NE002004,2,JAS
2004,0.9227861831258873,0.9224655311428499,NE002004,2,JAS
2005,1.1593279685195097,1.1586866645534344,NE002004,2,JAS
2006,0.8378139067602225,0.8368519508111093,NE002004,2,JAS
2007,1.0656736276228038,1.064391019690653,NE002004,2,JAS
2008,0.9990766149388259,0.9974733550236374,NE002004,2,JAS
2009,0.9224270557254539,0.9205031438272278,NE002004,2,JAS
2010,1.470023090168549,1.467778526287285,NE002004,2,JAS
2011,0.8503778535691243,0.8478126377048224,NE002004,2,JAS
2012,0.8790350890345869,0.8761492211872474,NE002004,2,JAS
2013,0.807385037888909,0.8041785180585318,NE002004,2,JAS
2014,1.1418867157549644,1.1383595439415495,NE002004,2,JAS
2015,1.1602714203851034,1.1564235965886507,NE002004,2,JAS
2016,1.1792412066396156,1.175072730860125,NE002004,2,JAS
2017,1.0499081949176905,1.0454190671551622,NE002004,2,JAS
2018,1.1639314632053777,1.1591216834598117,NE002004,2,JAS
2019,1.1305625110491084,1.1254320793205048,NE002004,2,JAS
2020,1.0053136345080533,0.9998625507964118,NE002004,2,JAS
2021,1.004645625875917,0.998873890181238,NE002004,2,JAS
2022,1.1536933435371752,1.1476009558594582,NE002004,2,JAS
2023,0.8342658774621665,0.8278528378014118,NE002004,2,JAS
2024,1.58871644045251,1.5819827488087177,NE002004,2,JAS
2025,0.9124810376160801,0.9054266939892501,NE002004,2,JAS
2026,0.44573402202650836,0.4383590264166405,NE002004,2,JAS
1981,0.5146697786588681,0.5779831784018724,NE002004,2,ASO
1982,1.204256880246579,1.2646923981830835,NE002004,2,ASO
1983,0.6109213487850988,0.668478984915103,NE002004,2,ASO
1984,0.3662785958074013,0.420958350130905,NE002004,2,ASO
1985,0.9429498614000891,0.9947517339170932,NE002004,2,ASO
1986,0.7520524916362592,0.8009764823467628,NE002004,2,ASO
1987,0.8447032359055503,0.8907493448095534,NE002004,2,ASO
1988,1.3679603072156916,1.4111285343131952,NE002004,2,ASO
1989,1.035498522192129,1.0757888674831317,NE002004,2,ASO
1990,0.6255549404168887,0.6629674039013912,NE002004,2,ASO
1991,0.7476348948494642,0.782169476527467,NE002004,2,ASO
1992,1.1235243449686514,1.1551810448401536,NE002004,2,ASO
1993,0.5753248946732854,0.6041037127382872,NE002004,2,ASO
1994,1.4836356811175206,1.509536617376023,NE002004,2,ASO
1995,0.9265201138448372,0.9495431682968389,NE002004,2,ASO
1996,0.6814405329673205,0.7015857056128217,NE002004,2,ASO
1997,0.6721527613584937,0.6894200521974952,NE002004,2,ASO
1998,1.2206718534096455,1.2350612624421466,NE002004,2,ASO
1999,1.3111706735951343,1.3226822008211347,NE002004,2,ASO
2000,0.4854326692823781,0.49406631470187906,NE002004,2,ASO
2001,0.6569072928852046,0.662663056498205,NE002004,2,ASO
2002,0.6717348788195188,0.6746127606260196,NE002004,2,ASO
2003,0.789910921257605,0.7899109212576053,NE002004,2,ASO
2004,0.7175284475660209,0.7146505657595207,NE002004,2,ASO
2005,0.9275708331352817,0.9218150695222819,NE002004,2,ASO
2006,0.7196367475898691,0.7110031021703688,NE002004,2,ASO
2007,0.8990995153573935,0.8875879881313927,NE002004,2,ASO
2008,0.8991776332035716,0.8847882241710712,NE002004,2,ASO
2009,0.8683734570848796,0.8511061662458786,NE002004,2,ASO
2010,1.1002094597624401,1.0800642871169388,NE002004,2,ASO
2011,0.7632856218131268,0.7402625673611257,NE002004,2,ASO
2012,0.7142214036153289,0.6883204673568274,NE002004,2,ASO
2013,0.7545057882741172,0.7257269702091151,NE002004,2,ASO
2014,1.018380907067827,0.9867242071963253,NE002004,2,ASO
2015,1.0617324140966382,1.027197832418636,NE002004,2,ASO
2016,0.8405977003113009,0.8031852368267982,NE002004,2,ASO
2017,0.8753683699406751,0.8350780246496728,NE002004,2,ASO
2018,1.0879710305111976,1.044802803413695,NE002004,2,ASO
2019,1.0649838972239336,1.0189377883199304,NE002004,2,ASO
2020,0.9134977981050221,0.8645738073945192,NE002004,2,ASO
2021,0.7659691845609313,0.7141673120439279,NE002004,2,ASO
2022,0.8758575040037996,0.8211777496802957,NE002004,2,ASO
2023,0.8378168584390047,0.7802592223090011,NE002004,2,ASO
2024,1.5112386725533247,1.4508031546168207,NE002004,2,ASO
2025,0.6702521373490566,0.6069387376060521,NE002004,2,ASO
2026,0.40721045084938595,0.34101916929988174,NE002004,2,ASO
1981,0.21240172351417336,0.2116621522728473,NE002004,2,SON
1982,0.21434884894898304,0.2136428945822627,NE002004,2,SON
1983,0.12558051087557082,0.12490817338345622,NE002004,2,SON
1984,0.16411414121092183,0.16347542059341297,NE002004,2,SON
1985,0.4771999368261354,0.47659483308323225,NE002004,2,SON
1986,0.34432440350124044,0.34375291663294305,NE002004,2,SON
1987,0.3661845231872739,0.3656466531935822,NE002004,2,SON
1988,0.306066814555252,0.305562561436166,NE002004,2,SON
1989,0.44654724676232305,0.4460766105178428,NE002004,2,SON
1990,0.19152888207108143,0.19109186270120693,NE002004,2,SON
1991,0.12363108188683897,0.1232276793915702,NE002004,2,SON
1992,0.5478257800224744,0.5474559944018114,NE002004,2,SON
1993,0.21253308638779023,0.21219691764173293,NE002004,2,SON
1994,0.8254700802420982,0.8251675283706466,NE002004,2,SON
1995,0.25955806710181756,0.2592891321049717,NE002004,2,SON
1996,0.40869908658612103,0.4084637684638809,NE002004,2,SON
1997,0.2049912031970226,0.2047895019493882,NE002004,2,SON
1998,0.6815098740297791,0.6813417896567504,NE002004,2,SON
1999,0.47680843728469186,0.47667396978626886,NE002004,2,SON
2000,0.09971717031376012,0.09961631968994292,NE002004,2,SON
2001,0.3943595906754607,0.3942923569262492,NE002004,2,SON
2002,0.23714344781412147,0.23710983093951568,NE002004,2,SON
2003,0.3226137746820704,0.32261377468207036,NE002004,2,SON
2004,0.13635257887609892,0.1363861957507046,NE002004,2,SON
2005,0.27077615380950437,0.2708433875587158,NE002004,2,SON
2006,0.30561947832800324,0.30572032895182033,NE002004,2,SON
2007,0.3475490719935848,0.3476835394920077,NE002004,2,SON
2008,0.335515148129958,0.33568323250298654,NE002004,2,SON
2009,0.2486090871697221,0.2488107884173564,NE002004,2,SON
2010,0.3272041031135335,0.3274394212357735,NE002004,2,SON
2011,0.21545606243044774,0.2157249974272935,NE002004,2,SON
2012,0.0807070079601527,0.08100955983160421,NE002004,2,SON
2013,0.23918720526608772,0.2395233740121449,NE002004,2,SON
2014,0.38051732265357924,0.38088710827424216,NE002004,2,SON
2015,0.38831471671410733,0.388718119209376,NE002004,2,SON
2016,0.22631818801449344,0.22675520738436783,NE002004,2,SON
2017,0.12894595207806617,0.1294165883225463,NE002004,2,SON
2018,0.3879866092454799,0.38849086236456576,NE002004,2,SON
2019,0.30294948275652545,0.30348735275021704,NE002004,2,SON
2020,0.2581112780107141,0.2586827648790114,NE002004,2,SON
2021,0.1314478795062084,0.1320529832491114,NE002004,2,SON
2022,0.37500450013219494,0.3756432207497037,NE002004,2,SON
2023,0.25952523956178125,0.26019757705389573,NE002004,2,SON
2024,0.6524798299127481,0.6531857842794684,NE002004,2,SON
2025,0.35167074034352086,0.3524103115848468,NE002004,2,SON
2026,0.1973688200212439,0.19814200813717558,NE002004,2,SON
1981,1.1679238736707387,1.1826586705535407,NE002001,2,JAS
1982,1.2041473620795011,1.2182123954676303,NE002001,2,JAS
1983,0.915758434229131,0.9291537041225872,NE002001,2,JAS
1984,0.6175195077228592,0.6302450141216429,NE002001,2,JAS
1985,1.1960173526357467,1.2080730955398575,NE002001,2,JAS
1986,1.1138780380477564,1.1252640174571944,NE002001,2,JAS
1987,1.079975403255115,1.0906916191698801,NE002001,2,JAS
1988,1.7496392894494088,1.759685741869501,NE002001,2,JAS
1989,1.3268911221382194,1.3362678110636388,NE002001,2,JAS
1990,1.0755648465885523,1.0842717720192991,NE002001,2,JAS
1991,1.1549945790406,1.163031740976674,NE002001,2,JAS
1992,1.2421696368858617,1.2495370353272628,NE002001,2,JAS
1993,0.9313791360063061,0.9380767709530343,NE002001,2,JAS
1994,1.7286107648066729,1.7346386362587283,NE002001,2,JAS
1995,1.416339842113555,1.4216979500709375,NE002001,2,JAS
1996,1.1349323350714133,1.1396206795341233,NE002001,2,JAS
1997,0.9811877185148195,0.9852062994828565,NE002001,2,JAS
1998,1.3868695068645966,1.3902183243379609,NE002001,2,JAS
1999,1.6251231074859158,1.6278021614646072,NE002001,2,JAS
2000,1.032337203532351,1.0343464940163696,NE002001,2,JAS
2001,1.0141957866796454,1.015535313668991,NE002001,2,JAS
2002,1.061567066660584,1.0622368301552572,NE002001,2,JAS
2003,1.1545423717968526,1.1545423717968528,NE002001,2,JAS
2004,0.9294395140757531,0.9287697505810805,NE002001,2,JAS
2005,1.2025408678847493,1.2012013408954039,NE002001,2,JAS
2006,0.8498383266492673,0.847829036165249,NE002001,2,JAS
2007,1.1322126969582866,1.1295336429795955,NE002001,2,JAS
2008,1.0408478943646575,1.0374990768912937,NE002001,2,JAS
2009,0.9532130227613804,0.9491944417933438,NE002001,2,JAS
2010,1.410356821382551,1.4056684769198415,NE002001,2,JAS
2011,0.880462514607062,0.8751044066496797,NE002001,2,JAS
2012,1.0632792013328267,1.0572513298807715,NE002001,2,JAS
2013,0.9104859789943429,0.9037883440476149,NE002001,2,JAS
2014,1.1738065965731301,1.1664391981317292,NE002001,2,JAS
2015,1.2075063689812362,1.1994692070451627,NE002001,2,JAS
2016,1.351809704433258,1.3431027790025116,NE002001,2,JAS
2017,1.1400216943788604,1.1306450054534412,NE002001,2,JAS
2018,1.3092228748567287,1.2991764224366367,NE002001,2,JAS
2019,1.212303923672533,1.2015877077577681,NE002001,2,JAS
2020,1.2531092139732087,1.241723234563771,NE002001,2,JAS
2021,1.1745037219316121,1.1624479790275017,NE002001,2,JAS
2022,1.143031266467505,1.1303057600687219,NE002001,2,JAS
2023,1.0084006835107244,0.9950054136172684,NE002001,2,JAS
2024,1.7185201842097784,1.7044551508216494,NE002001,2,JAS
2025,1.023776058680708,1.0090412617979063,NE002001,2,JAS
2026,0.7876377152916905,0.7722331549142158,NE002001,2,JAS
1981,0.6008159485673799,0.6856286143961932,NE002001,2,ASO
1982,1.0957272041137438,1.1766847487685204,NE002001,2,ASO
1983,0.6607627213627181,0.7378651448434579,NE002001,2,ASO
1984,0.3660344476710664,0.4392817499777686,NE002001,2,ASO
1985,0.9249134740812871,0.9943056552139525,NE002001,2,ASO
1986,0.8737701364999766,0.9393071964586053,NE002001,2,ASO
1987,0.8575835367262206,0.9192654755108125,NE002001,2,ASO
1988,1.5643592795452252,1.6221860971557804,NE002001,2,ASO
1989,1.1723266011517928,1.2262982975883103,NE002001,2,ASO
1990,0.7073677833615133,0.7574843586239941,NE002001,2,ASO
1991,0.9032912930111796,0.9495527470996237,NE002001,2,ASO
1992,1.0107250072305225,1.0531313401449298,NE002001,2,ASO
1993,0.7597255551819817,0.7982767669223523,NE002001,2,ASO
1994,1.5581459381222498,1.5928420286885827,NE002001,2,ASO
1995,1.25985341651127,1.2906943859035662,NE002001,2,ASO
1996,0.9462182427602465,0.9732040909785059,NE002001,2,ASO
1997,0.770707153641933,0.7938378806861557,NE002001,2,ASO
1998,1.2195955997223775,1.2388712055925635,NE002001,2,ASO
1999,1.4173747406145294,1.4327952253106777,NE002001,2,ASO
2000,0.4890277699641594,0.500593133486271,NE002001,2,ASO
2001,0.7533566338715325,0.7610668762196073,NE002001,2,ASO
2002,0.7798302693755844,0.7836853905496225,NE002001,2,ASO
2003,0.9631605566886319,0.9631605566886332,NE002001,2,ASO
2004,0.6945656533829372,0.6907105322089009,NE002001,2,ASO
2005,1.007963417801283,1.00025317545321,NE002001,2,ASO
2006,0.6799500755310699,0.6683847120089601,NE002001,2,ASO
2007,0.8922661499270854,0.8768456652309389,NE002001,2,ASO
2008,0.9337884528575084,0.9145128469873252,NE002001,2,ASO
2009,0.8539284937847536,0.8307977667405335,NE002001,2,ASO
2010,1.144132090340192,1.1171462421219343,NE002001,2,ASO
2011,0.751122840576256,0.7202818711839616,NE002001,2,ASO
2012,0.9139500129739073,0.8792539224075762,NE002001,2,ASO
2013,0.7978809811412861,0.7593297694009182,NE002001,2,ASO
2014,1.0175665896436716,0.975160256729267,NE002001,2,ASO
2015,1.1145157075754926,1.0682542534870503,NE002001,2,ASO
2016,0.9728367117631802,0.9227201365007012,NE002001,2,ASO
2017,0.9374362884166867,0.8834645919801709,NE002001,2,ASO
2018,1.2423142070582893,1.1844873894477368,NE002001,2,ASO
2019,1.1178796687164039,1.0561977299318146,NE002001,2,ASO
2020,1.1286899002827706,1.0631528403241437,NE002001,2,ASO
2021,0.9164987193573138,0.8471065382246501,NE002001,2,ASO
2022,0.9731204713504136,0.8998731690437132,NE002001,2,ASO
2023,0.9337285088621295,0.8566260853813924,NE002001,2,ASO
2024,1.640132969955806,1.5591754253010321,NE002001,2,ASO
2025,0.8135053513452151,0.7286926855164035,NE002001,2,ASO
2026,0.6178797396732464,0.5292119526703981,NE002001,2,ASO
1981,0.2735599493690118,0.2603701306473603,NE002001,2,SON
1982,0.2855215273026186,0.2729312457955877,NE002001,2,SON
1983,0.15307170448853435,0.14108096019612382,NE002001,2,SON
1984,0.20708105154174353,0.19568984446395357,NE002001,2,SON
1985,0.44031266984199546,0.4295209999788261,NE002001,2,SON
1986,0.3660866257135713,0.3558944930650225,NE002001,2,SON
1987,0.4447103416313437,0.4351177461974155,NE002001,2,SON
1988,0.43483387789299377,0.4258408196736859,NE002001,2,SON
1989,0.5789507630593262,0.570557242054639,NE002001,2,SON
1990,0.2987724125050266,0.29097842871495994,NE002001,2,SON
1991,0.21556103678500388,0.20836659020955778,NE002001,2,SON
1992,0.4841268407981029,0.4775319314372772,NE002001,2,SON
1993,0.3738675064659017,0.36787213431969656,NE002001,2,SON
1994,0.9795152827324736,0.974119447800889,NE002001,2,SON
1995,0.40477781786185624,0.39998152014489224,NE002001,2,SON
1996,0.6108214074982449,0.6066246469959015,NE002001,2,SON
1997,0.28884258845618416,0.2852453651684611,NE002001,2,SON
1998,0.7567806530332952,0.7537829669601928,NE002001,2,SON
1999,0.5990561103451186,0.5966579614866367,NE002001,2,SON
2000,0.11697846401635786,0.11517985237249656,NE002001,2,SON
2001,0.43083164760984316,0.4296325731806022,NE002001,2,SON
2002,0.290735570135752,0.29013603292113166,NE002001,2,SON
2003,0.40630668947714843,0.40630668947714865,NE002001,2,SON
2004,0.13212449338328633,0.13272403059790713,NE002001,2,SON
2005,0.3317461389634209,0.3329452133926623,NE002001,2,SON
2006,0.3471976160694033,0.34899622771326505,NE002001,2,SON
2007,0.3442199545519793,0.3466181034104616,NE002001,2,SON
2008,0.32485748156110666,0.3278551676342096,NE002001,2,SON
2009,0.2464668337439989,0.2500640570317224,NE002001,2,SON
2010,0.402435016485455,0.40663177698779884,NE002001,2,SON
2011,0.24447386656003456,0.249270164276999,NE002001,2,SON
2012,0.07421228959215781,0.07960812452374283,NE002001,2,SON
2013,0.24625576442254737,0.252251136568753,NE002001,2,SON
2014,0.43585585206577065,0.44245076142659684,NE002001,2,SON
2015,0.48687845449901757,0.4940729010744641,NE002001,2,SON
2016,0.29191121774991713,0.29970520153998426,NE002001,2,SON
2017,0.11677323131928458,0.12516675232397229,NE002001,2,SON
2018,0.5265068409804973,0.5354998991998056,NE002001,2,SON
2019,0.41096065151342465,0.4205532469473533,NE002001,2,SON
2020,0.36379462276538654,0.3739867554139358,NE002001,2,SON
2021,0.169034901854233,0.17982657171740282,NE002001,2,SON
2022,0.44043360887309363,0.45182481595088403,NE002001,2,SON
2023,0.3021033677352175,0.3140941120276285,NE002001,2,SON
2024,0.7026445487050113,0.7152348302120426,NE002001,2,SON
2025,0.38545244479545776,0.3986422635171097,NE002001,2,SON
2026,0.31429159453659616,0.32808095047286867,NE002001,2,SON
